temp,formula,target,class,source,entry,sum_Number,sum_MendeleevNumber,sum_AtomicWeight,sum_MeltingT,sum_Column,sum_Row,sum_CovalentRadius,sum_Electronegativity,sum_NsValence,sum_NpValence,sum_NdValence,sum_NfValence,sum_NValence,sum_NsUnfilled,sum_NpUnfilled,sum_NdUnfilled,sum_NfUnfilled,sum_NUnfilled,sum_GSvolume_pa,sum_GSbandgap,sum_GSmagmom,sum_SpaceGroupNumber,avg_Number,avg_MendeleevNumber,avg_AtomicWeight,avg_MeltingT,avg_Column,avg_Row,avg_CovalentRadius,avg_Electronegativity,avg_NsValence,avg_NpValence,avg_NdValence,avg_NfValence,avg_NValence,avg_NsUnfilled,avg_NpUnfilled,avg_NdUnfilled,avg_NfUnfilled,avg_NUnfilled,avg_GSvolume_pa,avg_GSbandgap,avg_GSmagmom,avg_SpaceGroupNumber,dev_Number,dev_MendeleevNumber,dev_AtomicWeight,dev_MeltingT,dev_Column,dev_Row,dev_CovalentRadius,dev_Electronegativity,dev_NsValence,dev_NpValence,dev_NdValence,dev_NfValence,dev_NValence,dev_NsUnfilled,dev_NpUnfilled,dev_NdUnfilled,dev_NfUnfilled,dev_NUnfilled,dev_GSvolume_pa,dev_GSbandgap,dev_GSmagmom,dev_SpaceGroupNumber,range_Number,range_MendeleevNumber,range_AtomicWeight,range_MeltingT,range_Column,range_Row,range_CovalentRadius,range_Electronegativity,range_NsValence,range_NpValence,range_NdValence,range_NfValence,range_NValence,range_NsUnfilled,range_NpUnfilled,range_NdUnfilled,range_NfUnfilled,range_NUnfilled,range_GSvolume_pa,range_GSbandgap,range_GSmagmom,range_SpaceGroupNumber,max_Number,max_MendeleevNumber,max_AtomicWeight,max_MeltingT,max_Column,max_Row,max_CovalentRadius,max_Electronegativity,max_NsValence,max_NpValence,max_NdValence,max_NfValence,max_NValence,max_NsUnfilled,max_NpUnfilled,max_NdUnfilled,max_NfUnfilled,max_NUnfilled,max_GSvolume_pa,max_GSbandgap,max_GSmagmom,max_SpaceGroupNumber,min_Number,min_MendeleevNumber,min_AtomicWeight,min_MeltingT,min_Column,min_Row,min_CovalentRadius,min_Electronegativity,min_NsValence,min_NpValence,min_NdValence,min_NfValence,min_NValence,min_NsUnfilled,min_NpUnfilled,min_NdUnfilled,min_NfUnfilled,min_NUnfilled,min_GSvolume_pa,min_GSbandgap,min_GSmagmom,min_SpaceGroupNumber,mode_Number,mode_MendeleevNumber,mode_AtomicWeight,mode_MeltingT,mode_Column,mode_Row,mode_CovalentRadius,mode_Electronegativity,mode_NsValence,mode_NpValence,mode_NdValence,mode_NfValence,mode_NValence,mode_NsUnfilled,mode_NpUnfilled,mode_NdUnfilled,mode_NfUnfilled,mode_NUnfilled,mode_GSvolume_pa,mode_GSbandgap,mode_GSmagmom,mode_SpaceGroupNumber
300,CaMnO3,-1.698970004,0,Mgaultois/Sparks,Peer-reviewed literature,69.0,320.0,143.01424500000002,2798.4,57.0,14.0,513.0,12.870000000000001,10.0,12.0,5.0,0.0,27.0,0.0,6.0,5.0,0.0,11.0,75.5725862069,0.0,0.000310120689655,478.0,13.8,64.0,28.602849,559.68,11.4,2.8,102.6,2.574,2.0,2.4,1.0,0.0,5.4,0.0,1.2,1.0,0.0,2.2,15.11451724138,0.0,6.2024137931e-05,95.60000000000001,6.96,27.6,15.1241388,605.856,5.52,0.96,43.92,1.0392000000000001,0.0,1.92,1.6,0.0,1.3599999999999999,0.0,0.96,1.6,0.0,1.12,9.062193103448,0.0,9.923862068959999e-05,100.32,17.0,80.0,38.938645,1464.2,14.0,2.0,110.0,2.44,0.0,4.0,5.0,0.0,5.0,0.0,2.0,5.0,0.0,5.0,28.665000000000003,0.0,0.000310120689655,213.0,25.0,87.0,54.938045,1519.0,16.0,4.0,176.0,3.44,2.0,4.0,5.0,0.0,7.0,0.0,2.0,5.0,0.0,5.0,37.77,0.0,0.000310120689655,225.0,8.0,7.0,15.9994,54.8,2.0,2.0,66.0,1.0,2.0,0.0,0.0,0.0,2.0,0.0,0.0,0.0,0.0,0.0,9.105,0.0,0.0,12.0,8.0,87.0,15.9994,54.8,16.0,2.0,66.0,3.44,2.0,4.0,0.0,0.0,6.0,0.0,2.0,0.0,0.0,2.0,9.105,0.0,0.0,12.0
400,CaMnO3,-1.698970004,0,Mgaultois/Sparks,Peer-reviewed literature,69.0,320.0,143.01424500000002,2798.4,57.0,14.0,513.0,12.870000000000001,10.0,12.0,5.0,0.0,27.0,0.0,6.0,5.0,0.0,11.0,75.5725862069,0.0,0.000310120689655,478.0,13.8,64.0,28.602849,559.68,11.4,2.8,102.6,2.574,2.0,2.4,1.0,0.0,5.4,0.0,1.2,1.0,0.0,2.2,15.11451724138,0.0,6.2024137931e-05,95.60000000000001,6.96,27.6,15.1241388,605.856,5.52,0.96,43.92,1.0392000000000001,0.0,1.92,1.6,0.0,1.3599999999999999,0.0,0.96,1.6,0.0,1.12,9.062193103448,0.0,9.923862068959999e-05,100.32,17.0,80.0,38.938645,1464.2,14.0,2.0,110.0,2.44,0.0,4.0,5.0,0.0,5.0,0.0,2.0,5.0,0.0,5.0,28.665000000000003,0.0,0.000310120689655,213.0,25.0,87.0,54.938045,1519.0,16.0,4.0,176.0,3.44,2.0,4.0,5.0,0.0,7.0,0.0,2.0,5.0,0.0,5.0,37.77,0.0,0.000310120689655,225.0,8.0,7.0,15.9994,54.8,2.0,2.0,66.0,1.0,2.0,0.0,0.0,0.0,2.0,0.0,0.0,0.0,0.0,0.0,9.105,0.0,0.0,12.0,8.0,87.0,15.9994,54.8,16.0,2.0,66.0,3.44,2.0,4.0,0.0,0.0,6.0,0.0,2.0,0.0,0.0,2.0,9.105,0.0,0.0,12.0
700,CaMnO3,-0.383365025,0,Mgaultois/Sparks,Peer-reviewed literature,69.0,320.0,143.01424500000002,2798.4,57.0,14.0,513.0,12.870000000000001,10.0,12.0,5.0,0.0,27.0,0.0,6.0,5.0,0.0,11.0,75.5725862069,0.0,0.000310120689655,478.0,13.8,64.0,28.602849,559.68,11.4,2.8,102.6,2.574,2.0,2.4,1.0,0.0,5.4,0.0,1.2,1.0,0.0,2.2,15.11451724138,0.0,6.2024137931e-05,95.60000000000001,6.96,27.6,15.1241388,605.856,5.52,0.96,43.92,1.0392000000000001,0.0,1.92,1.6,0.0,1.3599999999999999,0.0,0.96,1.6,0.0,1.12,9.062193103448,0.0,9.923862068959999e-05,100.32,17.0,80.0,38.938645,1464.2,14.0,2.0,110.0,2.44,0.0,4.0,5.0,0.0,5.0,0.0,2.0,5.0,0.0,5.0,28.665000000000003,0.0,0.000310120689655,213.0,25.0,87.0,54.938045,1519.0,16.0,4.0,176.0,3.44,2.0,4.0,5.0,0.0,7.0,0.0,2.0,5.0,0.0,5.0,37.77,0.0,0.000310120689655,225.0,8.0,7.0,15.9994,54.8,2.0,2.0,66.0,1.0,2.0,0.0,0.0,0.0,2.0,0.0,0.0,0.0,0.0,0.0,9.105,0.0,0.0,12.0,8.0,87.0,15.9994,54.8,16.0,2.0,66.0,3.44,2.0,4.0,0.0,0.0,6.0,0.0,2.0,0.0,0.0,2.0,9.105,0.0,0.0,12.0
1000,CaMnO3,0.750826438,0,Mgaultois/Sparks,Peer-reviewed literature,69.0,320.0,143.01424500000002,2798.4,57.0,14.0,513.0,12.870000000000001,10.0,12.0,5.0,0.0,27.0,0.0,6.0,5.0,0.0,11.0,75.5725862069,0.0,0.000310120689655,478.0,13.8,64.0,28.602849,559.68,11.4,2.8,102.6,2.574,2.0,2.4,1.0,0.0,5.4,0.0,1.2,1.0,0.0,2.2,15.11451724138,0.0,6.2024137931e-05,95.60000000000001,6.96,27.6,15.1241388,605.856,5.52,0.96,43.92,1.0392000000000001,0.0,1.92,1.6,0.0,1.3599999999999999,0.0,0.96,1.6,0.0,1.12,9.062193103448,0.0,9.923862068959999e-05,100.32,17.0,80.0,38.938645,1464.2,14.0,2.0,110.0,2.44,0.0,4.0,5.0,0.0,5.0,0.0,2.0,5.0,0.0,5.0,28.665000000000003,0.0,0.000310120689655,213.0,25.0,87.0,54.938045,1519.0,16.0,4.0,176.0,3.44,2.0,4.0,5.0,0.0,7.0,0.0,2.0,5.0,0.0,5.0,37.77,0.0,0.000310120689655,225.0,8.0,7.0,15.9994,54.8,2.0,2.0,66.0,1.0,2.0,0.0,0.0,0.0,2.0,0.0,0.0,0.0,0.0,0.0,9.105,0.0,0.0,12.0,8.0,87.0,15.9994,54.8,16.0,2.0,66.0,3.44,2.0,4.0,0.0,0.0,6.0,0.0,2.0,0.0,0.0,2.0,9.105,0.0,0.0,12.0
300,Ca0.98La0.02MnO3,1.336161432,0,Mgaultois/Sparks,Peer-reviewed literature,69.74000000000001,320.12,144.9907944,2799.96,57.019999999999996,14.04,513.62,12.872,10.0,12.0,5.02,0.0,27.02,0.0,6.0,5.18,0.0,11.18,75.5551362069,0.0,0.000310120689655,477.38,13.948,64.024,28.99815888,559.9920000000001,11.404,2.808,102.72400000000002,2.5744000000000002,2.0,2.4,1.004,0.0,5.404,0.0,1.2,1.036,0.0,2.2359999999999998,15.11102724138,0.0,6.2024137931e-05,95.47600000000001,7.137599999999999,27.571199999999997,15.598510656000002,606.2304,5.5152,0.9696,44.0688,1.0387199999999999,0.0,1.92,1.5983999999999998,0.0,1.3536000000000001,0.0,0.96,1.6493120000000001,0.0,1.159712,9.056609103448,0.0,9.923862068959999e-05,100.1712,49.0,80.0,122.90607000000001,1464.2,14.0,4.0,141.0,2.44,0.0,4.0,5.0,0.0,5.0,0.0,2.0,9.0,0.0,9.0,28.665000000000003,0.0,0.000310120689655,213.0,57.0,87.0,138.90547,1519.0,16.0,6.0,207.0,3.44,2.0,4.0,5.0,0.0,7.0,0.0,2.0,9.0,0.0,9.0,37.77,0.0,0.000310120689655,225.0,8.0,7.0,15.9994,54.8,2.0,2.0,66.0,1.0,2.0,0.0,0.0,0.0,2.0,0.0,0.0,0.0,0.0,0.0,9.105,0.0,0.0,12.0,8.0,87.0,15.9994,54.8,16.0,2.0,66.0,3.44,2.0,4.0,0.0,0.0,6.0,0.0,2.0,0.0,0.0,2.0,9.105,0.0,0.0,12.0
400,Ca0.98La0.02MnO3,1.336161432,0,Mgaultois/Sparks,Peer-reviewed literature,69.74000000000001,320.12,144.9907944,2799.96,57.019999999999996,14.04,513.62,12.872,10.0,12.0,5.02,0.0,27.02,0.0,6.0,5.18,0.0,11.18,75.5551362069,0.0,0.000310120689655,477.38,13.948,64.024,28.99815888,559.9920000000001,11.404,2.808,102.72400000000002,2.5744000000000002,2.0,2.4,1.004,0.0,5.404,0.0,1.2,1.036,0.0,2.2359999999999998,15.11102724138,0.0,6.2024137931e-05,95.47600000000001,7.137599999999999,27.571199999999997,15.598510656000002,606.2304,5.5152,0.9696,44.0688,1.0387199999999999,0.0,1.92,1.5983999999999998,0.0,1.3536000000000001,0.0,0.96,1.6493120000000001,0.0,1.159712,9.056609103448,0.0,9.923862068959999e-05,100.1712,49.0,80.0,122.90607000000001,1464.2,14.0,4.0,141.0,2.44,0.0,4.0,5.0,0.0,5.0,0.0,2.0,9.0,0.0,9.0,28.665000000000003,0.0,0.000310120689655,213.0,57.0,87.0,138.90547,1519.0,16.0,6.0,207.0,3.44,2.0,4.0,5.0,0.0,7.0,0.0,2.0,9.0,0.0,9.0,37.77,0.0,0.000310120689655,225.0,8.0,7.0,15.9994,54.8,2.0,2.0,66.0,1.0,2.0,0.0,0.0,0.0,2.0,0.0,0.0,0.0,0.0,0.0,9.105,0.0,0.0,12.0,8.0,87.0,15.9994,54.8,16.0,2.0,66.0,3.44,2.0,4.0,0.0,0.0,6.0,0.0,2.0,0.0,0.0,2.0,9.105,0.0,0.0,12.0
700,Ca0.98La0.02MnO3,1.186758628,0,Mgaultois/Sparks,Peer-reviewed literature,69.74000000000001,320.12,144.9907944,2799.96,57.019999999999996,14.04,513.62,12.872,10.0,12.0,5.02,0.0,27.02,0.0,6.0,5.18,0.0,11.18,75.5551362069,0.0,0.000310120689655,477.38,13.948,64.024,28.99815888,559.9920000000001,11.404,2.808,102.72400000000002,2.5744000000000002,2.0,2.4,1.004,0.0,5.404,0.0,1.2,1.036,0.0,2.2359999999999998,15.11102724138,0.0,6.2024137931e-05,95.47600000000001,7.137599999999999,27.571199999999997,15.598510656000002,606.2304,5.5152,0.9696,44.0688,1.0387199999999999,0.0,1.92,1.5983999999999998,0.0,1.3536000000000001,0.0,0.96,1.6493120000000001,0.0,1.159712,9.056609103448,0.0,9.923862068959999e-05,100.1712,49.0,80.0,122.90607000000001,1464.2,14.0,4.0,141.0,2.44,0.0,4.0,5.0,0.0,5.0,0.0,2.0,9.0,0.0,9.0,28.665000000000003,0.0,0.000310120689655,213.0,57.0,87.0,138.90547,1519.0,16.0,6.0,207.0,3.44,2.0,4.0,5.0,0.0,7.0,0.0,2.0,9.0,0.0,9.0,37.77,0.0,0.000310120689655,225.0,8.0,7.0,15.9994,54.8,2.0,2.0,66.0,1.0,2.0,0.0,0.0,0.0,2.0,0.0,0.0,0.0,0.0,0.0,9.105,0.0,0.0,12.0,8.0,87.0,15.9994,54.8,16.0,2.0,66.0,3.44,2.0,4.0,0.0,0.0,6.0,0.0,2.0,0.0,0.0,2.0,9.105,0.0,0.0,12.0
1000,Ca0.98La0.02MnO3,1.386322353,0,Mgaultois/Sparks,Peer-reviewed literature,69.74000000000001,320.12,144.9907944,2799.96,57.019999999999996,14.04,513.62,12.872,10.0,12.0,5.02,0.0,27.02,0.0,6.0,5.18,0.0,11.18,75.5551362069,0.0,0.000310120689655,477.38,13.948,64.024,28.99815888,559.9920000000001,11.404,2.808,102.72400000000002,2.5744000000000002,2.0,2.4,1.004,0.0,5.404,0.0,1.2,1.036,0.0,2.2359999999999998,15.11102724138,0.0,6.2024137931e-05,95.47600000000001,7.137599999999999,27.571199999999997,15.598510656000002,606.2304,5.5152,0.9696,44.0688,1.0387199999999999,0.0,1.92,1.5983999999999998,0.0,1.3536000000000001,0.0,0.96,1.6493120000000001,0.0,1.159712,9.056609103448,0.0,9.923862068959999e-05,100.1712,49.0,80.0,122.90607000000001,1464.2,14.0,4.0,141.0,2.44,0.0,4.0,5.0,0.0,5.0,0.0,2.0,9.0,0.0,9.0,28.665000000000003,0.0,0.000310120689655,213.0,57.0,87.0,138.90547,1519.0,16.0,6.0,207.0,3.44,2.0,4.0,5.0,0.0,7.0,0.0,2.0,9.0,0.0,9.0,37.77,0.0,0.000310120689655,225.0,8.0,7.0,15.9994,54.8,2.0,2.0,66.0,1.0,2.0,0.0,0.0,0.0,2.0,0.0,0.0,0.0,0.0,0.0,9.105,0.0,0.0,12.0,8.0,87.0,15.9994,54.8,16.0,2.0,66.0,3.44,2.0,4.0,0.0,0.0,6.0,0.0,2.0,0.0,0.0,2.0,9.105,0.0,0.0,12.0
300,Ca0.96La0.04MnO3,1.816573354,0,Mgaultois/Sparks,Peer-reviewed literature,70.48,320.24,146.9673438,2801.52,57.04,14.08,514.24,12.874,10.0,12.0,5.04,0.0,27.04,0.0,6.0,5.36,0.0,11.36,75.5376862069,0.0,0.000310120689655,476.76,14.096,64.048,29.393468760000005,560.304,11.408,2.816,102.84800000000001,2.5748,2.0,2.4,1.008,0.0,5.4079999999999995,0.0,1.2,1.072,0.0,2.2720000000000002,15.107537241380001,0.0,6.2024137931e-05,95.35200000000002,7.3152,27.5424,16.072882512000003,606.6048000000001,5.510400000000001,0.9791999999999998,44.217600000000004,1.0382399999999998,0.0,1.92,1.5968,0.0,1.3472000000000004,0.0,0.96,1.698048,0.0,1.1988480000000004,9.051025103448001,0.0,9.923862068959999e-05,100.0224,49.0,80.0,122.90607000000001,1464.2,14.0,4.0,141.0,2.44,0.0,4.0,5.0,0.0,5.0,0.0,2.0,9.0,0.0,9.0,28.665000000000003,0.0,0.000310120689655,213.0,57.0,87.0,138.90547,1519.0,16.0,6.0,207.0,3.44,2.0,4.0,5.0,0.0,7.0,0.0,2.0,9.0,0.0,9.0,37.77,0.0,0.000310120689655,225.0,8.0,7.0,15.9994,54.8,2.0,2.0,66.0,1.0,2.0,0.0,0.0,0.0,2.0,0.0,0.0,0.0,0.0,0.0,9.105,0.0,0.0,12.0,8.0,87.0,15.9994,54.8,16.0,2.0,66.0,3.44,2.0,4.0,0.0,0.0,6.0,0.0,2.0,0.0,0.0,2.0,9.105,0.0,0.0,12.0
400,Ca0.96La0.04MnO3,1.816573354,0,Mgaultois/Sparks,Peer-reviewed literature,70.48,320.24,146.9673438,2801.52,57.04,14.08,514.24,12.874,10.0,12.0,5.04,0.0,27.04,0.0,6.0,5.36,0.0,11.36,75.5376862069,0.0,0.000310120689655,476.76,14.096,64.048,29.393468760000005,560.304,11.408,2.816,102.84800000000001,2.5748,2.0,2.4,1.008,0.0,5.4079999999999995,0.0,1.2,1.072,0.0,2.2720000000000002,15.107537241380001,0.0,6.2024137931e-05,95.35200000000002,7.3152,27.5424,16.072882512000003,606.6048000000001,5.510400000000001,0.9791999999999998,44.217600000000004,1.0382399999999998,0.0,1.92,1.5968,0.0,1.3472000000000004,0.0,0.96,1.698048,0.0,1.1988480000000004,9.051025103448001,0.0,9.923862068959999e-05,100.0224,49.0,80.0,122.90607000000001,1464.2,14.0,4.0,141.0,2.44,0.0,4.0,5.0,0.0,5.0,0.0,2.0,9.0,0.0,9.0,28.665000000000003,0.0,0.000310120689655,213.0,57.0,87.0,138.90547,1519.0,16.0,6.0,207.0,3.44,2.0,4.0,5.0,0.0,7.0,0.0,2.0,9.0,0.0,9.0,37.77,0.0,0.000310120689655,225.0,8.0,7.0,15.9994,54.8,2.0,2.0,66.0,1.0,2.0,0.0,0.0,0.0,2.0,0.0,0.0,0.0,0.0,0.0,9.105,0.0,0.0,12.0,8.0,87.0,15.9994,54.8,16.0,2.0,66.0,3.44,2.0,4.0,0.0,0.0,6.0,0.0,2.0,0.0,0.0,2.0,9.105,0.0,0.0,12.0
700,Ca0.96La0.04MnO3,1.663974978,0,Mgaultois/Sparks,Peer-reviewed literature,70.48,320.24,146.9673438,2801.52,57.04,14.08,514.24,12.874,10.0,12.0,5.04,0.0,27.04,0.0,6.0,5.36,0.0,11.36,75.5376862069,0.0,0.000310120689655,476.76,14.096,64.048,29.393468760000005,560.304,11.408,2.816,102.84800000000001,2.5748,2.0,2.4,1.008,0.0,5.4079999999999995,0.0,1.2,1.072,0.0,2.2720000000000002,15.107537241380001,0.0,6.2024137931e-05,95.35200000000002,7.3152,27.5424,16.072882512000003,606.6048000000001,5.510400000000001,0.9791999999999998,44.217600000000004,1.0382399999999998,0.0,1.92,1.5968,0.0,1.3472000000000004,0.0,0.96,1.698048,0.0,1.1988480000000004,9.051025103448001,0.0,9.923862068959999e-05,100.0224,49.0,80.0,122.90607000000001,1464.2,14.0,4.0,141.0,2.44,0.0,4.0,5.0,0.0,5.0,0.0,2.0,9.0,0.0,9.0,28.665000000000003,0.0,0.000310120689655,213.0,57.0,87.0,138.90547,1519.0,16.0,6.0,207.0,3.44,2.0,4.0,5.0,0.0,7.0,0.0,2.0,9.0,0.0,9.0,37.77,0.0,0.000310120689655,225.0,8.0,7.0,15.9994,54.8,2.0,2.0,66.0,1.0,2.0,0.0,0.0,0.0,2.0,0.0,0.0,0.0,0.0,0.0,9.105,0.0,0.0,12.0,8.0,87.0,15.9994,54.8,16.0,2.0,66.0,3.44,2.0,4.0,0.0,0.0,6.0,0.0,2.0,0.0,0.0,2.0,9.105,0.0,0.0,12.0
1000,Ca0.96La0.04MnO3,1.653330243,0,Mgaultois/Sparks,Peer-reviewed literature,70.48,320.24,146.9673438,2801.52,57.04,14.08,514.24,12.874,10.0,12.0,5.04,0.0,27.04,0.0,6.0,5.36,0.0,11.36,75.5376862069,0.0,0.000310120689655,476.76,14.096,64.048,29.393468760000005,560.304,11.408,2.816,102.84800000000001,2.5748,2.0,2.4,1.008,0.0,5.4079999999999995,0.0,1.2,1.072,0.0,2.2720000000000002,15.107537241380001,0.0,6.2024137931e-05,95.35200000000002,7.3152,27.5424,16.072882512000003,606.6048000000001,5.510400000000001,0.9791999999999998,44.217600000000004,1.0382399999999998,0.0,1.92,1.5968,0.0,1.3472000000000004,0.0,0.96,1.698048,0.0,1.1988480000000004,9.051025103448001,0.0,9.923862068959999e-05,100.0224,49.0,80.0,122.90607000000001,1464.2,14.0,4.0,141.0,2.44,0.0,4.0,5.0,0.0,5.0,0.0,2.0,9.0,0.0,9.0,28.665000000000003,0.0,0.000310120689655,213.0,57.0,87.0,138.90547,1519.0,16.0,6.0,207.0,3.44,2.0,4.0,5.0,0.0,7.0,0.0,2.0,9.0,0.0,9.0,37.77,0.0,0.000310120689655,225.0,8.0,7.0,15.9994,54.8,2.0,2.0,66.0,1.0,2.0,0.0,0.0,0.0,2.0,0.0,0.0,0.0,0.0,0.0,9.105,0.0,0.0,12.0,8.0,87.0,15.9994,54.8,16.0,2.0,66.0,3.44,2.0,4.0,0.0,0.0,6.0,0.0,2.0,0.0,0.0,2.0,9.105,0.0,0.0,12.0
300,Ca0.94La0.06MnO3,1.914812637,1,Mgaultois/Sparks,Peer-reviewed literature,71.22,320.36,148.9438932,2803.08,57.06,14.120000000000001,514.86,12.876000000000001,10.0,12.0,5.06,0.0,27.060000000000002,0.0,6.0,5.54,0.0,11.54,75.5202362069,0.0,0.000310120689655,476.14,14.244,64.072,29.788778640000004,560.616,11.411999999999999,2.824,102.97200000000001,2.5752,2.0,2.4,1.012,0.0,5.412,0.0,1.2,1.108,0.0,2.308,15.104047241380002,0.0,6.2024137931e-05,95.22800000000001,7.4928,27.5136,16.547254368000004,606.9792,5.5056,0.9887999999999999,44.3664,1.03776,0.0,1.92,1.5952000000000002,0.0,1.3408,0.0,0.96,1.746208,0.0,1.237408,9.045441103448002,0.0,9.923862068959999e-05,99.87360000000001,49.0,80.0,122.90607000000001,1464.2,14.0,4.0,141.0,2.44,0.0,4.0,5.0,0.0,5.0,0.0,2.0,9.0,0.0,9.0,28.665000000000003,0.0,0.000310120689655,213.0,57.0,87.0,138.90547,1519.0,16.0,6.0,207.0,3.44,2.0,4.0,5.0,0.0,7.0,0.0,2.0,9.0,0.0,9.0,37.77,0.0,0.000310120689655,225.0,8.0,7.0,15.9994,54.8,2.0,2.0,66.0,1.0,2.0,0.0,0.0,0.0,2.0,0.0,0.0,0.0,0.0,0.0,9.105,0.0,0.0,12.0,8.0,87.0,15.9994,54.8,16.0,2.0,66.0,3.44,2.0,4.0,0.0,0.0,6.0,0.0,2.0,0.0,0.0,2.0,9.105,0.0,0.0,12.0
400,Ca0.94La0.06MnO3,1.914812637,1,Mgaultois/Sparks,Peer-reviewed literature,71.22,320.36,148.9438932,2803.08,57.06,14.120000000000001,514.86,12.876000000000001,10.0,12.0,5.06,0.0,27.060000000000002,0.0,6.0,5.54,0.0,11.54,75.5202362069,0.0,0.000310120689655,476.14,14.244,64.072,29.788778640000004,560.616,11.411999999999999,2.824,102.97200000000001,2.5752,2.0,2.4,1.012,0.0,5.412,0.0,1.2,1.108,0.0,2.308,15.104047241380002,0.0,6.2024137931e-05,95.22800000000001,7.4928,27.5136,16.547254368000004,606.9792,5.5056,0.9887999999999999,44.3664,1.03776,0.0,1.92,1.5952000000000002,0.0,1.3408,0.0,0.96,1.746208,0.0,1.237408,9.045441103448002,0.0,9.923862068959999e-05,99.87360000000001,49.0,80.0,122.90607000000001,1464.2,14.0,4.0,141.0,2.44,0.0,4.0,5.0,0.0,5.0,0.0,2.0,9.0,0.0,9.0,28.665000000000003,0.0,0.000310120689655,213.0,57.0,87.0,138.90547,1519.0,16.0,6.0,207.0,3.44,2.0,4.0,5.0,0.0,7.0,0.0,2.0,9.0,0.0,9.0,37.77,0.0,0.000310120689655,225.0,8.0,7.0,15.9994,54.8,2.0,2.0,66.0,1.0,2.0,0.0,0.0,0.0,2.0,0.0,0.0,0.0,0.0,0.0,9.105,0.0,0.0,12.0,8.0,87.0,15.9994,54.8,16.0,2.0,66.0,3.44,2.0,4.0,0.0,0.0,6.0,0.0,2.0,0.0,0.0,2.0,9.105,0.0,0.0,12.0
700,Ca0.94La0.06MnO3,1.76888885,1,Mgaultois/Sparks,Peer-reviewed literature,71.22,320.36,148.9438932,2803.08,57.06,14.120000000000001,514.86,12.876000000000001,10.0,12.0,5.06,0.0,27.060000000000002,0.0,6.0,5.54,0.0,11.54,75.5202362069,0.0,0.000310120689655,476.14,14.244,64.072,29.788778640000004,560.616,11.411999999999999,2.824,102.97200000000001,2.5752,2.0,2.4,1.012,0.0,5.412,0.0,1.2,1.108,0.0,2.308,15.104047241380002,0.0,6.2024137931e-05,95.22800000000001,7.4928,27.5136,16.547254368000004,606.9792,5.5056,0.9887999999999999,44.3664,1.03776,0.0,1.92,1.5952000000000002,0.0,1.3408,0.0,0.96,1.746208,0.0,1.237408,9.045441103448002,0.0,9.923862068959999e-05,99.87360000000001,49.0,80.0,122.90607000000001,1464.2,14.0,4.0,141.0,2.44,0.0,4.0,5.0,0.0,5.0,0.0,2.0,9.0,0.0,9.0,28.665000000000003,0.0,0.000310120689655,213.0,57.0,87.0,138.90547,1519.0,16.0,6.0,207.0,3.44,2.0,4.0,5.0,0.0,7.0,0.0,2.0,9.0,0.0,9.0,37.77,0.0,0.000310120689655,225.0,8.0,7.0,15.9994,54.8,2.0,2.0,66.0,1.0,2.0,0.0,0.0,0.0,2.0,0.0,0.0,0.0,0.0,0.0,9.105,0.0,0.0,12.0,8.0,87.0,15.9994,54.8,16.0,2.0,66.0,3.44,2.0,4.0,0.0,0.0,6.0,0.0,2.0,0.0,0.0,2.0,9.105,0.0,0.0,12.0
1000,Ca0.94La0.06MnO3,1.724925994,1,Mgaultois/Sparks,Peer-reviewed literature,71.22,320.36,148.9438932,2803.08,57.06,14.120000000000001,514.86,12.876000000000001,10.0,12.0,5.06,0.0,27.060000000000002,0.0,6.0,5.54,0.0,11.54,75.5202362069,0.0,0.000310120689655,476.14,14.244,64.072,29.788778640000004,560.616,11.411999999999999,2.824,102.97200000000001,2.5752,2.0,2.4,1.012,0.0,5.412,0.0,1.2,1.108,0.0,2.308,15.104047241380002,0.0,6.2024137931e-05,95.22800000000001,7.4928,27.5136,16.547254368000004,606.9792,5.5056,0.9887999999999999,44.3664,1.03776,0.0,1.92,1.5952000000000002,0.0,1.3408,0.0,0.96,1.746208,0.0,1.237408,9.045441103448002,0.0,9.923862068959999e-05,99.87360000000001,49.0,80.0,122.90607000000001,1464.2,14.0,4.0,141.0,2.44,0.0,4.0,5.0,0.0,5.0,0.0,2.0,9.0,0.0,9.0,28.665000000000003,0.0,0.000310120689655,213.0,57.0,87.0,138.90547,1519.0,16.0,6.0,207.0,3.44,2.0,4.0,5.0,0.0,7.0,0.0,2.0,9.0,0.0,9.0,37.77,0.0,0.000310120689655,225.0,8.0,7.0,15.9994,54.8,2.0,2.0,66.0,1.0,2.0,0.0,0.0,0.0,2.0,0.0,0.0,0.0,0.0,0.0,9.105,0.0,0.0,12.0,8.0,87.0,15.9994,54.8,16.0,2.0,66.0,3.44,2.0,4.0,0.0,0.0,6.0,0.0,2.0,0.0,0.0,2.0,9.105,0.0,0.0,12.0
300,Ca0.92La0.08MnO3,2.001474106,1,Mgaultois/Sparks,Peer-reviewed literature,71.96000000000001,320.48,150.9204426,2804.64,57.08,14.16,515.48,12.878,10.0,12.0,5.08,0.0,27.08,0.0,6.0,5.72,0.0,11.719999999999999,75.5027862069,0.0,0.000310120689655,475.52,14.392,64.096,30.184088520000003,560.928,11.416,2.832,103.096,2.5756,2.0,2.4,1.016,0.0,5.4159999999999995,0.0,1.2,1.1440000000000001,0.0,2.3440000000000003,15.100557241380002,0.0,6.2024137931e-05,95.104,7.6704,27.4848,17.021626224000002,607.3535999999999,5.5008,0.9984,44.51519999999999,1.03728,0.0,1.92,1.5936000000000001,0.0,1.3344000000000003,0.0,0.96,1.7937919999999998,0.0,1.2753920000000003,9.039857103448002,0.0,9.923862068959999e-05,99.72480000000002,49.0,80.0,122.90607000000001,1464.2,14.0,4.0,141.0,2.44,0.0,4.0,5.0,0.0,5.0,0.0,2.0,9.0,0.0,9.0,28.665000000000003,0.0,0.000310120689655,213.0,57.0,87.0,138.90547,1519.0,16.0,6.0,207.0,3.44,2.0,4.0,5.0,0.0,7.0,0.0,2.0,9.0,0.0,9.0,37.77,0.0,0.000310120689655,225.0,8.0,7.0,15.9994,54.8,2.0,2.0,66.0,1.0,2.0,0.0,0.0,0.0,2.0,0.0,0.0,0.0,0.0,0.0,9.105,0.0,0.0,12.0,8.0,87.0,15.9994,54.8,16.0,2.0,66.0,3.44,2.0,4.0,0.0,0.0,6.0,0.0,2.0,0.0,0.0,2.0,9.105,0.0,0.0,12.0
400,Ca0.92La0.08MnO3,2.001474106,1,Mgaultois/Sparks,Peer-reviewed literature,71.96000000000001,320.48,150.9204426,2804.64,57.08,14.16,515.48,12.878,10.0,12.0,5.08,0.0,27.08,0.0,6.0,5.72,0.0,11.719999999999999,75.5027862069,0.0,0.000310120689655,475.52,14.392,64.096,30.184088520000003,560.928,11.416,2.832,103.096,2.5756,2.0,2.4,1.016,0.0,5.4159999999999995,0.0,1.2,1.1440000000000001,0.0,2.3440000000000003,15.100557241380002,0.0,6.2024137931e-05,95.104,7.6704,27.4848,17.021626224000002,607.3535999999999,5.5008,0.9984,44.51519999999999,1.03728,0.0,1.92,1.5936000000000001,0.0,1.3344000000000003,0.0,0.96,1.7937919999999998,0.0,1.2753920000000003,9.039857103448002,0.0,9.923862068959999e-05,99.72480000000002,49.0,80.0,122.90607000000001,1464.2,14.0,4.0,141.0,2.44,0.0,4.0,5.0,0.0,5.0,0.0,2.0,9.0,0.0,9.0,28.665000000000003,0.0,0.000310120689655,213.0,57.0,87.0,138.90547,1519.0,16.0,6.0,207.0,3.44,2.0,4.0,5.0,0.0,7.0,0.0,2.0,9.0,0.0,9.0,37.77,0.0,0.000310120689655,225.0,8.0,7.0,15.9994,54.8,2.0,2.0,66.0,1.0,2.0,0.0,0.0,0.0,2.0,0.0,0.0,0.0,0.0,0.0,9.105,0.0,0.0,12.0,8.0,87.0,15.9994,54.8,16.0,2.0,66.0,3.44,2.0,4.0,0.0,0.0,6.0,0.0,2.0,0.0,0.0,2.0,9.105,0.0,0.0,12.0
700,Ca0.92La0.08MnO3,1.86543386,1,Mgaultois/Sparks,Peer-reviewed literature,71.96000000000001,320.48,150.9204426,2804.64,57.08,14.16,515.48,12.878,10.0,12.0,5.08,0.0,27.08,0.0,6.0,5.72,0.0,11.719999999999999,75.5027862069,0.0,0.000310120689655,475.52,14.392,64.096,30.184088520000003,560.928,11.416,2.832,103.096,2.5756,2.0,2.4,1.016,0.0,5.4159999999999995,0.0,1.2,1.1440000000000001,0.0,2.3440000000000003,15.100557241380002,0.0,6.2024137931e-05,95.104,7.6704,27.4848,17.021626224000002,607.3535999999999,5.5008,0.9984,44.51519999999999,1.03728,0.0,1.92,1.5936000000000001,0.0,1.3344000000000003,0.0,0.96,1.7937919999999998,0.0,1.2753920000000003,9.039857103448002,0.0,9.923862068959999e-05,99.72480000000002,49.0,80.0,122.90607000000001,1464.2,14.0,4.0,141.0,2.44,0.0,4.0,5.0,0.0,5.0,0.0,2.0,9.0,0.0,9.0,28.665000000000003,0.0,0.000310120689655,213.0,57.0,87.0,138.90547,1519.0,16.0,6.0,207.0,3.44,2.0,4.0,5.0,0.0,7.0,0.0,2.0,9.0,0.0,9.0,37.77,0.0,0.000310120689655,225.0,8.0,7.0,15.9994,54.8,2.0,2.0,66.0,1.0,2.0,0.0,0.0,0.0,2.0,0.0,0.0,0.0,0.0,0.0,9.105,0.0,0.0,12.0,8.0,87.0,15.9994,54.8,16.0,2.0,66.0,3.44,2.0,4.0,0.0,0.0,6.0,0.0,2.0,0.0,0.0,2.0,9.105,0.0,0.0,12.0
1000,Ca0.92La0.08MnO3,1.803917125,1,Mgaultois/Sparks,Peer-reviewed literature,71.96000000000001,320.48,150.9204426,2804.64,57.08,14.16,515.48,12.878,10.0,12.0,5.08,0.0,27.08,0.0,6.0,5.72,0.0,11.719999999999999,75.5027862069,0.0,0.000310120689655,475.52,14.392,64.096,30.184088520000003,560.928,11.416,2.832,103.096,2.5756,2.0,2.4,1.016,0.0,5.4159999999999995,0.0,1.2,1.1440000000000001,0.0,2.3440000000000003,15.100557241380002,0.0,6.2024137931e-05,95.104,7.6704,27.4848,17.021626224000002,607.3535999999999,5.5008,0.9984,44.51519999999999,1.03728,0.0,1.92,1.5936000000000001,0.0,1.3344000000000003,0.0,0.96,1.7937919999999998,0.0,1.2753920000000003,9.039857103448002,0.0,9.923862068959999e-05,99.72480000000002,49.0,80.0,122.90607000000001,1464.2,14.0,4.0,141.0,2.44,0.0,4.0,5.0,0.0,5.0,0.0,2.0,9.0,0.0,9.0,28.665000000000003,0.0,0.000310120689655,213.0,57.0,87.0,138.90547,1519.0,16.0,6.0,207.0,3.44,2.0,4.0,5.0,0.0,7.0,0.0,2.0,9.0,0.0,9.0,37.77,0.0,0.000310120689655,225.0,8.0,7.0,15.9994,54.8,2.0,2.0,66.0,1.0,2.0,0.0,0.0,0.0,2.0,0.0,0.0,0.0,0.0,0.0,9.105,0.0,0.0,12.0,8.0,87.0,15.9994,54.8,16.0,2.0,66.0,3.44,2.0,4.0,0.0,0.0,6.0,0.0,2.0,0.0,0.0,2.0,9.105,0.0,0.0,12.0
700,NiO,-2.184488663,0,Mgaultois/Sparks,Peer-reviewed literature,36.0,148.0,74.69279999999999,1782.8,26.0,6.0,190.0,5.35,4.0,4.0,8.0,0.0,16.0,0.0,2.0,2.0,0.0,4.0,19.425,0.0,0.5953947,237.0,18.0,74.0,37.346399999999996,891.4,13.0,3.0,95.0,2.675,2.0,2.0,4.0,0.0,8.0,0.0,1.0,1.0,0.0,2.0,9.7125,0.0,0.29769735,118.5,10.0,13.0,21.346999999999998,836.6,3.0,1.0,29.0,0.765,0.0,2.0,4.0,0.0,2.0,0.0,1.0,1.0,0.0,0.0,0.6074999999999999,0.0,0.29769735,106.5,20.0,26.0,42.693999999999996,1673.2,6.0,2.0,58.0,1.53,0.0,4.0,8.0,0.0,4.0,0.0,2.0,2.0,0.0,0.0,1.2149999999999999,0.0,0.5953947,213.0,28.0,87.0,58.6934,1728.0,16.0,4.0,124.0,3.44,2.0,4.0,8.0,0.0,10.0,0.0,2.0,2.0,0.0,2.0,10.32,0.0,0.5953947,225.0,8.0,61.0,15.9994,54.8,10.0,2.0,66.0,1.91,2.0,0.0,0.0,0.0,6.0,0.0,0.0,0.0,0.0,2.0,9.105,0.0,0.0,12.0,8.0,61.0,15.9994,54.8,10.0,2.0,66.0,1.91,2.0,0.0,0.0,0.0,6.0,0.0,0.0,0.0,0.0,2.0,9.105,0.0,0.0,12.0
1000,NiO,-1.16576628,0,Mgaultois/Sparks,Peer-reviewed literature,36.0,148.0,74.69279999999999,1782.8,26.0,6.0,190.0,5.35,4.0,4.0,8.0,0.0,16.0,0.0,2.0,2.0,0.0,4.0,19.425,0.0,0.5953947,237.0,18.0,74.0,37.346399999999996,891.4,13.0,3.0,95.0,2.675,2.0,2.0,4.0,0.0,8.0,0.0,1.0,1.0,0.0,2.0,9.7125,0.0,0.29769735,118.5,10.0,13.0,21.346999999999998,836.6,3.0,1.0,29.0,0.765,0.0,2.0,4.0,0.0,2.0,0.0,1.0,1.0,0.0,0.0,0.6074999999999999,0.0,0.29769735,106.5,20.0,26.0,42.693999999999996,1673.2,6.0,2.0,58.0,1.53,0.0,4.0,8.0,0.0,4.0,0.0,2.0,2.0,0.0,0.0,1.2149999999999999,0.0,0.5953947,213.0,28.0,87.0,58.6934,1728.0,16.0,4.0,124.0,3.44,2.0,4.0,8.0,0.0,10.0,0.0,2.0,2.0,0.0,2.0,10.32,0.0,0.5953947,225.0,8.0,61.0,15.9994,54.8,10.0,2.0,66.0,1.91,2.0,0.0,0.0,0.0,6.0,0.0,0.0,0.0,0.0,2.0,9.105,0.0,0.0,12.0,8.0,61.0,15.9994,54.8,10.0,2.0,66.0,1.91,2.0,0.0,0.0,0.0,6.0,0.0,0.0,0.0,0.0,2.0,9.105,0.0,0.0,12.0
400,Li0.0024Ni0.9976O,-1.460412087,0,Mgaultois/Sparks,Peer-reviewed literature,35.94,147.856,74.56859424,1779.7416560000001,25.9784,5.9952000000000005,190.0096,5.347768,3.9976000000000003,4.0,7.9808,0.0,15.9784,0.0024,2.0,1.9952,0.0,3.9976000000000003,19.44005599999992,0.0,0.5939657527200001,237.0096,17.97,73.928,37.28429712,889.8708280000001,12.9892,2.9976000000000003,95.0048,2.673884,1.9988000000000001,2.0,3.9904,0.0,7.9892,0.0012,1.0,0.9976,0.0,1.9988000000000001,9.72002799999996,0.0,0.29698287636000004,118.5048,10.005928,13.072000000000001,21.357721033087998,836.1176619872001,3.0107999999999997,0.99999424,29.0048,0.766116,0.002397119999999868,2.0,3.99997696,0.0,2.0059740799999997,0.00239712,1.0,0.99999424,0.0,0.002397119999999868,0.6150279999999599,0.0,0.29769563526326404,106.5048,25.0,86.0,51.752399999999994,1673.2,15.0,2.0,62.0,2.46,1.0,4.0,8.0,0.0,9.0,1.0,2.0,2.0,0.0,1.0,7.488333333299998,0.0,0.5953947,217.0,28.0,87.0,58.6934,1728.0,16.0,4.0,128.0,3.44,2.0,4.0,8.0,0.0,10.0,1.0,2.0,2.0,0.0,2.0,16.5933333333,0.0,0.5953947,229.0,3.0,1.0,6.941,54.8,1.0,2.0,66.0,0.98,1.0,0.0,0.0,0.0,1.0,0.0,0.0,0.0,0.0,1.0,9.105,0.0,0.0,12.0,8.0,87.0,15.9994,54.8,16.0,2.0,66.0,3.44,2.0,4.0,0.0,0.0,6.0,0.0,2.0,0.0,0.0,2.0,9.105,0.0,0.0,12.0
700,Li0.0024Ni0.9976O,0.580230234,0,Mgaultois/Sparks,Peer-reviewed literature,35.94,147.856,74.56859424,1779.7416560000001,25.9784,5.9952000000000005,190.0096,5.347768,3.9976000000000003,4.0,7.9808,0.0,15.9784,0.0024,2.0,1.9952,0.0,3.9976000000000003,19.44005599999992,0.0,0.5939657527200001,237.0096,17.97,73.928,37.28429712,889.8708280000001,12.9892,2.9976000000000003,95.0048,2.673884,1.9988000000000001,2.0,3.9904,0.0,7.9892,0.0012,1.0,0.9976,0.0,1.9988000000000001,9.72002799999996,0.0,0.29698287636000004,118.5048,10.005928,13.072000000000001,21.357721033087998,836.1176619872001,3.0107999999999997,0.99999424,29.0048,0.766116,0.002397119999999868,2.0,3.99997696,0.0,2.0059740799999997,0.00239712,1.0,0.99999424,0.0,0.002397119999999868,0.6150279999999599,0.0,0.29769563526326404,106.5048,25.0,86.0,51.752399999999994,1673.2,15.0,2.0,62.0,2.46,1.0,4.0,8.0,0.0,9.0,1.0,2.0,2.0,0.0,1.0,7.488333333299998,0.0,0.5953947,217.0,28.0,87.0,58.6934,1728.0,16.0,4.0,128.0,3.44,2.0,4.0,8.0,0.0,10.0,1.0,2.0,2.0,0.0,2.0,16.5933333333,0.0,0.5953947,229.0,3.0,1.0,6.941,54.8,1.0,2.0,66.0,0.98,1.0,0.0,0.0,0.0,1.0,0.0,0.0,0.0,0.0,1.0,9.105,0.0,0.0,12.0,8.0,87.0,15.9994,54.8,16.0,2.0,66.0,3.44,2.0,4.0,0.0,0.0,6.0,0.0,2.0,0.0,0.0,2.0,9.105,0.0,0.0,12.0
1000,Li0.0024Ni0.9976O,1.331573051,0,Mgaultois/Sparks,Peer-reviewed literature,35.94,147.856,74.56859424,1779.7416560000001,25.9784,5.9952000000000005,190.0096,5.347768,3.9976000000000003,4.0,7.9808,0.0,15.9784,0.0024,2.0,1.9952,0.0,3.9976000000000003,19.44005599999992,0.0,0.5939657527200001,237.0096,17.97,73.928,37.28429712,889.8708280000001,12.9892,2.9976000000000003,95.0048,2.673884,1.9988000000000001,2.0,3.9904,0.0,7.9892,0.0012,1.0,0.9976,0.0,1.9988000000000001,9.72002799999996,0.0,0.29698287636000004,118.5048,10.005928,13.072000000000001,21.357721033087998,836.1176619872001,3.0107999999999997,0.99999424,29.0048,0.766116,0.002397119999999868,2.0,3.99997696,0.0,2.0059740799999997,0.00239712,1.0,0.99999424,0.0,0.002397119999999868,0.6150279999999599,0.0,0.29769563526326404,106.5048,25.0,86.0,51.752399999999994,1673.2,15.0,2.0,62.0,2.46,1.0,4.0,8.0,0.0,9.0,1.0,2.0,2.0,0.0,1.0,7.488333333299998,0.0,0.5953947,217.0,28.0,87.0,58.6934,1728.0,16.0,4.0,128.0,3.44,2.0,4.0,8.0,0.0,10.0,1.0,2.0,2.0,0.0,2.0,16.5933333333,0.0,0.5953947,229.0,3.0,1.0,6.941,54.8,1.0,2.0,66.0,0.98,1.0,0.0,0.0,0.0,1.0,0.0,0.0,0.0,0.0,1.0,9.105,0.0,0.0,12.0,8.0,87.0,15.9994,54.8,16.0,2.0,66.0,3.44,2.0,4.0,0.0,0.0,6.0,0.0,2.0,0.0,0.0,2.0,9.105,0.0,0.0,12.0
400,Li0.0066Ni0.9944O,-0.706416487,0,Mgaultois/Sparks,Peer-reviewed literature,35.863,147.665,74.40992756,1776.1175539999997,25.9506,5.9908,190.1504,5.345772,3.9954,4.0,7.9552,0.0,15.9506,0.0066,2.0,1.9888,0.0,3.9954,19.47672399999978,0.0,0.59206048968,237.2514,17.92253873063468,73.79560219890055,37.186370594702645,887.6149695152425,12.9688155922039,2.9939030484757625,95.02768615692153,2.6715502248875564,1.9967016491754124,1.999000499750125,3.9756121939030487,0.0,7.971314342828586,0.0032983508245877065,0.9995002498750625,0.9939030484757622,0.0,1.9967016491754124,9.733495252373704,0.0,0.295882303688156,118.5664167916042,10.016019476518611,13.197798901648627,21.375902089582894,835.2612436921969,3.0296695730095973,0.999962827182111,29.01317956713797,0.7680657422413232,0.0065749434128512165,1.9999995004996252,3.9998513087284446,0.0,2.0163168590617238,0.006574943412851296,0.9999997502498126,0.9999628271821112,0.0,0.0065749434128512165,0.6281811617928067,0.0,0.29768628375062245,106.51316021149844,25.0,86.0,51.752399999999994,1673.2,15.0,2.0,62.0,2.46,1.0,4.0,8.0,0.0,9.0,1.0,2.0,2.0,0.0,1.0,7.488333333299998,0.0,0.5953947,217.0,28.0,87.0,58.6934,1728.0,16.0,4.0,128.0,3.44,2.0,4.0,8.0,0.0,10.0,1.0,2.0,2.0,0.0,2.0,16.5933333333,0.0,0.5953947,229.0,3.0,1.0,6.941,54.8,1.0,2.0,66.0,0.98,1.0,0.0,0.0,0.0,1.0,0.0,0.0,0.0,0.0,1.0,9.105,0.0,0.0,12.0,8.0,87.0,15.9994,54.8,16.0,2.0,66.0,3.44,2.0,4.0,0.0,0.0,6.0,0.0,2.0,0.0,0.0,2.0,9.105,0.0,0.0,12.0
700,Li0.0066Ni0.9944O,1.500026419,0,Mgaultois/Sparks,Peer-reviewed literature,35.863,147.665,74.40992756,1776.1175539999997,25.9506,5.9908,190.1504,5.345772,3.9954,4.0,7.9552,0.0,15.9506,0.0066,2.0,1.9888,0.0,3.9954,19.47672399999978,0.0,0.59206048968,237.2514,17.92253873063468,73.79560219890055,37.186370594702645,887.6149695152425,12.9688155922039,2.9939030484757625,95.02768615692153,2.6715502248875564,1.9967016491754124,1.999000499750125,3.9756121939030487,0.0,7.971314342828586,0.0032983508245877065,0.9995002498750625,0.9939030484757622,0.0,1.9967016491754124,9.733495252373704,0.0,0.295882303688156,118.5664167916042,10.016019476518611,13.197798901648627,21.375902089582894,835.2612436921969,3.0296695730095973,0.999962827182111,29.01317956713797,0.7680657422413232,0.0065749434128512165,1.9999995004996252,3.9998513087284446,0.0,2.0163168590617238,0.006574943412851296,0.9999997502498126,0.9999628271821112,0.0,0.0065749434128512165,0.6281811617928067,0.0,0.29768628375062245,106.51316021149844,25.0,86.0,51.752399999999994,1673.2,15.0,2.0,62.0,2.46,1.0,4.0,8.0,0.0,9.0,1.0,2.0,2.0,0.0,1.0,7.488333333299998,0.0,0.5953947,217.0,28.0,87.0,58.6934,1728.0,16.0,4.0,128.0,3.44,2.0,4.0,8.0,0.0,10.0,1.0,2.0,2.0,0.0,2.0,16.5933333333,0.0,0.5953947,229.0,3.0,1.0,6.941,54.8,1.0,2.0,66.0,0.98,1.0,0.0,0.0,0.0,1.0,0.0,0.0,0.0,0.0,1.0,9.105,0.0,0.0,12.0,8.0,87.0,15.9994,54.8,16.0,2.0,66.0,3.44,2.0,4.0,0.0,0.0,6.0,0.0,2.0,0.0,0.0,2.0,9.105,0.0,0.0,12.0
1000,Li0.0066Ni0.9944O,1.545484018,0,Mgaultois/Sparks,Peer-reviewed literature,35.863,147.665,74.40992756,1776.1175539999997,25.9506,5.9908,190.1504,5.345772,3.9954,4.0,7.9552,0.0,15.9506,0.0066,2.0,1.9888,0.0,3.9954,19.47672399999978,0.0,0.59206048968,237.2514,17.92253873063468,73.79560219890055,37.186370594702645,887.6149695152425,12.9688155922039,2.9939030484757625,95.02768615692153,2.6715502248875564,1.9967016491754124,1.999000499750125,3.9756121939030487,0.0,7.971314342828586,0.0032983508245877065,0.9995002498750625,0.9939030484757622,0.0,1.9967016491754124,9.733495252373704,0.0,0.295882303688156,118.5664167916042,10.016019476518611,13.197798901648627,21.375902089582894,835.2612436921969,3.0296695730095973,0.999962827182111,29.01317956713797,0.7680657422413232,0.0065749434128512165,1.9999995004996252,3.9998513087284446,0.0,2.0163168590617238,0.006574943412851296,0.9999997502498126,0.9999628271821112,0.0,0.0065749434128512165,0.6281811617928067,0.0,0.29768628375062245,106.51316021149844,25.0,86.0,51.752399999999994,1673.2,15.0,2.0,62.0,2.46,1.0,4.0,8.0,0.0,9.0,1.0,2.0,2.0,0.0,1.0,7.488333333299998,0.0,0.5953947,217.0,28.0,87.0,58.6934,1728.0,16.0,4.0,128.0,3.44,2.0,4.0,8.0,0.0,10.0,1.0,2.0,2.0,0.0,2.0,16.5933333333,0.0,0.5953947,229.0,3.0,1.0,6.941,54.8,1.0,2.0,66.0,0.98,1.0,0.0,0.0,0.0,1.0,0.0,0.0,0.0,0.0,1.0,9.105,0.0,0.0,12.0,8.0,87.0,15.9994,54.8,16.0,2.0,66.0,3.44,2.0,4.0,0.0,0.0,6.0,0.0,2.0,0.0,0.0,2.0,9.105,0.0,0.0,12.0
400,Li0.0184Ni0.9816O,1.191976098,0,Mgaultois/Sparks,Peer-reviewed literature,35.54,146.89600000000002,73.74055584,1759.352696,25.834400000000002,5.9632000000000005,190.0736,5.3328880000000005,3.9816000000000003,4.0,7.8528,0.0,15.8344,0.0184,2.0,1.9632,0.0,3.9816000000000003,19.54042933333272,0.0,0.58443943752,237.0736,17.77,73.44800000000001,36.87027792,879.676348,12.917200000000001,2.9816000000000003,95.0368,2.6664440000000003,1.9908000000000001,2.0,3.9264,0.0,7.9172,0.0092,1.0,0.9816,0.0,1.9908000000000001,9.77021466666636,0.0,0.29221971876,118.5368,10.041768000000001,13.552,21.421576633727998,832.7144968032001,3.0827999999999998,0.99966144,29.0368,0.7735560000000001,0.018230719999999877,2.0,3.99864576,0.0,2.04447648,0.01823072,1.0,0.99966144,0.0,0.018230719999999877,0.6652146666663599,0.0,0.29759656158518405,106.5368,25.0,86.0,51.752399999999994,1673.2,15.0,2.0,62.0,2.46,1.0,4.0,8.0,0.0,9.0,1.0,2.0,2.0,0.0,1.0,7.488333333299998,0.0,0.5953947,217.0,28.0,87.0,58.6934,1728.0,16.0,4.0,128.0,3.44,2.0,4.0,8.0,0.0,10.0,1.0,2.0,2.0,0.0,2.0,16.5933333333,0.0,0.5953947,229.0,3.0,1.0,6.941,54.8,1.0,2.0,66.0,0.98,1.0,0.0,0.0,0.0,1.0,0.0,0.0,0.0,0.0,1.0,9.105,0.0,0.0,12.0,8.0,87.0,15.9994,54.8,16.0,2.0,66.0,3.44,2.0,4.0,0.0,0.0,6.0,0.0,2.0,0.0,0.0,2.0,9.105,0.0,0.0,12.0
700,Li0.0184Ni0.9816O,1.703226864,0,Mgaultois/Sparks,Peer-reviewed literature,35.54,146.89600000000002,73.74055584,1759.352696,25.834400000000002,5.9632000000000005,190.0736,5.3328880000000005,3.9816000000000003,4.0,7.8528,0.0,15.8344,0.0184,2.0,1.9632,0.0,3.9816000000000003,19.54042933333272,0.0,0.58443943752,237.0736,17.77,73.44800000000001,36.87027792,879.676348,12.917200000000001,2.9816000000000003,95.0368,2.6664440000000003,1.9908000000000001,2.0,3.9264,0.0,7.9172,0.0092,1.0,0.9816,0.0,1.9908000000000001,9.77021466666636,0.0,0.29221971876,118.5368,10.041768000000001,13.552,21.421576633727998,832.7144968032001,3.0827999999999998,0.99966144,29.0368,0.7735560000000001,0.018230719999999877,2.0,3.99864576,0.0,2.04447648,0.01823072,1.0,0.99966144,0.0,0.018230719999999877,0.6652146666663599,0.0,0.29759656158518405,106.5368,25.0,86.0,51.752399999999994,1673.2,15.0,2.0,62.0,2.46,1.0,4.0,8.0,0.0,9.0,1.0,2.0,2.0,0.0,1.0,7.488333333299998,0.0,0.5953947,217.0,28.0,87.0,58.6934,1728.0,16.0,4.0,128.0,3.44,2.0,4.0,8.0,0.0,10.0,1.0,2.0,2.0,0.0,2.0,16.5933333333,0.0,0.5953947,229.0,3.0,1.0,6.941,54.8,1.0,2.0,66.0,0.98,1.0,0.0,0.0,0.0,1.0,0.0,0.0,0.0,0.0,1.0,9.105,0.0,0.0,12.0,8.0,87.0,15.9994,54.8,16.0,2.0,66.0,3.44,2.0,4.0,0.0,0.0,6.0,0.0,2.0,0.0,0.0,2.0,9.105,0.0,0.0,12.0
1000,Li0.0184Ni0.9816O,2.176479083,0,Mgaultois/Sparks,Peer-reviewed literature,35.54,146.89600000000002,73.74055584,1759.352696,25.834400000000002,5.9632000000000005,190.0736,5.3328880000000005,3.9816000000000003,4.0,7.8528,0.0,15.8344,0.0184,2.0,1.9632,0.0,3.9816000000000003,19.54042933333272,0.0,0.58443943752,237.0736,17.77,73.44800000000001,36.87027792,879.676348,12.917200000000001,2.9816000000000003,95.0368,2.6664440000000003,1.9908000000000001,2.0,3.9264,0.0,7.9172,0.0092,1.0,0.9816,0.0,1.9908000000000001,9.77021466666636,0.0,0.29221971876,118.5368,10.041768000000001,13.552,21.421576633727998,832.7144968032001,3.0827999999999998,0.99966144,29.0368,0.7735560000000001,0.018230719999999877,2.0,3.99864576,0.0,2.04447648,0.01823072,1.0,0.99966144,0.0,0.018230719999999877,0.6652146666663599,0.0,0.29759656158518405,106.5368,25.0,86.0,51.752399999999994,1673.2,15.0,2.0,62.0,2.46,1.0,4.0,8.0,0.0,9.0,1.0,2.0,2.0,0.0,1.0,7.488333333299998,0.0,0.5953947,217.0,28.0,87.0,58.6934,1728.0,16.0,4.0,128.0,3.44,2.0,4.0,8.0,0.0,10.0,1.0,2.0,2.0,0.0,2.0,16.5933333333,0.0,0.5953947,229.0,3.0,1.0,6.941,54.8,1.0,2.0,66.0,0.98,1.0,0.0,0.0,0.0,1.0,0.0,0.0,0.0,0.0,1.0,9.105,0.0,0.0,12.0,8.0,87.0,15.9994,54.8,16.0,2.0,66.0,3.44,2.0,4.0,0.0,0.0,6.0,0.0,2.0,0.0,0.0,2.0,9.105,0.0,0.0,12.0
400,Li0.0242Ni0.9758O,1.908570264,0,Mgaultois/Sparks,Peer-reviewed literature,35.395,146.548,73.44039192,1751.9616979999998,25.7822,5.9516,190.0968,5.327494,3.9758,4.0,7.8064,0.0,15.7822,0.0242,2.0,1.9516,0.0,3.9758,19.57681466666586,0.0,0.5809861482600001,237.0968,17.6975,73.274,36.72019596,875.9808489999999,12.8911,2.9758,95.0484,2.663747,1.9879,2.0,3.9032,0.0,7.8911,0.0121,1.0,0.9758,0.0,1.9879,9.78840733333293,0.0,0.29049307413000003,118.5484,10.0531795,13.725999999999999,21.441452502231996,831.4002875458,3.1089,0.99941436,29.0484,0.7762530000000001,0.02390718,2.0,3.99765744,0.0,2.05786462,0.02390718,1.0,0.99941436,0.0,0.02390718,0.6834073333329299,0.0,0.29752300652394603,106.5484,25.0,86.0,51.752399999999994,1673.2,15.0,2.0,62.0,2.46,1.0,4.0,8.0,0.0,9.0,1.0,2.0,2.0,0.0,1.0,7.488333333299998,0.0,0.5953947,217.0,28.0,87.0,58.6934,1728.0,16.0,4.0,128.0,3.44,2.0,4.0,8.0,0.0,10.0,1.0,2.0,2.0,0.0,2.0,16.5933333333,0.0,0.5953947,229.0,3.0,1.0,6.941,54.8,1.0,2.0,66.0,0.98,1.0,0.0,0.0,0.0,1.0,0.0,0.0,0.0,0.0,1.0,9.105,0.0,0.0,12.0,8.0,87.0,15.9994,54.8,16.0,2.0,66.0,3.44,2.0,4.0,0.0,0.0,6.0,0.0,2.0,0.0,0.0,2.0,9.105,0.0,0.0,12.0
700,Li0.0242Ni0.9758O,2.312868863,0,Mgaultois/Sparks,Peer-reviewed literature,35.395,146.548,73.44039192,1751.9616979999998,25.7822,5.9516,190.0968,5.327494,3.9758,4.0,7.8064,0.0,15.7822,0.0242,2.0,1.9516,0.0,3.9758,19.57681466666586,0.0,0.5809861482600001,237.0968,17.6975,73.274,36.72019596,875.9808489999999,12.8911,2.9758,95.0484,2.663747,1.9879,2.0,3.9032,0.0,7.8911,0.0121,1.0,0.9758,0.0,1.9879,9.78840733333293,0.0,0.29049307413000003,118.5484,10.0531795,13.725999999999999,21.441452502231996,831.4002875458,3.1089,0.99941436,29.0484,0.7762530000000001,0.02390718,2.0,3.99765744,0.0,2.05786462,0.02390718,1.0,0.99941436,0.0,0.02390718,0.6834073333329299,0.0,0.29752300652394603,106.5484,25.0,86.0,51.752399999999994,1673.2,15.0,2.0,62.0,2.46,1.0,4.0,8.0,0.0,9.0,1.0,2.0,2.0,0.0,1.0,7.488333333299998,0.0,0.5953947,217.0,28.0,87.0,58.6934,1728.0,16.0,4.0,128.0,3.44,2.0,4.0,8.0,0.0,10.0,1.0,2.0,2.0,0.0,2.0,16.5933333333,0.0,0.5953947,229.0,3.0,1.0,6.941,54.8,1.0,2.0,66.0,0.98,1.0,0.0,0.0,0.0,1.0,0.0,0.0,0.0,0.0,1.0,9.105,0.0,0.0,12.0,8.0,87.0,15.9994,54.8,16.0,2.0,66.0,3.44,2.0,4.0,0.0,0.0,6.0,0.0,2.0,0.0,0.0,2.0,9.105,0.0,0.0,12.0
1000,Li0.0242Ni0.9758O,2.411796441,0,Mgaultois/Sparks,Peer-reviewed literature,35.395,146.548,73.44039192,1751.9616979999998,25.7822,5.9516,190.0968,5.327494,3.9758,4.0,7.8064,0.0,15.7822,0.0242,2.0,1.9516,0.0,3.9758,19.57681466666586,0.0,0.5809861482600001,237.0968,17.6975,73.274,36.72019596,875.9808489999999,12.8911,2.9758,95.0484,2.663747,1.9879,2.0,3.9032,0.0,7.8911,0.0121,1.0,0.9758,0.0,1.9879,9.78840733333293,0.0,0.29049307413000003,118.5484,10.0531795,13.725999999999999,21.441452502231996,831.4002875458,3.1089,0.99941436,29.0484,0.7762530000000001,0.02390718,2.0,3.99765744,0.0,2.05786462,0.02390718,1.0,0.99941436,0.0,0.02390718,0.6834073333329299,0.0,0.29752300652394603,106.5484,25.0,86.0,51.752399999999994,1673.2,15.0,2.0,62.0,2.46,1.0,4.0,8.0,0.0,9.0,1.0,2.0,2.0,0.0,1.0,7.488333333299998,0.0,0.5953947,217.0,28.0,87.0,58.6934,1728.0,16.0,4.0,128.0,3.44,2.0,4.0,8.0,0.0,10.0,1.0,2.0,2.0,0.0,2.0,16.5933333333,0.0,0.5953947,229.0,3.0,1.0,6.941,54.8,1.0,2.0,66.0,0.98,1.0,0.0,0.0,0.0,1.0,0.0,0.0,0.0,0.0,1.0,9.105,0.0,0.0,12.0,8.0,87.0,15.9994,54.8,16.0,2.0,66.0,3.44,2.0,4.0,0.0,0.0,6.0,0.0,2.0,0.0,0.0,2.0,9.105,0.0,0.0,12.0
300,CaMnO3,-0.69963,0,Mgaultois/Sparks,Peer-reviewed literature,69.0,320.0,143.01424500000002,2798.4,57.0,14.0,513.0,12.870000000000001,10.0,12.0,5.0,0.0,27.0,0.0,6.0,5.0,0.0,11.0,75.5725862069,0.0,0.000310120689655,478.0,13.8,64.0,28.602849,559.68,11.4,2.8,102.6,2.574,2.0,2.4,1.0,0.0,5.4,0.0,1.2,1.0,0.0,2.2,15.11451724138,0.0,6.2024137931e-05,95.60000000000001,6.96,27.6,15.1241388,605.856,5.52,0.96,43.92,1.0392000000000001,0.0,1.92,1.6,0.0,1.3599999999999999,0.0,0.96,1.6,0.0,1.12,9.062193103448,0.0,9.923862068959999e-05,100.32,17.0,80.0,38.938645,1464.2,14.0,2.0,110.0,2.44,0.0,4.0,5.0,0.0,5.0,0.0,2.0,5.0,0.0,5.0,28.665000000000003,0.0,0.000310120689655,213.0,25.0,87.0,54.938045,1519.0,16.0,4.0,176.0,3.44,2.0,4.0,5.0,0.0,7.0,0.0,2.0,5.0,0.0,5.0,37.77,0.0,0.000310120689655,225.0,8.0,7.0,15.9994,54.8,2.0,2.0,66.0,1.0,2.0,0.0,0.0,0.0,2.0,0.0,0.0,0.0,0.0,0.0,9.105,0.0,0.0,12.0,8.0,87.0,15.9994,54.8,16.0,2.0,66.0,3.44,2.0,4.0,0.0,0.0,6.0,0.0,2.0,0.0,0.0,2.0,9.105,0.0,0.0,12.0
400,CaMnO3,-0.466137,0,Mgaultois/Sparks,Peer-reviewed literature,69.0,320.0,143.01424500000002,2798.4,57.0,14.0,513.0,12.870000000000001,10.0,12.0,5.0,0.0,27.0,0.0,6.0,5.0,0.0,11.0,75.5725862069,0.0,0.000310120689655,478.0,13.8,64.0,28.602849,559.68,11.4,2.8,102.6,2.574,2.0,2.4,1.0,0.0,5.4,0.0,1.2,1.0,0.0,2.2,15.11451724138,0.0,6.2024137931e-05,95.60000000000001,6.96,27.6,15.1241388,605.856,5.52,0.96,43.92,1.0392000000000001,0.0,1.92,1.6,0.0,1.3599999999999999,0.0,0.96,1.6,0.0,1.12,9.062193103448,0.0,9.923862068959999e-05,100.32,17.0,80.0,38.938645,1464.2,14.0,2.0,110.0,2.44,0.0,4.0,5.0,0.0,5.0,0.0,2.0,5.0,0.0,5.0,28.665000000000003,0.0,0.000310120689655,213.0,25.0,87.0,54.938045,1519.0,16.0,4.0,176.0,3.44,2.0,4.0,5.0,0.0,7.0,0.0,2.0,5.0,0.0,5.0,37.77,0.0,0.000310120689655,225.0,8.0,7.0,15.9994,54.8,2.0,2.0,66.0,1.0,2.0,0.0,0.0,0.0,2.0,0.0,0.0,0.0,0.0,0.0,9.105,0.0,0.0,12.0,8.0,87.0,15.9994,54.8,16.0,2.0,66.0,3.44,2.0,4.0,0.0,0.0,6.0,0.0,2.0,0.0,0.0,2.0,9.105,0.0,0.0,12.0
700,CaMnO3,0.191624,0,Mgaultois/Sparks,Peer-reviewed literature,69.0,320.0,143.01424500000002,2798.4,57.0,14.0,513.0,12.870000000000001,10.0,12.0,5.0,0.0,27.0,0.0,6.0,5.0,0.0,11.0,75.5725862069,0.0,0.000310120689655,478.0,13.8,64.0,28.602849,559.68,11.4,2.8,102.6,2.574,2.0,2.4,1.0,0.0,5.4,0.0,1.2,1.0,0.0,2.2,15.11451724138,0.0,6.2024137931e-05,95.60000000000001,6.96,27.6,15.1241388,605.856,5.52,0.96,43.92,1.0392000000000001,0.0,1.92,1.6,0.0,1.3599999999999999,0.0,0.96,1.6,0.0,1.12,9.062193103448,0.0,9.923862068959999e-05,100.32,17.0,80.0,38.938645,1464.2,14.0,2.0,110.0,2.44,0.0,4.0,5.0,0.0,5.0,0.0,2.0,5.0,0.0,5.0,28.665000000000003,0.0,0.000310120689655,213.0,25.0,87.0,54.938045,1519.0,16.0,4.0,176.0,3.44,2.0,4.0,5.0,0.0,7.0,0.0,2.0,5.0,0.0,5.0,37.77,0.0,0.000310120689655,225.0,8.0,7.0,15.9994,54.8,2.0,2.0,66.0,1.0,2.0,0.0,0.0,0.0,2.0,0.0,0.0,0.0,0.0,0.0,9.105,0.0,0.0,12.0,8.0,87.0,15.9994,54.8,16.0,2.0,66.0,3.44,2.0,4.0,0.0,0.0,6.0,0.0,2.0,0.0,0.0,2.0,9.105,0.0,0.0,12.0
1000,CaMnO3,0.956358001,0,Mgaultois/Sparks,Peer-reviewed literature,69.0,320.0,143.01424500000002,2798.4,57.0,14.0,513.0,12.870000000000001,10.0,12.0,5.0,0.0,27.0,0.0,6.0,5.0,0.0,11.0,75.5725862069,0.0,0.000310120689655,478.0,13.8,64.0,28.602849,559.68,11.4,2.8,102.6,2.574,2.0,2.4,1.0,0.0,5.4,0.0,1.2,1.0,0.0,2.2,15.11451724138,0.0,6.2024137931e-05,95.60000000000001,6.96,27.6,15.1241388,605.856,5.52,0.96,43.92,1.0392000000000001,0.0,1.92,1.6,0.0,1.3599999999999999,0.0,0.96,1.6,0.0,1.12,9.062193103448,0.0,9.923862068959999e-05,100.32,17.0,80.0,38.938645,1464.2,14.0,2.0,110.0,2.44,0.0,4.0,5.0,0.0,5.0,0.0,2.0,5.0,0.0,5.0,28.665000000000003,0.0,0.000310120689655,213.0,25.0,87.0,54.938045,1519.0,16.0,4.0,176.0,3.44,2.0,4.0,5.0,0.0,7.0,0.0,2.0,5.0,0.0,5.0,37.77,0.0,0.000310120689655,225.0,8.0,7.0,15.9994,54.8,2.0,2.0,66.0,1.0,2.0,0.0,0.0,0.0,2.0,0.0,0.0,0.0,0.0,0.0,9.105,0.0,0.0,12.0,8.0,87.0,15.9994,54.8,16.0,2.0,66.0,3.44,2.0,4.0,0.0,0.0,6.0,0.0,2.0,0.0,0.0,2.0,9.105,0.0,0.0,12.0
300,Ca0.98Bi0.02Mn0.98Nb0.02O3,1.691950002,0,Mgaultois/Sparks,Peer-reviewed literature,70.58000000000001,321.48,147.15165969999998,2811.6079999999997,57.22,14.06,512.9399999999999,12.8914,9.98,12.06,5.180000000000001,0.28,27.5,0.02,6.06,5.0200000000000005,0.0,11.1,75.630034482762,0.0,0.0003039182758619,473.97999999999996,14.116,64.29599999999999,29.430331939999995,562.3216,11.443999999999999,2.8120000000000003,102.588,2.57828,1.996,2.412,1.036,0.056,5.5,0.004,1.212,1.004,0.0,2.2199999999999998,15.1260068965524,0.0,6.0783655172379996e-05,94.796,7.3392,27.418432000000003,16.117118328,609.1692928,5.495648,0.9743999999999999,43.9056,1.0340639999999999,0.007968000000000003,1.910304,1.6493120000000001,0.11155200000000001,1.3760000000000001,0.007968,0.9599040000000001,1.6063999999999998,0.0,1.13424,9.043469186206622,0.0,9.774011751718703e-05,100.01756800000001,75.0,80.0,192.981,2695.2,14.0,4.0,110.0,2.44,1.0,4.0,10.0,14.0,27.0,1.0,3.0,6.0,0.0,7.0,28.665000000000003,0.0,0.000310120689655,217.0,83.0,87.0,208.9804,2750.0,16.0,6.0,176.0,3.44,2.0,4.0,10.0,14.0,29.0,1.0,3.0,6.0,0.0,7.0,37.77,0.0,0.000310120689655,229.0,8.0,7.0,15.9994,54.8,2.0,2.0,66.0,1.0,1.0,0.0,0.0,0.0,2.0,0.0,0.0,0.0,0.0,0.0,9.105,0.0,0.0,12.0,8.0,87.0,15.9994,54.8,16.0,2.0,66.0,3.44,2.0,4.0,0.0,0.0,6.0,0.0,2.0,0.0,0.0,2.0,9.105,0.0,0.0,12.0
400,Ca0.98Bi0.02Mn0.98Nb0.02O3,1.666809993,0,Mgaultois/Sparks,Peer-reviewed literature,70.58000000000001,321.48,147.15165969999998,2811.6079999999997,57.22,14.06,512.9399999999999,12.8914,9.98,12.06,5.180000000000001,0.28,27.5,0.02,6.06,5.0200000000000005,0.0,11.1,75.630034482762,0.0,0.0003039182758619,473.97999999999996,14.116,64.29599999999999,29.430331939999995,562.3216,11.443999999999999,2.8120000000000003,102.588,2.57828,1.996,2.412,1.036,0.056,5.5,0.004,1.212,1.004,0.0,2.2199999999999998,15.1260068965524,0.0,6.0783655172379996e-05,94.796,7.3392,27.418432000000003,16.117118328,609.1692928,5.495648,0.9743999999999999,43.9056,1.0340639999999999,0.007968000000000003,1.910304,1.6493120000000001,0.11155200000000001,1.3760000000000001,0.007968,0.9599040000000001,1.6063999999999998,0.0,1.13424,9.043469186206622,0.0,9.774011751718703e-05,100.01756800000001,75.0,80.0,192.981,2695.2,14.0,4.0,110.0,2.44,1.0,4.0,10.0,14.0,27.0,1.0,3.0,6.0,0.0,7.0,28.665000000000003,0.0,0.000310120689655,217.0,83.0,87.0,208.9804,2750.0,16.0,6.0,176.0,3.44,2.0,4.0,10.0,14.0,29.0,1.0,3.0,6.0,0.0,7.0,37.77,0.0,0.000310120689655,229.0,8.0,7.0,15.9994,54.8,2.0,2.0,66.0,1.0,1.0,0.0,0.0,0.0,2.0,0.0,0.0,0.0,0.0,0.0,9.105,0.0,0.0,12.0,8.0,87.0,15.9994,54.8,16.0,2.0,66.0,3.44,2.0,4.0,0.0,0.0,6.0,0.0,2.0,0.0,0.0,2.0,9.105,0.0,0.0,12.0
700,Ca0.98Bi0.02Mn0.98Nb0.02O3,1.586459998,0,Mgaultois/Sparks,Peer-reviewed literature,70.58000000000001,321.48,147.15165969999998,2811.6079999999997,57.22,14.06,512.9399999999999,12.8914,9.98,12.06,5.180000000000001,0.28,27.5,0.02,6.06,5.0200000000000005,0.0,11.1,75.630034482762,0.0,0.0003039182758619,473.97999999999996,14.116,64.29599999999999,29.430331939999995,562.3216,11.443999999999999,2.8120000000000003,102.588,2.57828,1.996,2.412,1.036,0.056,5.5,0.004,1.212,1.004,0.0,2.2199999999999998,15.1260068965524,0.0,6.0783655172379996e-05,94.796,7.3392,27.418432000000003,16.117118328,609.1692928,5.495648,0.9743999999999999,43.9056,1.0340639999999999,0.007968000000000003,1.910304,1.6493120000000001,0.11155200000000001,1.3760000000000001,0.007968,0.9599040000000001,1.6063999999999998,0.0,1.13424,9.043469186206622,0.0,9.774011751718703e-05,100.01756800000001,75.0,80.0,192.981,2695.2,14.0,4.0,110.0,2.44,1.0,4.0,10.0,14.0,27.0,1.0,3.0,6.0,0.0,7.0,28.665000000000003,0.0,0.000310120689655,217.0,83.0,87.0,208.9804,2750.0,16.0,6.0,176.0,3.44,2.0,4.0,10.0,14.0,29.0,1.0,3.0,6.0,0.0,7.0,37.77,0.0,0.000310120689655,229.0,8.0,7.0,15.9994,54.8,2.0,2.0,66.0,1.0,1.0,0.0,0.0,0.0,2.0,0.0,0.0,0.0,0.0,0.0,9.105,0.0,0.0,12.0,8.0,87.0,15.9994,54.8,16.0,2.0,66.0,3.44,2.0,4.0,0.0,0.0,6.0,0.0,2.0,0.0,0.0,2.0,9.105,0.0,0.0,12.0
1000,Ca0.98Bi0.02Mn0.98Nb0.02O3,1.574499999,0,Mgaultois/Sparks,Peer-reviewed literature,70.58000000000001,321.48,147.15165969999998,2811.6079999999997,57.22,14.06,512.9399999999999,12.8914,9.98,12.06,5.180000000000001,0.28,27.5,0.02,6.06,5.0200000000000005,0.0,11.1,75.630034482762,0.0,0.0003039182758619,473.97999999999996,14.116,64.29599999999999,29.430331939999995,562.3216,11.443999999999999,2.8120000000000003,102.588,2.57828,1.996,2.412,1.036,0.056,5.5,0.004,1.212,1.004,0.0,2.2199999999999998,15.1260068965524,0.0,6.0783655172379996e-05,94.796,7.3392,27.418432000000003,16.117118328,609.1692928,5.495648,0.9743999999999999,43.9056,1.0340639999999999,0.007968000000000003,1.910304,1.6493120000000001,0.11155200000000001,1.3760000000000001,0.007968,0.9599040000000001,1.6063999999999998,0.0,1.13424,9.043469186206622,0.0,9.774011751718703e-05,100.01756800000001,75.0,80.0,192.981,2695.2,14.0,4.0,110.0,2.44,1.0,4.0,10.0,14.0,27.0,1.0,3.0,6.0,0.0,7.0,28.665000000000003,0.0,0.000310120689655,217.0,83.0,87.0,208.9804,2750.0,16.0,6.0,176.0,3.44,2.0,4.0,10.0,14.0,29.0,1.0,3.0,6.0,0.0,7.0,37.77,0.0,0.000310120689655,229.0,8.0,7.0,15.9994,54.8,2.0,2.0,66.0,1.0,1.0,0.0,0.0,0.0,2.0,0.0,0.0,0.0,0.0,0.0,9.105,0.0,0.0,12.0,8.0,87.0,15.9994,54.8,16.0,2.0,66.0,3.44,2.0,4.0,0.0,0.0,6.0,0.0,2.0,0.0,0.0,2.0,9.105,0.0,0.0,12.0
300,Ca0.96Bi0.04Mn0.96Nb0.04O3,2.052360013,1,Mgaultois/Sparks,Peer-reviewed literature,72.16,322.96,151.2890744,2824.8160000000003,57.44,14.12,512.8799999999999,12.9128,9.96,12.12,5.36,0.56,28.0,0.04,6.12,5.04,0.0,11.2,75.687482758624,0.0,0.00029771586206879996,469.96,14.431999999999999,64.592,30.257814879999998,564.9632,11.488,2.824,102.576,2.58256,1.992,2.424,1.072,0.112,5.6,0.008,1.224,1.008,0.0,2.24,15.137496551724801,0.0,5.9543172413759995e-05,93.992,7.718399999999999,27.232128000000003,17.110097856,612.5248512000001,5.470592,0.9887999999999999,43.8912,1.0289279999999998,0.015872000000000004,1.9004159999999999,1.6980479999999998,0.22220800000000002,1.3920000000000001,0.015872,0.959616,1.6128,0.0,1.14816,9.024561434482484,0.0,9.622176662063615e-05,99.702272,75.0,80.0,192.981,2695.2,14.0,4.0,110.0,2.44,1.0,4.0,10.0,14.0,27.0,1.0,3.0,6.0,0.0,7.0,28.665000000000003,0.0,0.000310120689655,217.0,83.0,87.0,208.9804,2750.0,16.0,6.0,176.0,3.44,2.0,4.0,10.0,14.0,29.0,1.0,3.0,6.0,0.0,7.0,37.77,0.0,0.000310120689655,229.0,8.0,7.0,15.9994,54.8,2.0,2.0,66.0,1.0,1.0,0.0,0.0,0.0,2.0,0.0,0.0,0.0,0.0,0.0,9.105,0.0,0.0,12.0,8.0,87.0,15.9994,54.8,16.0,2.0,66.0,3.44,2.0,4.0,0.0,0.0,6.0,0.0,2.0,0.0,0.0,2.0,9.105,0.0,0.0,12.0
400,Ca0.96Bi0.04Mn0.96Nb0.04O3,2.007729993,1,Mgaultois/Sparks,Peer-reviewed literature,72.16,322.96,151.2890744,2824.8160000000003,57.44,14.12,512.8799999999999,12.9128,9.96,12.12,5.36,0.56,28.0,0.04,6.12,5.04,0.0,11.2,75.687482758624,0.0,0.00029771586206879996,469.96,14.431999999999999,64.592,30.257814879999998,564.9632,11.488,2.824,102.576,2.58256,1.992,2.424,1.072,0.112,5.6,0.008,1.224,1.008,0.0,2.24,15.137496551724801,0.0,5.9543172413759995e-05,93.992,7.718399999999999,27.232128000000003,17.110097856,612.5248512000001,5.470592,0.9887999999999999,43.8912,1.0289279999999998,0.015872000000000004,1.9004159999999999,1.6980479999999998,0.22220800000000002,1.3920000000000001,0.015872,0.959616,1.6128,0.0,1.14816,9.024561434482484,0.0,9.622176662063615e-05,99.702272,75.0,80.0,192.981,2695.2,14.0,4.0,110.0,2.44,1.0,4.0,10.0,14.0,27.0,1.0,3.0,6.0,0.0,7.0,28.665000000000003,0.0,0.000310120689655,217.0,83.0,87.0,208.9804,2750.0,16.0,6.0,176.0,3.44,2.0,4.0,10.0,14.0,29.0,1.0,3.0,6.0,0.0,7.0,37.77,0.0,0.000310120689655,229.0,8.0,7.0,15.9994,54.8,2.0,2.0,66.0,1.0,1.0,0.0,0.0,0.0,2.0,0.0,0.0,0.0,0.0,0.0,9.105,0.0,0.0,12.0,8.0,87.0,15.9994,54.8,16.0,2.0,66.0,3.44,2.0,4.0,0.0,0.0,6.0,0.0,2.0,0.0,0.0,2.0,9.105,0.0,0.0,12.0
700,Ca0.96Bi0.04Mn0.96Nb0.04O3,1.903019984,1,Mgaultois/Sparks,Peer-reviewed literature,72.16,322.96,151.2890744,2824.8160000000003,57.44,14.12,512.8799999999999,12.9128,9.96,12.12,5.36,0.56,28.0,0.04,6.12,5.04,0.0,11.2,75.687482758624,0.0,0.00029771586206879996,469.96,14.431999999999999,64.592,30.257814879999998,564.9632,11.488,2.824,102.576,2.58256,1.992,2.424,1.072,0.112,5.6,0.008,1.224,1.008,0.0,2.24,15.137496551724801,0.0,5.9543172413759995e-05,93.992,7.718399999999999,27.232128000000003,17.110097856,612.5248512000001,5.470592,0.9887999999999999,43.8912,1.0289279999999998,0.015872000000000004,1.9004159999999999,1.6980479999999998,0.22220800000000002,1.3920000000000001,0.015872,0.959616,1.6128,0.0,1.14816,9.024561434482484,0.0,9.622176662063615e-05,99.702272,75.0,80.0,192.981,2695.2,14.0,4.0,110.0,2.44,1.0,4.0,10.0,14.0,27.0,1.0,3.0,6.0,0.0,7.0,28.665000000000003,0.0,0.000310120689655,217.0,83.0,87.0,208.9804,2750.0,16.0,6.0,176.0,3.44,2.0,4.0,10.0,14.0,29.0,1.0,3.0,6.0,0.0,7.0,37.77,0.0,0.000310120689655,229.0,8.0,7.0,15.9994,54.8,2.0,2.0,66.0,1.0,1.0,0.0,0.0,0.0,2.0,0.0,0.0,0.0,0.0,0.0,9.105,0.0,0.0,12.0,8.0,87.0,15.9994,54.8,16.0,2.0,66.0,3.44,2.0,4.0,0.0,0.0,6.0,0.0,2.0,0.0,0.0,2.0,9.105,0.0,0.0,12.0
1000,Ca0.9Bi0.1Mn0.9Nb0.1O3,1.837270002,1,Mgaultois/Sparks,Peer-reviewed literature,76.9,327.4,163.7013185,2864.44,58.1,14.3,512.7,12.977,9.9,12.3,5.9,1.4000000000000001,29.5,0.1,6.3,5.1,0.0,11.5,75.85982758621,0.0,0.0002791086206895,457.9,15.379999999999999,65.47999999999999,32.7402637,572.888,11.62,2.8600000000000003,102.53999999999999,2.5954,1.98,2.46,1.18,0.28,5.9,0.02,1.26,1.02,0.0,2.3,15.171965517242,0.0,5.582172413789999e-05,91.58,8.856,26.644800000000004,20.08903644,622.84512,5.3912,1.032,43.848,1.01352,0.03920000000000001,1.8695999999999997,1.8408,0.5488000000000001,1.44,0.0392,0.9576,1.6319999999999997,0.0,1.188,8.966735172413522,0.0,9.154762758615599e-05,98.67920000000001,75.0,80.0,192.981,2695.2,14.0,4.0,110.0,2.44,1.0,4.0,10.0,14.0,27.0,1.0,3.0,6.0,0.0,7.0,28.665000000000003,0.0,0.000310120689655,217.0,83.0,87.0,208.9804,2750.0,16.0,6.0,176.0,3.44,2.0,4.0,10.0,14.0,29.0,1.0,3.0,6.0,0.0,7.0,37.77,0.0,0.000310120689655,229.0,8.0,7.0,15.9994,54.8,2.0,2.0,66.0,1.0,1.0,0.0,0.0,0.0,2.0,0.0,0.0,0.0,0.0,0.0,9.105,0.0,0.0,12.0,8.0,87.0,15.9994,54.8,16.0,2.0,66.0,3.44,2.0,4.0,0.0,0.0,6.0,0.0,2.0,0.0,0.0,2.0,9.105,0.0,0.0,12.0
300,Ca0.9Bi0.1Mn0.9Nb0.1O3,2.135170019,1,Mgaultois/Sparks,Peer-reviewed literature,76.9,327.4,163.7013185,2864.44,58.1,14.3,512.7,12.977,9.9,12.3,5.9,1.4000000000000001,29.5,0.1,6.3,5.1,0.0,11.5,75.85982758621,0.0,0.0002791086206895,457.9,15.379999999999999,65.47999999999999,32.7402637,572.888,11.62,2.8600000000000003,102.53999999999999,2.5954,1.98,2.46,1.18,0.28,5.9,0.02,1.26,1.02,0.0,2.3,15.171965517242,0.0,5.582172413789999e-05,91.58,8.856,26.644800000000004,20.08903644,622.84512,5.3912,1.032,43.848,1.01352,0.03920000000000001,1.8695999999999997,1.8408,0.5488000000000001,1.44,0.0392,0.9576,1.6319999999999997,0.0,1.188,8.966735172413522,0.0,9.154762758615599e-05,98.67920000000001,75.0,80.0,192.981,2695.2,14.0,4.0,110.0,2.44,1.0,4.0,10.0,14.0,27.0,1.0,3.0,6.0,0.0,7.0,28.665000000000003,0.0,0.000310120689655,217.0,83.0,87.0,208.9804,2750.0,16.0,6.0,176.0,3.44,2.0,4.0,10.0,14.0,29.0,1.0,3.0,6.0,0.0,7.0,37.77,0.0,0.000310120689655,229.0,8.0,7.0,15.9994,54.8,2.0,2.0,66.0,1.0,1.0,0.0,0.0,0.0,2.0,0.0,0.0,0.0,0.0,0.0,9.105,0.0,0.0,12.0,8.0,87.0,15.9994,54.8,16.0,2.0,66.0,3.44,2.0,4.0,0.0,0.0,6.0,0.0,2.0,0.0,0.0,2.0,9.105,0.0,0.0,12.0
400,Ca0.9Bi0.1Mn0.9Nb0.1O3,2.13919997,1,Mgaultois/Sparks,Peer-reviewed literature,76.9,327.4,163.7013185,2864.44,58.1,14.3,512.7,12.977,9.9,12.3,5.9,1.4000000000000001,29.5,0.1,6.3,5.1,0.0,11.5,75.85982758621,0.0,0.0002791086206895,457.9,15.379999999999999,65.47999999999999,32.7402637,572.888,11.62,2.8600000000000003,102.53999999999999,2.5954,1.98,2.46,1.18,0.28,5.9,0.02,1.26,1.02,0.0,2.3,15.171965517242,0.0,5.582172413789999e-05,91.58,8.856,26.644800000000004,20.08903644,622.84512,5.3912,1.032,43.848,1.01352,0.03920000000000001,1.8695999999999997,1.8408,0.5488000000000001,1.44,0.0392,0.9576,1.6319999999999997,0.0,1.188,8.966735172413522,0.0,9.154762758615599e-05,98.67920000000001,75.0,80.0,192.981,2695.2,14.0,4.0,110.0,2.44,1.0,4.0,10.0,14.0,27.0,1.0,3.0,6.0,0.0,7.0,28.665000000000003,0.0,0.000310120689655,217.0,83.0,87.0,208.9804,2750.0,16.0,6.0,176.0,3.44,2.0,4.0,10.0,14.0,29.0,1.0,3.0,6.0,0.0,7.0,37.77,0.0,0.000310120689655,229.0,8.0,7.0,15.9994,54.8,2.0,2.0,66.0,1.0,1.0,0.0,0.0,0.0,2.0,0.0,0.0,0.0,0.0,0.0,9.105,0.0,0.0,12.0,8.0,87.0,15.9994,54.8,16.0,2.0,66.0,3.44,2.0,4.0,0.0,0.0,6.0,0.0,2.0,0.0,0.0,2.0,9.105,0.0,0.0,12.0
700,Ca0.9Bi0.1Mn0.9Nb0.1O3,2.117290002,1,Mgaultois/Sparks,Peer-reviewed literature,76.9,327.4,163.7013185,2864.44,58.1,14.3,512.7,12.977,9.9,12.3,5.9,1.4000000000000001,29.5,0.1,6.3,5.1,0.0,11.5,75.85982758621,0.0,0.0002791086206895,457.9,15.379999999999999,65.47999999999999,32.7402637,572.888,11.62,2.8600000000000003,102.53999999999999,2.5954,1.98,2.46,1.18,0.28,5.9,0.02,1.26,1.02,0.0,2.3,15.171965517242,0.0,5.582172413789999e-05,91.58,8.856,26.644800000000004,20.08903644,622.84512,5.3912,1.032,43.848,1.01352,0.03920000000000001,1.8695999999999997,1.8408,0.5488000000000001,1.44,0.0392,0.9576,1.6319999999999997,0.0,1.188,8.966735172413522,0.0,9.154762758615599e-05,98.67920000000001,75.0,80.0,192.981,2695.2,14.0,4.0,110.0,2.44,1.0,4.0,10.0,14.0,27.0,1.0,3.0,6.0,0.0,7.0,28.665000000000003,0.0,0.000310120689655,217.0,83.0,87.0,208.9804,2750.0,16.0,6.0,176.0,3.44,2.0,4.0,10.0,14.0,29.0,1.0,3.0,6.0,0.0,7.0,37.77,0.0,0.000310120689655,229.0,8.0,7.0,15.9994,54.8,2.0,2.0,66.0,1.0,1.0,0.0,0.0,0.0,2.0,0.0,0.0,0.0,0.0,0.0,9.105,0.0,0.0,12.0,8.0,87.0,15.9994,54.8,16.0,2.0,66.0,3.44,2.0,4.0,0.0,0.0,6.0,0.0,2.0,0.0,0.0,2.0,9.105,0.0,0.0,12.0
1000,Ca0.9Bi0.1Mn0.9Nb0.1O3,2.080750003,1,Mgaultois/Sparks,Peer-reviewed literature,76.9,327.4,163.7013185,2864.44,58.1,14.3,512.7,12.977,9.9,12.3,5.9,1.4000000000000001,29.5,0.1,6.3,5.1,0.0,11.5,75.85982758621,0.0,0.0002791086206895,457.9,15.379999999999999,65.47999999999999,32.7402637,572.888,11.62,2.8600000000000003,102.53999999999999,2.5954,1.98,2.46,1.18,0.28,5.9,0.02,1.26,1.02,0.0,2.3,15.171965517242,0.0,5.582172413789999e-05,91.58,8.856,26.644800000000004,20.08903644,622.84512,5.3912,1.032,43.848,1.01352,0.03920000000000001,1.8695999999999997,1.8408,0.5488000000000001,1.44,0.0392,0.9576,1.6319999999999997,0.0,1.188,8.966735172413522,0.0,9.154762758615599e-05,98.67920000000001,75.0,80.0,192.981,2695.2,14.0,4.0,110.0,2.44,1.0,4.0,10.0,14.0,27.0,1.0,3.0,6.0,0.0,7.0,28.665000000000003,0.0,0.000310120689655,217.0,83.0,87.0,208.9804,2750.0,16.0,6.0,176.0,3.44,2.0,4.0,10.0,14.0,29.0,1.0,3.0,6.0,0.0,7.0,37.77,0.0,0.000310120689655,229.0,8.0,7.0,15.9994,54.8,2.0,2.0,66.0,1.0,1.0,0.0,0.0,0.0,2.0,0.0,0.0,0.0,0.0,0.0,9.105,0.0,0.0,12.0,8.0,87.0,15.9994,54.8,16.0,2.0,66.0,3.44,2.0,4.0,0.0,0.0,6.0,0.0,2.0,0.0,0.0,2.0,9.105,0.0,0.0,12.0
300,CaMn0.98Nb0.02O3,1.698970004,1,Mgaultois/Sparks,Peer-reviewed literature,69.32,319.9,143.7736117,2823.02,56.96,14.02,513.5,12.871,9.98,12.0,4.98,0.0,26.96,0.02,6.0,5.0200000000000005,0.0,11.04,75.726434482762,0.0,0.0003039182758619,478.23999999999995,13.864,63.98,28.75472234,564.6039999999999,11.392,2.8040000000000003,102.7,2.5742000000000003,1.996,2.4,0.996,0.0,5.3919999999999995,0.004,1.2,1.004,0.0,2.208,15.145286896552403,0.0,6.0783655172379996e-05,95.64800000000001,7.0368,27.624000000000002,15.306386808000003,611.7647999999999,5.5296,0.9648000000000001,44.04,1.0389599999999999,0.007968000000000003,1.92,1.5936,0.0,1.3599360000000003,0.007968,0.96,1.6063999999999998,0.0,1.1328,9.074162946206624,0.0,9.774011751718703e-05,100.3776,33.0,80.0,76.90698,2695.2,14.0,3.0,110.0,2.44,1.0,4.0,5.0,0.0,5.0,1.0,2.0,6.0,0.0,7.0,28.665000000000003,0.0,0.000310120689655,217.0,41.0,87.0,92.90638,2750.0,16.0,5.0,176.0,3.44,2.0,4.0,5.0,0.0,7.0,1.0,2.0,6.0,0.0,7.0,37.77,0.0,0.000310120689655,229.0,8.0,7.0,15.9994,54.8,2.0,2.0,66.0,1.0,1.0,0.0,0.0,0.0,2.0,0.0,0.0,0.0,0.0,0.0,9.105,0.0,0.0,12.0,8.0,87.0,15.9994,54.8,16.0,2.0,66.0,3.44,2.0,4.0,0.0,0.0,6.0,0.0,2.0,0.0,0.0,2.0,9.105,0.0,0.0,12.0
400,CaMn0.98Nb0.02O3,1.666736155,1,Mgaultois/Sparks,Peer-reviewed literature,69.32,319.9,143.7736117,2823.02,56.96,14.02,513.5,12.871,9.98,12.0,4.98,0.0,26.96,0.02,6.0,5.0200000000000005,0.0,11.04,75.726434482762,0.0,0.0003039182758619,478.23999999999995,13.864,63.98,28.75472234,564.6039999999999,11.392,2.8040000000000003,102.7,2.5742000000000003,1.996,2.4,0.996,0.0,5.3919999999999995,0.004,1.2,1.004,0.0,2.208,15.145286896552403,0.0,6.0783655172379996e-05,95.64800000000001,7.0368,27.624000000000002,15.306386808000003,611.7647999999999,5.5296,0.9648000000000001,44.04,1.0389599999999999,0.007968000000000003,1.92,1.5936,0.0,1.3599360000000003,0.007968,0.96,1.6063999999999998,0.0,1.1328,9.074162946206624,0.0,9.774011751718703e-05,100.3776,33.0,80.0,76.90698,2695.2,14.0,3.0,110.0,2.44,1.0,4.0,5.0,0.0,5.0,1.0,2.0,6.0,0.0,7.0,28.665000000000003,0.0,0.000310120689655,217.0,41.0,87.0,92.90638,2750.0,16.0,5.0,176.0,3.44,2.0,4.0,5.0,0.0,7.0,1.0,2.0,6.0,0.0,7.0,37.77,0.0,0.000310120689655,229.0,8.0,7.0,15.9994,54.8,2.0,2.0,66.0,1.0,1.0,0.0,0.0,0.0,2.0,0.0,0.0,0.0,0.0,0.0,9.105,0.0,0.0,12.0,8.0,87.0,15.9994,54.8,16.0,2.0,66.0,3.44,2.0,4.0,0.0,0.0,6.0,0.0,2.0,0.0,0.0,2.0,9.105,0.0,0.0,12.0
700,CaMn0.98Nb0.02O3,1.547324402,1,Mgaultois/Sparks,Peer-reviewed literature,69.32,319.9,143.7736117,2823.02,56.96,14.02,513.5,12.871,9.98,12.0,4.98,0.0,26.96,0.02,6.0,5.0200000000000005,0.0,11.04,75.726434482762,0.0,0.0003039182758619,478.23999999999995,13.864,63.98,28.75472234,564.6039999999999,11.392,2.8040000000000003,102.7,2.5742000000000003,1.996,2.4,0.996,0.0,5.3919999999999995,0.004,1.2,1.004,0.0,2.208,15.145286896552403,0.0,6.0783655172379996e-05,95.64800000000001,7.0368,27.624000000000002,15.306386808000003,611.7647999999999,5.5296,0.9648000000000001,44.04,1.0389599999999999,0.007968000000000003,1.92,1.5936,0.0,1.3599360000000003,0.007968,0.96,1.6063999999999998,0.0,1.1328,9.074162946206624,0.0,9.774011751718703e-05,100.3776,33.0,80.0,76.90698,2695.2,14.0,3.0,110.0,2.44,1.0,4.0,5.0,0.0,5.0,1.0,2.0,6.0,0.0,7.0,28.665000000000003,0.0,0.000310120689655,217.0,41.0,87.0,92.90638,2750.0,16.0,5.0,176.0,3.44,2.0,4.0,5.0,0.0,7.0,1.0,2.0,6.0,0.0,7.0,37.77,0.0,0.000310120689655,229.0,8.0,7.0,15.9994,54.8,2.0,2.0,66.0,1.0,1.0,0.0,0.0,0.0,2.0,0.0,0.0,0.0,0.0,0.0,9.105,0.0,0.0,12.0,8.0,87.0,15.9994,54.8,16.0,2.0,66.0,3.44,2.0,4.0,0.0,0.0,6.0,0.0,2.0,0.0,0.0,2.0,9.105,0.0,0.0,12.0
1000,CaMn0.98Nb0.02O3,1.510331147,1,Mgaultois/Sparks,Peer-reviewed literature,69.32,319.9,143.7736117,2823.02,56.96,14.02,513.5,12.871,9.98,12.0,4.98,0.0,26.96,0.02,6.0,5.0200000000000005,0.0,11.04,75.726434482762,0.0,0.0003039182758619,478.23999999999995,13.864,63.98,28.75472234,564.6039999999999,11.392,2.8040000000000003,102.7,2.5742000000000003,1.996,2.4,0.996,0.0,5.3919999999999995,0.004,1.2,1.004,0.0,2.208,15.145286896552403,0.0,6.0783655172379996e-05,95.64800000000001,7.0368,27.624000000000002,15.306386808000003,611.7647999999999,5.5296,0.9648000000000001,44.04,1.0389599999999999,0.007968000000000003,1.92,1.5936,0.0,1.3599360000000003,0.007968,0.96,1.6063999999999998,0.0,1.1328,9.074162946206624,0.0,9.774011751718703e-05,100.3776,33.0,80.0,76.90698,2695.2,14.0,3.0,110.0,2.44,1.0,4.0,5.0,0.0,5.0,1.0,2.0,6.0,0.0,7.0,28.665000000000003,0.0,0.000310120689655,217.0,41.0,87.0,92.90638,2750.0,16.0,5.0,176.0,3.44,2.0,4.0,5.0,0.0,7.0,1.0,2.0,6.0,0.0,7.0,37.77,0.0,0.000310120689655,229.0,8.0,7.0,15.9994,54.8,2.0,2.0,66.0,1.0,1.0,0.0,0.0,0.0,2.0,0.0,0.0,0.0,0.0,0.0,9.105,0.0,0.0,12.0,8.0,87.0,15.9994,54.8,16.0,2.0,66.0,3.44,2.0,4.0,0.0,0.0,6.0,0.0,2.0,0.0,0.0,2.0,9.105,0.0,0.0,12.0
400,CaMn0.98Ru0.02O3,1.735990149,1,Mgaultois/Sparks,Peer-reviewed literature,69.38,320.08,143.9368841,2820.16,57.019999999999996,14.02,513.1400000000001,12.883000000000001,9.98,12.0,5.04,0.0,27.02,0.02,6.0,4.96,0.0,10.98,75.633034482762,0.0,0.0003039182758619,477.53999999999996,13.876000000000001,64.01599999999999,28.78737682,564.0319999999999,11.404,2.8040000000000003,102.62800000000001,2.5766,1.996,2.4,1.008,0.0,5.404,0.004,1.2,0.992,0.0,2.1959999999999997,15.126606896552403,0.0,6.0783655172379996e-05,95.50800000000001,7.051200000000001,27.580800000000004,15.345572184000002,611.0784,5.5152,0.9648000000000001,43.9536,1.0360800000000001,0.007968000000000003,1.92,1.6128,0.0,1.3616000000000001,0.007968,0.96,1.5872000000000002,0.0,1.1136,9.057357241379043,0.0,9.774011751718703e-05,100.2096,36.0,80.0,85.0706,2552.2,14.0,3.0,110.0,2.44,1.0,4.0,7.0,0.0,6.0,1.0,2.0,5.0,0.0,5.0,28.665000000000003,0.0,0.000310120689655,213.0,44.0,87.0,101.07,2607.0,16.0,5.0,176.0,3.44,2.0,4.0,7.0,0.0,8.0,1.0,2.0,5.0,0.0,5.0,37.77,0.0,0.000310120689655,225.0,8.0,7.0,15.9994,54.8,2.0,2.0,66.0,1.0,1.0,0.0,0.0,0.0,2.0,0.0,0.0,0.0,0.0,0.0,9.105,0.0,0.0,12.0,8.0,87.0,15.9994,54.8,16.0,2.0,66.0,3.44,2.0,4.0,0.0,0.0,6.0,0.0,2.0,0.0,0.0,2.0,9.105,0.0,0.0,12.0
700,CaMn0.98Ru0.02O3,1.61649162,1,Mgaultois/Sparks,Peer-reviewed literature,69.38,320.08,143.9368841,2820.16,57.019999999999996,14.02,513.1400000000001,12.883000000000001,9.98,12.0,5.04,0.0,27.02,0.02,6.0,4.96,0.0,10.98,75.633034482762,0.0,0.0003039182758619,477.53999999999996,13.876000000000001,64.01599999999999,28.78737682,564.0319999999999,11.404,2.8040000000000003,102.62800000000001,2.5766,1.996,2.4,1.008,0.0,5.404,0.004,1.2,0.992,0.0,2.1959999999999997,15.126606896552403,0.0,6.0783655172379996e-05,95.50800000000001,7.051200000000001,27.580800000000004,15.345572184000002,611.0784,5.5152,0.9648000000000001,43.9536,1.0360800000000001,0.007968000000000003,1.92,1.6128,0.0,1.3616000000000001,0.007968,0.96,1.5872000000000002,0.0,1.1136,9.057357241379043,0.0,9.774011751718703e-05,100.2096,36.0,80.0,85.0706,2552.2,14.0,3.0,110.0,2.44,1.0,4.0,7.0,0.0,6.0,1.0,2.0,5.0,0.0,5.0,28.665000000000003,0.0,0.000310120689655,213.0,44.0,87.0,101.07,2607.0,16.0,5.0,176.0,3.44,2.0,4.0,7.0,0.0,8.0,1.0,2.0,5.0,0.0,5.0,37.77,0.0,0.000310120689655,225.0,8.0,7.0,15.9994,54.8,2.0,2.0,66.0,1.0,1.0,0.0,0.0,0.0,2.0,0.0,0.0,0.0,0.0,0.0,9.105,0.0,0.0,12.0,8.0,87.0,15.9994,54.8,16.0,2.0,66.0,3.44,2.0,4.0,0.0,0.0,6.0,0.0,2.0,0.0,0.0,2.0,9.105,0.0,0.0,12.0
1000,CaMn0.98Ru0.02O3,1.55284352,1,Mgaultois/Sparks,Peer-reviewed literature,69.38,320.08,143.9368841,2820.16,57.019999999999996,14.02,513.1400000000001,12.883000000000001,9.98,12.0,5.04,0.0,27.02,0.02,6.0,4.96,0.0,10.98,75.633034482762,0.0,0.0003039182758619,477.53999999999996,13.876000000000001,64.01599999999999,28.78737682,564.0319999999999,11.404,2.8040000000000003,102.62800000000001,2.5766,1.996,2.4,1.008,0.0,5.404,0.004,1.2,0.992,0.0,2.1959999999999997,15.126606896552403,0.0,6.0783655172379996e-05,95.50800000000001,7.051200000000001,27.580800000000004,15.345572184000002,611.0784,5.5152,0.9648000000000001,43.9536,1.0360800000000001,0.007968000000000003,1.92,1.6128,0.0,1.3616000000000001,0.007968,0.96,1.5872000000000002,0.0,1.1136,9.057357241379043,0.0,9.774011751718703e-05,100.2096,36.0,80.0,85.0706,2552.2,14.0,3.0,110.0,2.44,1.0,4.0,7.0,0.0,6.0,1.0,2.0,5.0,0.0,5.0,28.665000000000003,0.0,0.000310120689655,213.0,44.0,87.0,101.07,2607.0,16.0,5.0,176.0,3.44,2.0,4.0,7.0,0.0,8.0,1.0,2.0,5.0,0.0,5.0,37.77,0.0,0.000310120689655,225.0,8.0,7.0,15.9994,54.8,2.0,2.0,66.0,1.0,1.0,0.0,0.0,0.0,2.0,0.0,0.0,0.0,0.0,0.0,9.105,0.0,0.0,12.0,8.0,87.0,15.9994,54.8,16.0,2.0,66.0,3.44,2.0,4.0,0.0,0.0,6.0,0.0,2.0,0.0,0.0,2.0,9.105,0.0,0.0,12.0
400,CaMn0.96Ru0.04O3,2.123708821,1,Mgaultois/Sparks,Peer-reviewed literature,69.75999999999999,320.16,144.8595232,2841.92,57.04,14.04,513.28,12.896,9.96,12.0,5.08,0.0,27.04,0.04,6.0,4.92,0.0,10.96,75.693482758624,0.0,0.00029771586206879996,477.08,13.952000000000002,64.032,28.971904639999998,568.384,11.408,2.808,102.656,2.5792,1.992,2.4,1.016,0.0,5.4079999999999995,0.008,1.2,0.984,0.0,2.192,15.138696551724799,0.0,5.9543172413759995e-05,95.41600000000001,7.1424,27.5616,15.567005568,616.3008,5.510400000000001,0.9696,43.9872,1.0329599999999999,0.015872000000000008,1.92,1.6256,0.0,1.3632000000000004,0.015872,0.96,1.5743999999999998,0.0,1.1072000000000002,9.052521379310079,0.0,9.622176662063615e-05,100.0992,36.0,80.0,85.0706,2552.2,14.0,3.0,110.0,2.44,1.0,4.0,7.0,0.0,6.0,1.0,2.0,5.0,0.0,5.0,28.665000000000003,0.0,0.000310120689655,213.0,44.0,87.0,101.07,2607.0,16.0,5.0,176.0,3.44,2.0,4.0,7.0,0.0,8.0,1.0,2.0,5.0,0.0,5.0,37.77,0.0,0.000310120689655,225.0,8.0,7.0,15.9994,54.8,2.0,2.0,66.0,1.0,1.0,0.0,0.0,0.0,2.0,0.0,0.0,0.0,0.0,0.0,9.105,0.0,0.0,12.0,8.0,87.0,15.9994,54.8,16.0,2.0,66.0,3.44,2.0,4.0,0.0,0.0,6.0,0.0,2.0,0.0,0.0,2.0,9.105,0.0,0.0,12.0
700,CaMn0.96Ru0.04O3,1.992102932,1,Mgaultois/Sparks,Peer-reviewed literature,69.75999999999999,320.16,144.8595232,2841.92,57.04,14.04,513.28,12.896,9.96,12.0,5.08,0.0,27.04,0.04,6.0,4.92,0.0,10.96,75.693482758624,0.0,0.00029771586206879996,477.08,13.952000000000002,64.032,28.971904639999998,568.384,11.408,2.808,102.656,2.5792,1.992,2.4,1.016,0.0,5.4079999999999995,0.008,1.2,0.984,0.0,2.192,15.138696551724799,0.0,5.9543172413759995e-05,95.41600000000001,7.1424,27.5616,15.567005568,616.3008,5.510400000000001,0.9696,43.9872,1.0329599999999999,0.015872000000000008,1.92,1.6256,0.0,1.3632000000000004,0.015872,0.96,1.5743999999999998,0.0,1.1072000000000002,9.052521379310079,0.0,9.622176662063615e-05,100.0992,36.0,80.0,85.0706,2552.2,14.0,3.0,110.0,2.44,1.0,4.0,7.0,0.0,6.0,1.0,2.0,5.0,0.0,5.0,28.665000000000003,0.0,0.000310120689655,213.0,44.0,87.0,101.07,2607.0,16.0,5.0,176.0,3.44,2.0,4.0,7.0,0.0,8.0,1.0,2.0,5.0,0.0,5.0,37.77,0.0,0.000310120689655,225.0,8.0,7.0,15.9994,54.8,2.0,2.0,66.0,1.0,1.0,0.0,0.0,0.0,2.0,0.0,0.0,0.0,0.0,0.0,9.105,0.0,0.0,12.0,8.0,87.0,15.9994,54.8,16.0,2.0,66.0,3.44,2.0,4.0,0.0,0.0,6.0,0.0,2.0,0.0,0.0,2.0,9.105,0.0,0.0,12.0
1000,CaMn0.96Ru0.04O3,1.896257837,1,Mgaultois/Sparks,Peer-reviewed literature,69.75999999999999,320.16,144.8595232,2841.92,57.04,14.04,513.28,12.896,9.96,12.0,5.08,0.0,27.04,0.04,6.0,4.92,0.0,10.96,75.693482758624,0.0,0.00029771586206879996,477.08,13.952000000000002,64.032,28.971904639999998,568.384,11.408,2.808,102.656,2.5792,1.992,2.4,1.016,0.0,5.4079999999999995,0.008,1.2,0.984,0.0,2.192,15.138696551724799,0.0,5.9543172413759995e-05,95.41600000000001,7.1424,27.5616,15.567005568,616.3008,5.510400000000001,0.9696,43.9872,1.0329599999999999,0.015872000000000008,1.92,1.6256,0.0,1.3632000000000004,0.015872,0.96,1.5743999999999998,0.0,1.1072000000000002,9.052521379310079,0.0,9.622176662063615e-05,100.0992,36.0,80.0,85.0706,2552.2,14.0,3.0,110.0,2.44,1.0,4.0,7.0,0.0,6.0,1.0,2.0,5.0,0.0,5.0,28.665000000000003,0.0,0.000310120689655,213.0,44.0,87.0,101.07,2607.0,16.0,5.0,176.0,3.44,2.0,4.0,7.0,0.0,8.0,1.0,2.0,5.0,0.0,5.0,37.77,0.0,0.000310120689655,225.0,8.0,7.0,15.9994,54.8,2.0,2.0,66.0,1.0,1.0,0.0,0.0,0.0,2.0,0.0,0.0,0.0,0.0,0.0,9.105,0.0,0.0,12.0,8.0,87.0,15.9994,54.8,16.0,2.0,66.0,3.44,2.0,4.0,0.0,0.0,6.0,0.0,2.0,0.0,0.0,2.0,9.105,0.0,0.0,12.0
400,CaMn0.94Ru0.06O3,2.180344873,1,Mgaultois/Sparks,Peer-reviewed literature,70.14,320.24,145.78216229999998,2863.68,57.06,14.06,513.42,12.909,9.94,12.0,5.119999999999999,0.0,27.060000000000002,0.06,6.0,4.879999999999999,0.0,10.94,75.753931034486,0.0,0.00029151344827569995,476.62,14.027999999999999,64.048,29.156432459999998,572.736,11.411999999999999,2.8120000000000003,102.68400000000001,2.5818000000000003,1.988,2.4,1.024,0.0,5.412,0.012,1.2,0.976,0.0,2.1879999999999997,15.150786206897202,0.0,5.8302689655139994e-05,95.324,7.233599999999999,27.5424,15.788438952,621.5232000000001,5.5056,0.9744,44.0208,1.0298399999999999,0.02371200000000001,1.92,1.6383999999999999,0.0,1.3648,0.023711999999999997,0.96,1.5615999999999999,0.0,1.1007999999999998,9.04768551724112,0.0,9.468356799994734e-05,99.9888,36.0,80.0,85.0706,2552.2,14.0,3.0,110.0,2.44,1.0,4.0,7.0,0.0,6.0,1.0,2.0,5.0,0.0,5.0,28.665000000000003,0.0,0.000310120689655,213.0,44.0,87.0,101.07,2607.0,16.0,5.0,176.0,3.44,2.0,4.0,7.0,0.0,8.0,1.0,2.0,5.0,0.0,5.0,37.77,0.0,0.000310120689655,225.0,8.0,7.0,15.9994,54.8,2.0,2.0,66.0,1.0,1.0,0.0,0.0,0.0,2.0,0.0,0.0,0.0,0.0,0.0,9.105,0.0,0.0,12.0,8.0,87.0,15.9994,54.8,16.0,2.0,66.0,3.44,2.0,4.0,0.0,0.0,6.0,0.0,2.0,0.0,0.0,2.0,9.105,0.0,0.0,12.0
700,CaMn0.94Ru0.06O3,2.049472072,1,Mgaultois/Sparks,Peer-reviewed literature,70.14,320.24,145.78216229999998,2863.68,57.06,14.06,513.42,12.909,9.94,12.0,5.119999999999999,0.0,27.060000000000002,0.06,6.0,4.879999999999999,0.0,10.94,75.753931034486,0.0,0.00029151344827569995,476.62,14.027999999999999,64.048,29.156432459999998,572.736,11.411999999999999,2.8120000000000003,102.68400000000001,2.5818000000000003,1.988,2.4,1.024,0.0,5.412,0.012,1.2,0.976,0.0,2.1879999999999997,15.150786206897202,0.0,5.8302689655139994e-05,95.324,7.233599999999999,27.5424,15.788438952,621.5232000000001,5.5056,0.9744,44.0208,1.0298399999999999,0.02371200000000001,1.92,1.6383999999999999,0.0,1.3648,0.023711999999999997,0.96,1.5615999999999999,0.0,1.1007999999999998,9.04768551724112,0.0,9.468356799994734e-05,99.9888,36.0,80.0,85.0706,2552.2,14.0,3.0,110.0,2.44,1.0,4.0,7.0,0.0,6.0,1.0,2.0,5.0,0.0,5.0,28.665000000000003,0.0,0.000310120689655,213.0,44.0,87.0,101.07,2607.0,16.0,5.0,176.0,3.44,2.0,4.0,7.0,0.0,8.0,1.0,2.0,5.0,0.0,5.0,37.77,0.0,0.000310120689655,225.0,8.0,7.0,15.9994,54.8,2.0,2.0,66.0,1.0,1.0,0.0,0.0,0.0,2.0,0.0,0.0,0.0,0.0,0.0,9.105,0.0,0.0,12.0,8.0,87.0,15.9994,54.8,16.0,2.0,66.0,3.44,2.0,4.0,0.0,0.0,6.0,0.0,2.0,0.0,0.0,2.0,9.105,0.0,0.0,12.0
1000,CaMn0.94Ru0.06O3,1.943377151,1,Mgaultois/Sparks,Peer-reviewed literature,70.14,320.24,145.78216229999998,2863.68,57.06,14.06,513.42,12.909,9.94,12.0,5.119999999999999,0.0,27.060000000000002,0.06,6.0,4.879999999999999,0.0,10.94,75.753931034486,0.0,0.00029151344827569995,476.62,14.027999999999999,64.048,29.156432459999998,572.736,11.411999999999999,2.8120000000000003,102.68400000000001,2.5818000000000003,1.988,2.4,1.024,0.0,5.412,0.012,1.2,0.976,0.0,2.1879999999999997,15.150786206897202,0.0,5.8302689655139994e-05,95.324,7.233599999999999,27.5424,15.788438952,621.5232000000001,5.5056,0.9744,44.0208,1.0298399999999999,0.02371200000000001,1.92,1.6383999999999999,0.0,1.3648,0.023711999999999997,0.96,1.5615999999999999,0.0,1.1007999999999998,9.04768551724112,0.0,9.468356799994734e-05,99.9888,36.0,80.0,85.0706,2552.2,14.0,3.0,110.0,2.44,1.0,4.0,7.0,0.0,6.0,1.0,2.0,5.0,0.0,5.0,28.665000000000003,0.0,0.000310120689655,213.0,44.0,87.0,101.07,2607.0,16.0,5.0,176.0,3.44,2.0,4.0,7.0,0.0,8.0,1.0,2.0,5.0,0.0,5.0,37.77,0.0,0.000310120689655,225.0,8.0,7.0,15.9994,54.8,2.0,2.0,66.0,1.0,1.0,0.0,0.0,0.0,2.0,0.0,0.0,0.0,0.0,0.0,9.105,0.0,0.0,12.0,8.0,87.0,15.9994,54.8,16.0,2.0,66.0,3.44,2.0,4.0,0.0,0.0,6.0,0.0,2.0,0.0,0.0,2.0,9.105,0.0,0.0,12.0
400,CaMn0.9Ru0.1O3,2.402691025,1,Mgaultois/Sparks,Peer-reviewed literature,70.9,320.4,147.6274405,2907.2000000000003,57.1,14.1,513.7,12.935,9.9,12.0,5.2,0.0,27.1,0.1,6.0,4.8,0.0,10.9,75.87482758621,0.0,0.0002791086206895,475.7,14.18,64.08,29.525488100000004,581.44,11.42,2.8200000000000003,102.74000000000001,2.587,1.98,2.4,1.04,0.0,5.42,0.02,1.2,0.96,0.0,2.1799999999999997,15.174965517242,0.0,5.582172413789999e-05,95.14,7.416,27.503999999999998,16.23130572,631.9680000000001,5.496,0.984,44.088,1.0235999999999998,0.03920000000000001,1.92,1.6640000000000001,0.0,1.368,0.0392,0.96,1.536,0.0,1.0879999999999999,9.0380137931032,0.0,9.154762758615599e-05,99.768,36.0,80.0,85.0706,2552.2,14.0,3.0,110.0,2.44,1.0,4.0,7.0,0.0,6.0,1.0,2.0,5.0,0.0,5.0,28.665000000000003,0.0,0.000310120689655,213.0,44.0,87.0,101.07,2607.0,16.0,5.0,176.0,3.44,2.0,4.0,7.0,0.0,8.0,1.0,2.0,5.0,0.0,5.0,37.77,0.0,0.000310120689655,225.0,8.0,7.0,15.9994,54.8,2.0,2.0,66.0,1.0,1.0,0.0,0.0,0.0,2.0,0.0,0.0,0.0,0.0,0.0,9.105,0.0,0.0,12.0,8.0,87.0,15.9994,54.8,16.0,2.0,66.0,3.44,2.0,4.0,0.0,0.0,6.0,0.0,2.0,0.0,0.0,2.0,9.105,0.0,0.0,12.0
700,CaMn0.9Ru0.1O3,2.276509848,1,Mgaultois/Sparks,Peer-reviewed literature,70.9,320.4,147.6274405,2907.2000000000003,57.1,14.1,513.7,12.935,9.9,12.0,5.2,0.0,27.1,0.1,6.0,4.8,0.0,10.9,75.87482758621,0.0,0.0002791086206895,475.7,14.18,64.08,29.525488100000004,581.44,11.42,2.8200000000000003,102.74000000000001,2.587,1.98,2.4,1.04,0.0,5.42,0.02,1.2,0.96,0.0,2.1799999999999997,15.174965517242,0.0,5.582172413789999e-05,95.14,7.416,27.503999999999998,16.23130572,631.9680000000001,5.496,0.984,44.088,1.0235999999999998,0.03920000000000001,1.92,1.6640000000000001,0.0,1.368,0.0392,0.96,1.536,0.0,1.0879999999999999,9.0380137931032,0.0,9.154762758615599e-05,99.768,36.0,80.0,85.0706,2552.2,14.0,3.0,110.0,2.44,1.0,4.0,7.0,0.0,6.0,1.0,2.0,5.0,0.0,5.0,28.665000000000003,0.0,0.000310120689655,213.0,44.0,87.0,101.07,2607.0,16.0,5.0,176.0,3.44,2.0,4.0,7.0,0.0,8.0,1.0,2.0,5.0,0.0,5.0,37.77,0.0,0.000310120689655,225.0,8.0,7.0,15.9994,54.8,2.0,2.0,66.0,1.0,1.0,0.0,0.0,0.0,2.0,0.0,0.0,0.0,0.0,0.0,9.105,0.0,0.0,12.0,8.0,87.0,15.9994,54.8,16.0,2.0,66.0,3.44,2.0,4.0,0.0,0.0,6.0,0.0,2.0,0.0,0.0,2.0,9.105,0.0,0.0,12.0
1000,CaMn0.9Ru0.1O3,2.17147415,1,Mgaultois/Sparks,Peer-reviewed literature,70.9,320.4,147.6274405,2907.2000000000003,57.1,14.1,513.7,12.935,9.9,12.0,5.2,0.0,27.1,0.1,6.0,4.8,0.0,10.9,75.87482758621,0.0,0.0002791086206895,475.7,14.18,64.08,29.525488100000004,581.44,11.42,2.8200000000000003,102.74000000000001,2.587,1.98,2.4,1.04,0.0,5.42,0.02,1.2,0.96,0.0,2.1799999999999997,15.174965517242,0.0,5.582172413789999e-05,95.14,7.416,27.503999999999998,16.23130572,631.9680000000001,5.496,0.984,44.088,1.0235999999999998,0.03920000000000001,1.92,1.6640000000000001,0.0,1.368,0.0392,0.96,1.536,0.0,1.0879999999999999,9.0380137931032,0.0,9.154762758615599e-05,99.768,36.0,80.0,85.0706,2552.2,14.0,3.0,110.0,2.44,1.0,4.0,7.0,0.0,6.0,1.0,2.0,5.0,0.0,5.0,28.665000000000003,0.0,0.000310120689655,213.0,44.0,87.0,101.07,2607.0,16.0,5.0,176.0,3.44,2.0,4.0,7.0,0.0,8.0,1.0,2.0,5.0,0.0,5.0,37.77,0.0,0.000310120689655,225.0,8.0,7.0,15.9994,54.8,2.0,2.0,66.0,1.0,1.0,0.0,0.0,0.0,2.0,0.0,0.0,0.0,0.0,0.0,9.105,0.0,0.0,12.0,8.0,87.0,15.9994,54.8,16.0,2.0,66.0,3.44,2.0,4.0,0.0,0.0,6.0,0.0,2.0,0.0,0.0,2.0,9.105,0.0,0.0,12.0
400,CaMn0.82Ru0.18O3,2.507935598,1,Mgaultois/Sparks,Peer-reviewed literature,72.42,320.72,151.3179969,2994.2400000000002,57.18,14.18,514.26,12.987,9.82,12.0,5.359999999999999,0.0,27.18,0.18,6.0,4.64,0.0,10.82,76.116620689658,0.0,0.0002542989655171,473.86,14.483999999999998,64.14399999999999,30.263599380000002,598.848,11.436,2.836,102.852,2.5974,1.964,2.4,1.0719999999999998,0.0,5.436,0.036,1.2,0.9279999999999998,0.0,2.1639999999999997,15.223324137931602,0.0,5.085979310341999e-05,94.77199999999999,7.780799999999999,27.427200000000003,17.117039255999998,652.8576,5.476799999999999,1.0032,44.2224,1.01112,0.06940800000000003,1.92,1.7151999999999998,0.0,1.3744,0.069408,0.96,1.4848,0.0,1.0623999999999998,9.018670344827362,0.0,8.503757406891822e-05,99.3264,36.0,80.0,85.0706,2552.2,14.0,3.0,110.0,2.44,1.0,4.0,7.0,0.0,6.0,1.0,2.0,5.0,0.0,5.0,28.665000000000003,0.0,0.000310120689655,213.0,44.0,87.0,101.07,2607.0,16.0,5.0,176.0,3.44,2.0,4.0,7.0,0.0,8.0,1.0,2.0,5.0,0.0,5.0,37.77,0.0,0.000310120689655,225.0,8.0,7.0,15.9994,54.8,2.0,2.0,66.0,1.0,1.0,0.0,0.0,0.0,2.0,0.0,0.0,0.0,0.0,0.0,9.105,0.0,0.0,12.0,8.0,87.0,15.9994,54.8,16.0,2.0,66.0,3.44,2.0,4.0,0.0,0.0,6.0,0.0,2.0,0.0,0.0,2.0,9.105,0.0,0.0,12.0
700,CaMn0.82Ru0.18O3,2.394665858,1,Mgaultois/Sparks,Peer-reviewed literature,72.42,320.72,151.3179969,2994.2400000000002,57.18,14.18,514.26,12.987,9.82,12.0,5.359999999999999,0.0,27.18,0.18,6.0,4.64,0.0,10.82,76.116620689658,0.0,0.0002542989655171,473.86,14.483999999999998,64.14399999999999,30.263599380000002,598.848,11.436,2.836,102.852,2.5974,1.964,2.4,1.0719999999999998,0.0,5.436,0.036,1.2,0.9279999999999998,0.0,2.1639999999999997,15.223324137931602,0.0,5.085979310341999e-05,94.77199999999999,7.780799999999999,27.427200000000003,17.117039255999998,652.8576,5.476799999999999,1.0032,44.2224,1.01112,0.06940800000000003,1.92,1.7151999999999998,0.0,1.3744,0.069408,0.96,1.4848,0.0,1.0623999999999998,9.018670344827362,0.0,8.503757406891822e-05,99.3264,36.0,80.0,85.0706,2552.2,14.0,3.0,110.0,2.44,1.0,4.0,7.0,0.0,6.0,1.0,2.0,5.0,0.0,5.0,28.665000000000003,0.0,0.000310120689655,213.0,44.0,87.0,101.07,2607.0,16.0,5.0,176.0,3.44,2.0,4.0,7.0,0.0,8.0,1.0,2.0,5.0,0.0,5.0,37.77,0.0,0.000310120689655,225.0,8.0,7.0,15.9994,54.8,2.0,2.0,66.0,1.0,1.0,0.0,0.0,0.0,2.0,0.0,0.0,0.0,0.0,0.0,9.105,0.0,0.0,12.0,8.0,87.0,15.9994,54.8,16.0,2.0,66.0,3.44,2.0,4.0,0.0,0.0,6.0,0.0,2.0,0.0,0.0,2.0,9.105,0.0,0.0,12.0
1000,CaMn0.82Ru0.18O3,2.297023492,1,Mgaultois/Sparks,Peer-reviewed literature,72.42,320.72,151.3179969,2994.2400000000002,57.18,14.18,514.26,12.987,9.82,12.0,5.359999999999999,0.0,27.18,0.18,6.0,4.64,0.0,10.82,76.116620689658,0.0,0.0002542989655171,473.86,14.483999999999998,64.14399999999999,30.263599380000002,598.848,11.436,2.836,102.852,2.5974,1.964,2.4,1.0719999999999998,0.0,5.436,0.036,1.2,0.9279999999999998,0.0,2.1639999999999997,15.223324137931602,0.0,5.085979310341999e-05,94.77199999999999,7.780799999999999,27.427200000000003,17.117039255999998,652.8576,5.476799999999999,1.0032,44.2224,1.01112,0.06940800000000003,1.92,1.7151999999999998,0.0,1.3744,0.069408,0.96,1.4848,0.0,1.0623999999999998,9.018670344827362,0.0,8.503757406891822e-05,99.3264,36.0,80.0,85.0706,2552.2,14.0,3.0,110.0,2.44,1.0,4.0,7.0,0.0,6.0,1.0,2.0,5.0,0.0,5.0,28.665000000000003,0.0,0.000310120689655,213.0,44.0,87.0,101.07,2607.0,16.0,5.0,176.0,3.44,2.0,4.0,7.0,0.0,8.0,1.0,2.0,5.0,0.0,5.0,37.77,0.0,0.000310120689655,225.0,8.0,7.0,15.9994,54.8,2.0,2.0,66.0,1.0,1.0,0.0,0.0,0.0,2.0,0.0,0.0,0.0,0.0,0.0,9.105,0.0,0.0,12.0,8.0,87.0,15.9994,54.8,16.0,2.0,66.0,3.44,2.0,4.0,0.0,0.0,6.0,0.0,2.0,0.0,0.0,2.0,9.105,0.0,0.0,12.0
300,CaGd0.98Mn0.02O3,1.515053472,1,Mgaultois/Sparks,Peer-reviewed literature,107.22,295.5,243.2799609,2864.06,53.08,15.959999999999999,568.8599999999999,12.527000000000001,10.0,12.0,1.08,6.859999999999999,29.94,0.0,6.0,8.92,6.859999999999999,21.78,96.703751724138,0.0,6.2024137930999995e-06,455.46,21.444000000000003,59.099999999999994,48.655992180000005,572.812,10.616,3.192,113.77200000000002,2.5054,2.0,2.4,0.216,1.372,5.9879999999999995,0.0,1.2,1.784,1.372,4.356,19.3407503448276,0.0,1.24048275862e-06,91.092,16.7104,33.480000000000004,42.619107488,621.6144,6.4608,1.4304000000000001,57.32640000000001,1.1215199999999999,0.0,1.92,0.3456,2.206176,1.5952000000000004,0.0,0.96,2.8544,2.206176,4.5696,12.353725726896542,0.0,2.47104165517104e-06,94.91040000000001,56.0,80.0,141.2506,1531.2,14.0,4.0,130.0,2.44,0.0,4.0,5.0,7.0,8.0,0.0,2.0,9.0,7.0,16.0,28.665000000000003,0.0,0.000310120689655,213.0,64.0,87.0,157.25,1586.0,16.0,6.0,196.0,3.44,2.0,4.0,5.0,7.0,10.0,0.0,2.0,9.0,7.0,16.0,37.77,0.0,0.000310120689655,225.0,8.0,7.0,15.9994,54.8,2.0,2.0,66.0,1.0,2.0,0.0,0.0,0.0,2.0,0.0,0.0,0.0,0.0,0.0,9.105,0.0,0.0,12.0,8.0,87.0,15.9994,54.8,16.0,2.0,66.0,3.44,2.0,4.0,0.0,0.0,6.0,0.0,2.0,0.0,0.0,2.0,9.105,0.0,0.0,12.0
400,CaGd0.98Mn0.02O3,1.560020263,1,Mgaultois/Sparks,Peer-reviewed literature,107.22,295.5,243.2799609,2864.06,53.08,15.959999999999999,568.8599999999999,12.527000000000001,10.0,12.0,1.08,6.859999999999999,29.94,0.0,6.0,8.92,6.859999999999999,21.78,96.703751724138,0.0,6.2024137930999995e-06,455.46,21.444000000000003,59.099999999999994,48.655992180000005,572.812,10.616,3.192,113.77200000000002,2.5054,2.0,2.4,0.216,1.372,5.9879999999999995,0.0,1.2,1.784,1.372,4.356,19.3407503448276,0.0,1.24048275862e-06,91.092,16.7104,33.480000000000004,42.619107488,621.6144,6.4608,1.4304000000000001,57.32640000000001,1.1215199999999999,0.0,1.92,0.3456,2.206176,1.5952000000000004,0.0,0.96,2.8544,2.206176,4.5696,12.353725726896542,0.0,2.47104165517104e-06,94.91040000000001,56.0,80.0,141.2506,1531.2,14.0,4.0,130.0,2.44,0.0,4.0,5.0,7.0,8.0,0.0,2.0,9.0,7.0,16.0,28.665000000000003,0.0,0.000310120689655,213.0,64.0,87.0,157.25,1586.0,16.0,6.0,196.0,3.44,2.0,4.0,5.0,7.0,10.0,0.0,2.0,9.0,7.0,16.0,37.77,0.0,0.000310120689655,225.0,8.0,7.0,15.9994,54.8,2.0,2.0,66.0,1.0,2.0,0.0,0.0,0.0,2.0,0.0,0.0,0.0,0.0,0.0,9.105,0.0,0.0,12.0,8.0,87.0,15.9994,54.8,16.0,2.0,66.0,3.44,2.0,4.0,0.0,0.0,6.0,0.0,2.0,0.0,0.0,2.0,9.105,0.0,0.0,12.0
700,CaGd0.98Mn0.02O3,1.655504353,1,Mgaultois/Sparks,Peer-reviewed literature,107.22,295.5,243.2799609,2864.06,53.08,15.959999999999999,568.8599999999999,12.527000000000001,10.0,12.0,1.08,6.859999999999999,29.94,0.0,6.0,8.92,6.859999999999999,21.78,96.703751724138,0.0,6.2024137930999995e-06,455.46,21.444000000000003,59.099999999999994,48.655992180000005,572.812,10.616,3.192,113.77200000000002,2.5054,2.0,2.4,0.216,1.372,5.9879999999999995,0.0,1.2,1.784,1.372,4.356,19.3407503448276,0.0,1.24048275862e-06,91.092,16.7104,33.480000000000004,42.619107488,621.6144,6.4608,1.4304000000000001,57.32640000000001,1.1215199999999999,0.0,1.92,0.3456,2.206176,1.5952000000000004,0.0,0.96,2.8544,2.206176,4.5696,12.353725726896542,0.0,2.47104165517104e-06,94.91040000000001,56.0,80.0,141.2506,1531.2,14.0,4.0,130.0,2.44,0.0,4.0,5.0,7.0,8.0,0.0,2.0,9.0,7.0,16.0,28.665000000000003,0.0,0.000310120689655,213.0,64.0,87.0,157.25,1586.0,16.0,6.0,196.0,3.44,2.0,4.0,5.0,7.0,10.0,0.0,2.0,9.0,7.0,16.0,37.77,0.0,0.000310120689655,225.0,8.0,7.0,15.9994,54.8,2.0,2.0,66.0,1.0,2.0,0.0,0.0,0.0,2.0,0.0,0.0,0.0,0.0,0.0,9.105,0.0,0.0,12.0,8.0,87.0,15.9994,54.8,16.0,2.0,66.0,3.44,2.0,4.0,0.0,0.0,6.0,0.0,2.0,0.0,0.0,2.0,9.105,0.0,0.0,12.0
1000,CaGd0.98Mn0.02O3,1.643922241,1,Mgaultois/Sparks,Peer-reviewed literature,107.22,295.5,243.2799609,2864.06,53.08,15.959999999999999,568.8599999999999,12.527000000000001,10.0,12.0,1.08,6.859999999999999,29.94,0.0,6.0,8.92,6.859999999999999,21.78,96.703751724138,0.0,6.2024137930999995e-06,455.46,21.444000000000003,59.099999999999994,48.655992180000005,572.812,10.616,3.192,113.77200000000002,2.5054,2.0,2.4,0.216,1.372,5.9879999999999995,0.0,1.2,1.784,1.372,4.356,19.3407503448276,0.0,1.24048275862e-06,91.092,16.7104,33.480000000000004,42.619107488,621.6144,6.4608,1.4304000000000001,57.32640000000001,1.1215199999999999,0.0,1.92,0.3456,2.206176,1.5952000000000004,0.0,0.96,2.8544,2.206176,4.5696,12.353725726896542,0.0,2.47104165517104e-06,94.91040000000001,56.0,80.0,141.2506,1531.2,14.0,4.0,130.0,2.44,0.0,4.0,5.0,7.0,8.0,0.0,2.0,9.0,7.0,16.0,28.665000000000003,0.0,0.000310120689655,213.0,64.0,87.0,157.25,1586.0,16.0,6.0,196.0,3.44,2.0,4.0,5.0,7.0,10.0,0.0,2.0,9.0,7.0,16.0,37.77,0.0,0.000310120689655,225.0,8.0,7.0,15.9994,54.8,2.0,2.0,66.0,1.0,2.0,0.0,0.0,0.0,2.0,0.0,0.0,0.0,0.0,0.0,9.105,0.0,0.0,12.0,8.0,87.0,15.9994,54.8,16.0,2.0,66.0,3.44,2.0,4.0,0.0,0.0,6.0,0.0,2.0,0.0,0.0,2.0,9.105,0.0,0.0,12.0
300,CaGd0.96Mn0.04O3,1.827769122,1,Mgaultois/Sparks,Peer-reviewed literature,106.44,296.0,241.2337218,2862.7200000000003,53.16,15.92,567.72,12.534,10.0,12.0,1.16,6.72,29.88,0.0,6.0,8.84,6.72,21.56,96.272503448276,0.0,1.2404827586199999e-05,455.92,21.288,59.199999999999996,48.24674436,572.544,10.632,3.184,113.54399999999998,2.5068,2.0,2.4,0.232,1.344,5.975999999999999,0.0,1.2,1.768,1.344,4.312,19.254500689655202,0.0,2.48096551724e-06,91.184,16.4608,33.36,41.96431097599999,621.2927999999999,6.4416,1.4207999999999998,57.0528,1.11984,0.0,1.92,0.3712,2.171904,1.5904000000000007,0.0,0.96,2.8288,2.171904,4.4992,12.319671459310324,0.0,4.92223558620416e-06,95.02080000000001,56.0,80.0,141.2506,1531.2,14.0,4.0,130.0,2.44,0.0,4.0,5.0,7.0,8.0,0.0,2.0,9.0,7.0,16.0,28.665000000000003,0.0,0.000310120689655,213.0,64.0,87.0,157.25,1586.0,16.0,6.0,196.0,3.44,2.0,4.0,5.0,7.0,10.0,0.0,2.0,9.0,7.0,16.0,37.77,0.0,0.000310120689655,225.0,8.0,7.0,15.9994,54.8,2.0,2.0,66.0,1.0,2.0,0.0,0.0,0.0,2.0,0.0,0.0,0.0,0.0,0.0,9.105,0.0,0.0,12.0,8.0,87.0,15.9994,54.8,16.0,2.0,66.0,3.44,2.0,4.0,0.0,0.0,6.0,0.0,2.0,0.0,0.0,2.0,9.105,0.0,0.0,12.0
400,CaGd0.96Mn0.04O3,1.890301406,1,Mgaultois/Sparks,Peer-reviewed literature,106.44,296.0,241.2337218,2862.7200000000003,53.16,15.92,567.72,12.534,10.0,12.0,1.16,6.72,29.88,0.0,6.0,8.84,6.72,21.56,96.272503448276,0.0,1.2404827586199999e-05,455.92,21.288,59.199999999999996,48.24674436,572.544,10.632,3.184,113.54399999999998,2.5068,2.0,2.4,0.232,1.344,5.975999999999999,0.0,1.2,1.768,1.344,4.312,19.254500689655202,0.0,2.48096551724e-06,91.184,16.4608,33.36,41.96431097599999,621.2927999999999,6.4416,1.4207999999999998,57.0528,1.11984,0.0,1.92,0.3712,2.171904,1.5904000000000007,0.0,0.96,2.8288,2.171904,4.4992,12.319671459310324,0.0,4.92223558620416e-06,95.02080000000001,56.0,80.0,141.2506,1531.2,14.0,4.0,130.0,2.44,0.0,4.0,5.0,7.0,8.0,0.0,2.0,9.0,7.0,16.0,28.665000000000003,0.0,0.000310120689655,213.0,64.0,87.0,157.25,1586.0,16.0,6.0,196.0,3.44,2.0,4.0,5.0,7.0,10.0,0.0,2.0,9.0,7.0,16.0,37.77,0.0,0.000310120689655,225.0,8.0,7.0,15.9994,54.8,2.0,2.0,66.0,1.0,2.0,0.0,0.0,0.0,2.0,0.0,0.0,0.0,0.0,0.0,9.105,0.0,0.0,12.0,8.0,87.0,15.9994,54.8,16.0,2.0,66.0,3.44,2.0,4.0,0.0,0.0,6.0,0.0,2.0,0.0,0.0,2.0,9.105,0.0,0.0,12.0
700,CaGd0.96Mn0.04O3,1.933053272,1,Mgaultois/Sparks,Peer-reviewed literature,106.44,296.0,241.2337218,2862.7200000000003,53.16,15.92,567.72,12.534,10.0,12.0,1.16,6.72,29.88,0.0,6.0,8.84,6.72,21.56,96.272503448276,0.0,1.2404827586199999e-05,455.92,21.288,59.199999999999996,48.24674436,572.544,10.632,3.184,113.54399999999998,2.5068,2.0,2.4,0.232,1.344,5.975999999999999,0.0,1.2,1.768,1.344,4.312,19.254500689655202,0.0,2.48096551724e-06,91.184,16.4608,33.36,41.96431097599999,621.2927999999999,6.4416,1.4207999999999998,57.0528,1.11984,0.0,1.92,0.3712,2.171904,1.5904000000000007,0.0,0.96,2.8288,2.171904,4.4992,12.319671459310324,0.0,4.92223558620416e-06,95.02080000000001,56.0,80.0,141.2506,1531.2,14.0,4.0,130.0,2.44,0.0,4.0,5.0,7.0,8.0,0.0,2.0,9.0,7.0,16.0,28.665000000000003,0.0,0.000310120689655,213.0,64.0,87.0,157.25,1586.0,16.0,6.0,196.0,3.44,2.0,4.0,5.0,7.0,10.0,0.0,2.0,9.0,7.0,16.0,37.77,0.0,0.000310120689655,225.0,8.0,7.0,15.9994,54.8,2.0,2.0,66.0,1.0,2.0,0.0,0.0,0.0,2.0,0.0,0.0,0.0,0.0,0.0,9.105,0.0,0.0,12.0,8.0,87.0,15.9994,54.8,16.0,2.0,66.0,3.44,2.0,4.0,0.0,0.0,6.0,0.0,2.0,0.0,0.0,2.0,9.105,0.0,0.0,12.0
1000,CaGd0.96Mn0.04O3,1.976088037,1,Mgaultois/Sparks,Peer-reviewed literature,106.44,296.0,241.2337218,2862.7200000000003,53.16,15.92,567.72,12.534,10.0,12.0,1.16,6.72,29.88,0.0,6.0,8.84,6.72,21.56,96.272503448276,0.0,1.2404827586199999e-05,455.92,21.288,59.199999999999996,48.24674436,572.544,10.632,3.184,113.54399999999998,2.5068,2.0,2.4,0.232,1.344,5.975999999999999,0.0,1.2,1.768,1.344,4.312,19.254500689655202,0.0,2.48096551724e-06,91.184,16.4608,33.36,41.96431097599999,621.2927999999999,6.4416,1.4207999999999998,57.0528,1.11984,0.0,1.92,0.3712,2.171904,1.5904000000000007,0.0,0.96,2.8288,2.171904,4.4992,12.319671459310324,0.0,4.92223558620416e-06,95.02080000000001,56.0,80.0,141.2506,1531.2,14.0,4.0,130.0,2.44,0.0,4.0,5.0,7.0,8.0,0.0,2.0,9.0,7.0,16.0,28.665000000000003,0.0,0.000310120689655,213.0,64.0,87.0,157.25,1586.0,16.0,6.0,196.0,3.44,2.0,4.0,5.0,7.0,10.0,0.0,2.0,9.0,7.0,16.0,37.77,0.0,0.000310120689655,225.0,8.0,7.0,15.9994,54.8,2.0,2.0,66.0,1.0,2.0,0.0,0.0,0.0,2.0,0.0,0.0,0.0,0.0,0.0,9.105,0.0,0.0,12.0,8.0,87.0,15.9994,54.8,16.0,2.0,66.0,3.44,2.0,4.0,0.0,0.0,6.0,0.0,2.0,0.0,0.0,2.0,9.105,0.0,0.0,12.0
300,CaGd0.94Mn0.06O3,1.837272689,1,Mgaultois/Sparks,Peer-reviewed literature,105.66,296.5,239.1874827,2861.38,53.24,15.88,566.5799999999999,12.541,10.0,12.0,1.24,6.58,29.82,0.0,6.0,8.76,6.58,21.34,95.841255172414,0.0,1.8607241379299998e-05,456.38,21.132,59.3,47.837496540000004,572.276,10.648,3.176,113.316,2.5082,2.0,2.4,0.248,1.316,5.9639999999999995,0.0,1.2,1.752,1.316,4.268,19.1682510344828,0.0,3.7214482758599997e-06,91.27600000000001,16.211199999999998,33.239999999999995,41.309514464,620.9712,6.4224,1.4112,56.7792,1.11816,0.0,1.92,0.3968,2.137184,1.5856000000000003,0.0,0.96,2.8032,2.137184,4.4288,12.284237197241346,0.0,7.353581793099359e-06,95.1312,56.0,80.0,141.2506,1531.2,14.0,4.0,130.0,2.44,0.0,4.0,5.0,7.0,8.0,0.0,2.0,9.0,7.0,16.0,28.665000000000003,0.0,0.000310120689655,213.0,64.0,87.0,157.25,1586.0,16.0,6.0,196.0,3.44,2.0,4.0,5.0,7.0,10.0,0.0,2.0,9.0,7.0,16.0,37.77,0.0,0.000310120689655,225.0,8.0,7.0,15.9994,54.8,2.0,2.0,66.0,1.0,2.0,0.0,0.0,0.0,2.0,0.0,0.0,0.0,0.0,0.0,9.105,0.0,0.0,12.0,8.0,87.0,15.9994,54.8,16.0,2.0,66.0,3.44,2.0,4.0,0.0,0.0,6.0,0.0,2.0,0.0,0.0,2.0,9.105,0.0,0.0,12.0
400,CaGd0.94Mn0.06O3,1.944952256,1,Mgaultois/Sparks,Peer-reviewed literature,105.66,296.5,239.1874827,2861.38,53.24,15.88,566.5799999999999,12.541,10.0,12.0,1.24,6.58,29.82,0.0,6.0,8.76,6.58,21.34,95.841255172414,0.0,1.8607241379299998e-05,456.38,21.132,59.3,47.837496540000004,572.276,10.648,3.176,113.316,2.5082,2.0,2.4,0.248,1.316,5.9639999999999995,0.0,1.2,1.752,1.316,4.268,19.1682510344828,0.0,3.7214482758599997e-06,91.27600000000001,16.211199999999998,33.239999999999995,41.309514464,620.9712,6.4224,1.4112,56.7792,1.11816,0.0,1.92,0.3968,2.137184,1.5856000000000003,0.0,0.96,2.8032,2.137184,4.4288,12.284237197241346,0.0,7.353581793099359e-06,95.1312,56.0,80.0,141.2506,1531.2,14.0,4.0,130.0,2.44,0.0,4.0,5.0,7.0,8.0,0.0,2.0,9.0,7.0,16.0,28.665000000000003,0.0,0.000310120689655,213.0,64.0,87.0,157.25,1586.0,16.0,6.0,196.0,3.44,2.0,4.0,5.0,7.0,10.0,0.0,2.0,9.0,7.0,16.0,37.77,0.0,0.000310120689655,225.0,8.0,7.0,15.9994,54.8,2.0,2.0,66.0,1.0,2.0,0.0,0.0,0.0,2.0,0.0,0.0,0.0,0.0,0.0,9.105,0.0,0.0,12.0,8.0,87.0,15.9994,54.8,16.0,2.0,66.0,3.44,2.0,4.0,0.0,0.0,6.0,0.0,2.0,0.0,0.0,2.0,9.105,0.0,0.0,12.0
700,CaGd0.94Mn0.06O3,2.062491737,1,Mgaultois/Sparks,Peer-reviewed literature,105.66,296.5,239.1874827,2861.38,53.24,15.88,566.5799999999999,12.541,10.0,12.0,1.24,6.58,29.82,0.0,6.0,8.76,6.58,21.34,95.841255172414,0.0,1.8607241379299998e-05,456.38,21.132,59.3,47.837496540000004,572.276,10.648,3.176,113.316,2.5082,2.0,2.4,0.248,1.316,5.9639999999999995,0.0,1.2,1.752,1.316,4.268,19.1682510344828,0.0,3.7214482758599997e-06,91.27600000000001,16.211199999999998,33.239999999999995,41.309514464,620.9712,6.4224,1.4112,56.7792,1.11816,0.0,1.92,0.3968,2.137184,1.5856000000000003,0.0,0.96,2.8032,2.137184,4.4288,12.284237197241346,0.0,7.353581793099359e-06,95.1312,56.0,80.0,141.2506,1531.2,14.0,4.0,130.0,2.44,0.0,4.0,5.0,7.0,8.0,0.0,2.0,9.0,7.0,16.0,28.665000000000003,0.0,0.000310120689655,213.0,64.0,87.0,157.25,1586.0,16.0,6.0,196.0,3.44,2.0,4.0,5.0,7.0,10.0,0.0,2.0,9.0,7.0,16.0,37.77,0.0,0.000310120689655,225.0,8.0,7.0,15.9994,54.8,2.0,2.0,66.0,1.0,2.0,0.0,0.0,0.0,2.0,0.0,0.0,0.0,0.0,0.0,9.105,0.0,0.0,12.0,8.0,87.0,15.9994,54.8,16.0,2.0,66.0,3.44,2.0,4.0,0.0,0.0,6.0,0.0,2.0,0.0,0.0,2.0,9.105,0.0,0.0,12.0
1000,CaGd0.94Mn0.06O3,2.05230142,1,Mgaultois/Sparks,Peer-reviewed literature,105.66,296.5,239.1874827,2861.38,53.24,15.88,566.5799999999999,12.541,10.0,12.0,1.24,6.58,29.82,0.0,6.0,8.76,6.58,21.34,95.841255172414,0.0,1.8607241379299998e-05,456.38,21.132,59.3,47.837496540000004,572.276,10.648,3.176,113.316,2.5082,2.0,2.4,0.248,1.316,5.9639999999999995,0.0,1.2,1.752,1.316,4.268,19.1682510344828,0.0,3.7214482758599997e-06,91.27600000000001,16.211199999999998,33.239999999999995,41.309514464,620.9712,6.4224,1.4112,56.7792,1.11816,0.0,1.92,0.3968,2.137184,1.5856000000000003,0.0,0.96,2.8032,2.137184,4.4288,12.284237197241346,0.0,7.353581793099359e-06,95.1312,56.0,80.0,141.2506,1531.2,14.0,4.0,130.0,2.44,0.0,4.0,5.0,7.0,8.0,0.0,2.0,9.0,7.0,16.0,28.665000000000003,0.0,0.000310120689655,213.0,64.0,87.0,157.25,1586.0,16.0,6.0,196.0,3.44,2.0,4.0,5.0,7.0,10.0,0.0,2.0,9.0,7.0,16.0,37.77,0.0,0.000310120689655,225.0,8.0,7.0,15.9994,54.8,2.0,2.0,66.0,1.0,2.0,0.0,0.0,0.0,2.0,0.0,0.0,0.0,0.0,0.0,9.105,0.0,0.0,12.0,8.0,87.0,15.9994,54.8,16.0,2.0,66.0,3.44,2.0,4.0,0.0,0.0,6.0,0.0,2.0,0.0,0.0,2.0,9.105,0.0,0.0,12.0
400,Nd1.4Bi0.6Ru2O7,2.754941605,1,Mgaultois/Sparks,Peer-reviewed literature,277.8,799.2,641.46284,7735.84,141.2,36.0,1124.2,31.287999999999997,20.0,29.8,20.0,14.0,83.8,2.0,15.8,6.0,14.0,37.8,159.25900000000001,0.0,0.0,750.8,25.254545454545454,72.65454545454546,58.314803636363635,703.2581818181818,12.836363636363636,3.2727272727272725,102.19999999999999,2.844363636363636,1.8181818181818181,2.709090909090909,1.8181818181818181,1.2727272727272725,7.618181818181818,0.18181818181818182,1.4363636363636363,0.5454545454545454,1.2727272727272725,3.4363636363636356,14.47809090909091,0.0,0.0,68.25454545454545,21.960330578512398,19.713719008264462,53.8559682644628,842.6403966942149,4.262479338842975,1.6198347107438016,46.07272727272726,0.7580826446280993,0.2975206611570248,1.6747107438016529,2.776859504132231,2.0826446280991733,2.471404958677686,0.2975206611570248,0.8879338842975206,0.8925619834710743,2.2214876033057847,1.8757024793388426,7.190512396694215,0.0,0.0,77.73355371900826,75.0,68.0,192.981,2552.2,13.0,4.0,135.0,2.3,1.0,4.0,10.0,14.0,23.0,1.0,3.0,3.0,10.0,8.0,25.705000000000002,0.0,0.0,182.0,83.0,87.0,208.9804,2607.0,16.0,6.0,201.0,3.44,2.0,4.0,10.0,14.0,29.0,1.0,3.0,3.0,10.0,10.0,34.81,0.0,0.0,194.0,8.0,19.0,15.9994,54.8,3.0,2.0,66.0,1.14,1.0,0.0,0.0,0.0,6.0,0.0,0.0,0.0,0.0,2.0,9.105,0.0,0.0,12.0,8.0,87.0,15.9994,54.8,16.0,2.0,66.0,3.44,2.0,4.0,0.0,0.0,6.0,0.0,2.0,0.0,0.0,2.0,9.105,0.0,0.0,12.0
700,Nd1.4Bi0.6Ru2O7,2.714888465,1,Mgaultois/Sparks,Peer-reviewed literature,277.8,799.2,641.46284,7735.84,141.2,36.0,1124.2,31.287999999999997,20.0,29.8,20.0,14.0,83.8,2.0,15.8,6.0,14.0,37.8,159.25900000000001,0.0,0.0,750.8,25.254545454545454,72.65454545454546,58.314803636363635,703.2581818181818,12.836363636363636,3.2727272727272725,102.19999999999999,2.844363636363636,1.8181818181818181,2.709090909090909,1.8181818181818181,1.2727272727272725,7.618181818181818,0.18181818181818182,1.4363636363636363,0.5454545454545454,1.2727272727272725,3.4363636363636356,14.47809090909091,0.0,0.0,68.25454545454545,21.960330578512398,19.713719008264462,53.8559682644628,842.6403966942149,4.262479338842975,1.6198347107438016,46.07272727272726,0.7580826446280993,0.2975206611570248,1.6747107438016529,2.776859504132231,2.0826446280991733,2.471404958677686,0.2975206611570248,0.8879338842975206,0.8925619834710743,2.2214876033057847,1.8757024793388426,7.190512396694215,0.0,0.0,77.73355371900826,75.0,68.0,192.981,2552.2,13.0,4.0,135.0,2.3,1.0,4.0,10.0,14.0,23.0,1.0,3.0,3.0,10.0,8.0,25.705000000000002,0.0,0.0,182.0,83.0,87.0,208.9804,2607.0,16.0,6.0,201.0,3.44,2.0,4.0,10.0,14.0,29.0,1.0,3.0,3.0,10.0,10.0,34.81,0.0,0.0,194.0,8.0,19.0,15.9994,54.8,3.0,2.0,66.0,1.14,1.0,0.0,0.0,0.0,6.0,0.0,0.0,0.0,0.0,2.0,9.105,0.0,0.0,12.0,8.0,87.0,15.9994,54.8,16.0,2.0,66.0,3.44,2.0,4.0,0.0,0.0,6.0,0.0,2.0,0.0,0.0,2.0,9.105,0.0,0.0,12.0
1000,Nd1.4Bi0.6Ru2O7,2.690917303,1,Mgaultois/Sparks,Peer-reviewed literature,277.8,799.2,641.46284,7735.84,141.2,36.0,1124.2,31.287999999999997,20.0,29.8,20.0,14.0,83.8,2.0,15.8,6.0,14.0,37.8,159.25900000000001,0.0,0.0,750.8,25.254545454545454,72.65454545454546,58.314803636363635,703.2581818181818,12.836363636363636,3.2727272727272725,102.19999999999999,2.844363636363636,1.8181818181818181,2.709090909090909,1.8181818181818181,1.2727272727272725,7.618181818181818,0.18181818181818182,1.4363636363636363,0.5454545454545454,1.2727272727272725,3.4363636363636356,14.47809090909091,0.0,0.0,68.25454545454545,21.960330578512398,19.713719008264462,53.8559682644628,842.6403966942149,4.262479338842975,1.6198347107438016,46.07272727272726,0.7580826446280993,0.2975206611570248,1.6747107438016529,2.776859504132231,2.0826446280991733,2.471404958677686,0.2975206611570248,0.8879338842975206,0.8925619834710743,2.2214876033057847,1.8757024793388426,7.190512396694215,0.0,0.0,77.73355371900826,75.0,68.0,192.981,2552.2,13.0,4.0,135.0,2.3,1.0,4.0,10.0,14.0,23.0,1.0,3.0,3.0,10.0,8.0,25.705000000000002,0.0,0.0,182.0,83.0,87.0,208.9804,2607.0,16.0,6.0,201.0,3.44,2.0,4.0,10.0,14.0,29.0,1.0,3.0,3.0,10.0,10.0,34.81,0.0,0.0,194.0,8.0,19.0,15.9994,54.8,3.0,2.0,66.0,1.14,1.0,0.0,0.0,0.0,6.0,0.0,0.0,0.0,0.0,2.0,9.105,0.0,0.0,12.0,8.0,87.0,15.9994,54.8,16.0,2.0,66.0,3.44,2.0,4.0,0.0,0.0,6.0,0.0,2.0,0.0,0.0,2.0,9.105,0.0,0.0,12.0
400,NdBiRu2O7,2.931506158,1,Mgaultois/Sparks,Peer-reviewed literature,287.0,826.0,667.3582,7436.0,146.0,36.0,1103.0,31.64,20.0,31.0,24.0,18.0,93.0,2.0,17.0,6.0,10.0,35.0,158.515,0.0,0.0,678.0,26.09090909090909,75.0909090909091,60.668927272727274,676.0,13.272727272727273,3.2727272727272725,100.27272727272728,2.876363636363636,1.8181818181818181,2.8181818181818183,2.1818181818181817,1.6363636363636362,8.454545454545455,0.18181818181818182,1.5454545454545454,0.5454545454545454,0.9090909090909092,3.1818181818181817,14.410454545454545,0.0,0.0,61.63636363636364,23.02479338842975,17.140495867768593,56.85212561983471,814.5454545454545,3.7851239669421486,1.6198347107438016,43.6198347107438,0.7173553719008264,0.2975206611570248,1.537190082644628,3.1735537190082646,2.677685950413223,3.7355371900826455,0.2975206611570248,0.8429752066115702,0.8925619834710743,1.6528925619834711,1.537190082644628,7.0798347107438016,0.0,0.0,72.19834710743802,75.0,68.0,192.981,2552.2,13.0,4.0,135.0,2.3,1.0,4.0,10.0,14.0,23.0,1.0,3.0,3.0,10.0,8.0,25.705000000000002,0.0,0.0,182.0,83.0,87.0,208.9804,2607.0,16.0,6.0,201.0,3.44,2.0,4.0,10.0,14.0,29.0,1.0,3.0,3.0,10.0,10.0,34.81,0.0,0.0,194.0,8.0,19.0,15.9994,54.8,3.0,2.0,66.0,1.14,1.0,0.0,0.0,0.0,6.0,0.0,0.0,0.0,0.0,2.0,9.105,0.0,0.0,12.0,8.0,87.0,15.9994,54.8,16.0,2.0,66.0,3.44,2.0,4.0,0.0,0.0,6.0,0.0,2.0,0.0,0.0,2.0,9.105,0.0,0.0,12.0
700,NdBiRu2O7,2.87267163,1,Mgaultois/Sparks,Peer-reviewed literature,287.0,826.0,667.3582,7436.0,146.0,36.0,1103.0,31.64,20.0,31.0,24.0,18.0,93.0,2.0,17.0,6.0,10.0,35.0,158.515,0.0,0.0,678.0,26.09090909090909,75.0909090909091,60.668927272727274,676.0,13.272727272727273,3.2727272727272725,100.27272727272728,2.876363636363636,1.8181818181818181,2.8181818181818183,2.1818181818181817,1.6363636363636362,8.454545454545455,0.18181818181818182,1.5454545454545454,0.5454545454545454,0.9090909090909092,3.1818181818181817,14.410454545454545,0.0,0.0,61.63636363636364,23.02479338842975,17.140495867768593,56.85212561983471,814.5454545454545,3.7851239669421486,1.6198347107438016,43.6198347107438,0.7173553719008264,0.2975206611570248,1.537190082644628,3.1735537190082646,2.677685950413223,3.7355371900826455,0.2975206611570248,0.8429752066115702,0.8925619834710743,1.6528925619834711,1.537190082644628,7.0798347107438016,0.0,0.0,72.19834710743802,75.0,68.0,192.981,2552.2,13.0,4.0,135.0,2.3,1.0,4.0,10.0,14.0,23.0,1.0,3.0,3.0,10.0,8.0,25.705000000000002,0.0,0.0,182.0,83.0,87.0,208.9804,2607.0,16.0,6.0,201.0,3.44,2.0,4.0,10.0,14.0,29.0,1.0,3.0,3.0,10.0,10.0,34.81,0.0,0.0,194.0,8.0,19.0,15.9994,54.8,3.0,2.0,66.0,1.14,1.0,0.0,0.0,0.0,6.0,0.0,0.0,0.0,0.0,2.0,9.105,0.0,0.0,12.0,8.0,87.0,15.9994,54.8,16.0,2.0,66.0,3.44,2.0,4.0,0.0,0.0,6.0,0.0,2.0,0.0,0.0,2.0,9.105,0.0,0.0,12.0
1000,NdBiRu2O7,2.815107081,1,Mgaultois/Sparks,Peer-reviewed literature,287.0,826.0,667.3582,7436.0,146.0,36.0,1103.0,31.64,20.0,31.0,24.0,18.0,93.0,2.0,17.0,6.0,10.0,35.0,158.515,0.0,0.0,678.0,26.09090909090909,75.0909090909091,60.668927272727274,676.0,13.272727272727273,3.2727272727272725,100.27272727272728,2.876363636363636,1.8181818181818181,2.8181818181818183,2.1818181818181817,1.6363636363636362,8.454545454545455,0.18181818181818182,1.5454545454545454,0.5454545454545454,0.9090909090909092,3.1818181818181817,14.410454545454545,0.0,0.0,61.63636363636364,23.02479338842975,17.140495867768593,56.85212561983471,814.5454545454545,3.7851239669421486,1.6198347107438016,43.6198347107438,0.7173553719008264,0.2975206611570248,1.537190082644628,3.1735537190082646,2.677685950413223,3.7355371900826455,0.2975206611570248,0.8429752066115702,0.8925619834710743,1.6528925619834711,1.537190082644628,7.0798347107438016,0.0,0.0,72.19834710743802,75.0,68.0,192.981,2552.2,13.0,4.0,135.0,2.3,1.0,4.0,10.0,14.0,23.0,1.0,3.0,3.0,10.0,8.0,25.705000000000002,0.0,0.0,182.0,83.0,87.0,208.9804,2607.0,16.0,6.0,201.0,3.44,2.0,4.0,10.0,14.0,29.0,1.0,3.0,3.0,10.0,10.0,34.81,0.0,0.0,194.0,8.0,19.0,15.9994,54.8,3.0,2.0,66.0,1.14,1.0,0.0,0.0,0.0,6.0,0.0,0.0,0.0,0.0,2.0,9.105,0.0,0.0,12.0,8.0,87.0,15.9994,54.8,16.0,2.0,66.0,3.44,2.0,4.0,0.0,0.0,6.0,0.0,2.0,0.0,0.0,2.0,9.105,0.0,0.0,12.0
400,Yb1.4Bi0.6Ru2O7,2.492372125,1,Mgaultois/Sparks,Peer-reviewed literature,291.8,827.2,681.7996400000001,7453.040000000001,141.2,36.0,1104.6,31.456,20.0,29.8,20.0,28.0,97.8,2.0,15.8,6.0,0.0,23.8,158.293,0.0,0.0,794.2,26.527272727272727,75.19999999999999,61.98178545454545,677.5490909090909,12.836363636363636,3.2727272727272725,100.41818181818181,2.8596363636363638,1.8181818181818181,2.709090909090909,1.8181818181818181,2.5454545454545454,8.89090909090909,0.18181818181818182,1.4363636363636363,0.5454545454545454,0.0,2.1636363636363636,14.390272727272727,0.0,0.0,72.2,23.580165289256193,16.19636363636364,58.52303603305785,807.1151074380166,4.262479338842975,1.6198347107438016,43.804958677685946,0.7386446280991734,0.2975206611570248,1.6747107438016529,2.776859504132231,4.1652892561983474,4.003305785123967,0.2975206611570248,0.8879338842975206,0.8925619834710743,0.0,0.7590082644628099,7.046809917355371,0.0,0.0,83.18545454545455,75.0,48.0,192.981,2552.2,13.0,4.0,121.0,2.1799999999999997,1.0,4.0,10.0,14.0,23.0,1.0,3.0,3.0,0.0,4.0,25.014999999999997,0.0,0.0,213.0,83.0,87.0,208.9804,2607.0,16.0,6.0,187.0,3.44,2.0,4.0,10.0,14.0,29.0,1.0,3.0,3.0,0.0,4.0,34.12,0.0,0.0,225.0,8.0,39.0,15.9994,54.8,3.0,2.0,66.0,1.26,1.0,0.0,0.0,0.0,6.0,0.0,0.0,0.0,0.0,0.0,9.105,0.0,0.0,12.0,8.0,87.0,15.9994,54.8,16.0,2.0,66.0,3.44,2.0,4.0,0.0,0.0,6.0,0.0,2.0,0.0,0.0,2.0,9.105,0.0,0.0,12.0
700,Yb1.4Bi0.6Ru2O7,2.508636905,1,Mgaultois/Sparks,Peer-reviewed literature,291.8,827.2,681.7996400000001,7453.040000000001,141.2,36.0,1104.6,31.456,20.0,29.8,20.0,28.0,97.8,2.0,15.8,6.0,0.0,23.8,158.293,0.0,0.0,794.2,26.527272727272727,75.19999999999999,61.98178545454545,677.5490909090909,12.836363636363636,3.2727272727272725,100.41818181818181,2.8596363636363638,1.8181818181818181,2.709090909090909,1.8181818181818181,2.5454545454545454,8.89090909090909,0.18181818181818182,1.4363636363636363,0.5454545454545454,0.0,2.1636363636363636,14.390272727272727,0.0,0.0,72.2,23.580165289256193,16.19636363636364,58.52303603305785,807.1151074380166,4.262479338842975,1.6198347107438016,43.804958677685946,0.7386446280991734,0.2975206611570248,1.6747107438016529,2.776859504132231,4.1652892561983474,4.003305785123967,0.2975206611570248,0.8879338842975206,0.8925619834710743,0.0,0.7590082644628099,7.046809917355371,0.0,0.0,83.18545454545455,75.0,48.0,192.981,2552.2,13.0,4.0,121.0,2.1799999999999997,1.0,4.0,10.0,14.0,23.0,1.0,3.0,3.0,0.0,4.0,25.014999999999997,0.0,0.0,213.0,83.0,87.0,208.9804,2607.0,16.0,6.0,187.0,3.44,2.0,4.0,10.0,14.0,29.0,1.0,3.0,3.0,0.0,4.0,34.12,0.0,0.0,225.0,8.0,39.0,15.9994,54.8,3.0,2.0,66.0,1.26,1.0,0.0,0.0,0.0,6.0,0.0,0.0,0.0,0.0,0.0,9.105,0.0,0.0,12.0,8.0,87.0,15.9994,54.8,16.0,2.0,66.0,3.44,2.0,4.0,0.0,0.0,6.0,0.0,2.0,0.0,0.0,2.0,9.105,0.0,0.0,12.0
1000,Yb1.4Bi0.6Ru2O7,2.526154064,1,Mgaultois/Sparks,Peer-reviewed literature,291.8,827.2,681.7996400000001,7453.040000000001,141.2,36.0,1104.6,31.456,20.0,29.8,20.0,28.0,97.8,2.0,15.8,6.0,0.0,23.8,158.293,0.0,0.0,794.2,26.527272727272727,75.19999999999999,61.98178545454545,677.5490909090909,12.836363636363636,3.2727272727272725,100.41818181818181,2.8596363636363638,1.8181818181818181,2.709090909090909,1.8181818181818181,2.5454545454545454,8.89090909090909,0.18181818181818182,1.4363636363636363,0.5454545454545454,0.0,2.1636363636363636,14.390272727272727,0.0,0.0,72.2,23.580165289256193,16.19636363636364,58.52303603305785,807.1151074380166,4.262479338842975,1.6198347107438016,43.804958677685946,0.7386446280991734,0.2975206611570248,1.6747107438016529,2.776859504132231,4.1652892561983474,4.003305785123967,0.2975206611570248,0.8879338842975206,0.8925619834710743,0.0,0.7590082644628099,7.046809917355371,0.0,0.0,83.18545454545455,75.0,48.0,192.981,2552.2,13.0,4.0,121.0,2.1799999999999997,1.0,4.0,10.0,14.0,23.0,1.0,3.0,3.0,0.0,4.0,25.014999999999997,0.0,0.0,213.0,83.0,87.0,208.9804,2607.0,16.0,6.0,187.0,3.44,2.0,4.0,10.0,14.0,29.0,1.0,3.0,3.0,0.0,4.0,34.12,0.0,0.0,225.0,8.0,39.0,15.9994,54.8,3.0,2.0,66.0,1.26,1.0,0.0,0.0,0.0,6.0,0.0,0.0,0.0,0.0,0.0,9.105,0.0,0.0,12.0,8.0,87.0,15.9994,54.8,16.0,2.0,66.0,3.44,2.0,4.0,0.0,0.0,6.0,0.0,2.0,0.0,0.0,2.0,9.105,0.0,0.0,12.0
400,YbBiRu2O7,2.771348172,1,Mgaultois/Sparks,Peer-reviewed literature,297.0,846.0,696.1702,7234.0,146.0,36.0,1089.0,31.759999999999998,20.0,31.0,24.0,28.0,103.0,2.0,17.0,6.0,0.0,25.0,157.825,0.0,0.0,709.0,27.0,76.9090909090909,63.2882,657.6363636363636,13.272727272727273,3.2727272727272725,99.0,2.887272727272727,1.8181818181818181,2.8181818181818183,2.1818181818181817,2.5454545454545454,9.363636363636363,0.18181818181818182,1.5454545454545454,0.5454545454545454,0.0,2.2727272727272725,14.347727272727273,0.0,0.0,64.45454545454545,24.18181818181818,14.495867768595042,60.185745454545454,787.8347107438017,3.7851239669421486,1.6198347107438016,42.0,0.7034710743801653,0.2975206611570248,1.537190082644628,3.1735537190082646,4.1652892561983474,4.776859504132231,0.2975206611570248,0.8429752066115702,0.8925619834710743,0.0,0.7603305785123966,6.977190082644627,0.0,0.0,76.29752066115702,75.0,48.0,192.981,2552.2,13.0,4.0,121.0,2.1799999999999997,1.0,4.0,10.0,14.0,23.0,1.0,3.0,3.0,0.0,4.0,25.014999999999997,0.0,0.0,213.0,83.0,87.0,208.9804,2607.0,16.0,6.0,187.0,3.44,2.0,4.0,10.0,14.0,29.0,1.0,3.0,3.0,0.0,4.0,34.12,0.0,0.0,225.0,8.0,39.0,15.9994,54.8,3.0,2.0,66.0,1.26,1.0,0.0,0.0,0.0,6.0,0.0,0.0,0.0,0.0,0.0,9.105,0.0,0.0,12.0,8.0,87.0,15.9994,54.8,16.0,2.0,66.0,3.44,2.0,4.0,0.0,0.0,6.0,0.0,2.0,0.0,0.0,2.0,9.105,0.0,0.0,12.0
700,YbBiRu2O7,2.752269712,1,Mgaultois/Sparks,Peer-reviewed literature,297.0,846.0,696.1702,7234.0,146.0,36.0,1089.0,31.759999999999998,20.0,31.0,24.0,28.0,103.0,2.0,17.0,6.0,0.0,25.0,157.825,0.0,0.0,709.0,27.0,76.9090909090909,63.2882,657.6363636363636,13.272727272727273,3.2727272727272725,99.0,2.887272727272727,1.8181818181818181,2.8181818181818183,2.1818181818181817,2.5454545454545454,9.363636363636363,0.18181818181818182,1.5454545454545454,0.5454545454545454,0.0,2.2727272727272725,14.347727272727273,0.0,0.0,64.45454545454545,24.18181818181818,14.495867768595042,60.185745454545454,787.8347107438017,3.7851239669421486,1.6198347107438016,42.0,0.7034710743801653,0.2975206611570248,1.537190082644628,3.1735537190082646,4.1652892561983474,4.776859504132231,0.2975206611570248,0.8429752066115702,0.8925619834710743,0.0,0.7603305785123966,6.977190082644627,0.0,0.0,76.29752066115702,75.0,48.0,192.981,2552.2,13.0,4.0,121.0,2.1799999999999997,1.0,4.0,10.0,14.0,23.0,1.0,3.0,3.0,0.0,4.0,25.014999999999997,0.0,0.0,213.0,83.0,87.0,208.9804,2607.0,16.0,6.0,187.0,3.44,2.0,4.0,10.0,14.0,29.0,1.0,3.0,3.0,0.0,4.0,34.12,0.0,0.0,225.0,8.0,39.0,15.9994,54.8,3.0,2.0,66.0,1.26,1.0,0.0,0.0,0.0,6.0,0.0,0.0,0.0,0.0,0.0,9.105,0.0,0.0,12.0,8.0,87.0,15.9994,54.8,16.0,2.0,66.0,3.44,2.0,4.0,0.0,0.0,6.0,0.0,2.0,0.0,0.0,2.0,9.105,0.0,0.0,12.0
1000,YbBiRu2O7,2.742019204,1,Mgaultois/Sparks,Peer-reviewed literature,297.0,846.0,696.1702,7234.0,146.0,36.0,1089.0,31.759999999999998,20.0,31.0,24.0,28.0,103.0,2.0,17.0,6.0,0.0,25.0,157.825,0.0,0.0,709.0,27.0,76.9090909090909,63.2882,657.6363636363636,13.272727272727273,3.2727272727272725,99.0,2.887272727272727,1.8181818181818181,2.8181818181818183,2.1818181818181817,2.5454545454545454,9.363636363636363,0.18181818181818182,1.5454545454545454,0.5454545454545454,0.0,2.2727272727272725,14.347727272727273,0.0,0.0,64.45454545454545,24.18181818181818,14.495867768595042,60.185745454545454,787.8347107438017,3.7851239669421486,1.6198347107438016,42.0,0.7034710743801653,0.2975206611570248,1.537190082644628,3.1735537190082646,4.1652892561983474,4.776859504132231,0.2975206611570248,0.8429752066115702,0.8925619834710743,0.0,0.7603305785123966,6.977190082644627,0.0,0.0,76.29752066115702,75.0,48.0,192.981,2552.2,13.0,4.0,121.0,2.1799999999999997,1.0,4.0,10.0,14.0,23.0,1.0,3.0,3.0,0.0,4.0,25.014999999999997,0.0,0.0,213.0,83.0,87.0,208.9804,2607.0,16.0,6.0,187.0,3.44,2.0,4.0,10.0,14.0,29.0,1.0,3.0,3.0,0.0,4.0,34.12,0.0,0.0,225.0,8.0,39.0,15.9994,54.8,3.0,2.0,66.0,1.26,1.0,0.0,0.0,0.0,6.0,0.0,0.0,0.0,0.0,0.0,9.105,0.0,0.0,12.0,8.0,87.0,15.9994,54.8,16.0,2.0,66.0,3.44,2.0,4.0,0.0,0.0,6.0,0.0,2.0,0.0,0.0,2.0,9.105,0.0,0.0,12.0
400,Bi2Ru2O7,3.309139692,1,Mgaultois/Sparks,Peer-reviewed literature,310.0,893.0,732.0966,6686.400000000001,158.0,36.0,1050.0,32.519999999999996,20.0,34.0,34.0,28.0,116.0,2.0,20.0,6.0,0.0,28.0,156.655,0.0,0.0,496.0,28.181818181818183,81.18181818181819,66.55423636363636,607.8545454545455,14.363636363636363,3.2727272727272725,95.45454545454545,2.956363636363636,1.8181818181818181,3.090909090909091,3.090909090909091,2.5454545454545454,10.545454545454545,0.18181818181818182,1.8181818181818181,0.5454545454545454,0.0,2.5454545454545454,14.241363636363637,0.0,0.0,45.09090909090909,25.68595041322314,9.157024793388427,64.34251900826446,726.9619834710745,2.31404958677686,1.6198347107438016,37.48760330578513,0.6155371900826446,0.2975206611570248,1.15702479338843,3.9338842975206614,4.1652892561983474,6.710743801652892,0.2975206611570248,0.6611570247933884,0.8925619834710743,0.0,0.6942148760330578,6.80314049586777,0.0,0.0,54.14876033057851,75.0,31.0,192.981,2552.2,8.0,4.0,82.0,1.42,1.0,4.0,10.0,14.0,23.0,1.0,3.0,3.0,0.0,2.0,23.845000000000002,0.0,0.0,182.0,83.0,87.0,208.9804,2607.0,16.0,6.0,148.0,3.44,2.0,4.0,10.0,14.0,29.0,1.0,3.0,3.0,0.0,4.0,32.95,0.0,0.0,194.0,8.0,56.0,15.9994,54.8,8.0,2.0,66.0,2.02,1.0,0.0,0.0,0.0,6.0,0.0,0.0,0.0,0.0,2.0,9.105,0.0,0.0,12.0,8.0,87.0,15.9994,54.8,16.0,2.0,66.0,3.44,2.0,4.0,0.0,0.0,6.0,0.0,2.0,0.0,0.0,2.0,9.105,0.0,0.0,12.0
700,Bi2Ru2O7,3.241050279,1,Mgaultois/Sparks,Peer-reviewed literature,310.0,893.0,732.0966,6686.400000000001,158.0,36.0,1050.0,32.519999999999996,20.0,34.0,34.0,28.0,116.0,2.0,20.0,6.0,0.0,28.0,156.655,0.0,0.0,496.0,28.181818181818183,81.18181818181819,66.55423636363636,607.8545454545455,14.363636363636363,3.2727272727272725,95.45454545454545,2.956363636363636,1.8181818181818181,3.090909090909091,3.090909090909091,2.5454545454545454,10.545454545454545,0.18181818181818182,1.8181818181818181,0.5454545454545454,0.0,2.5454545454545454,14.241363636363637,0.0,0.0,45.09090909090909,25.68595041322314,9.157024793388427,64.34251900826446,726.9619834710745,2.31404958677686,1.6198347107438016,37.48760330578513,0.6155371900826446,0.2975206611570248,1.15702479338843,3.9338842975206614,4.1652892561983474,6.710743801652892,0.2975206611570248,0.6611570247933884,0.8925619834710743,0.0,0.6942148760330578,6.80314049586777,0.0,0.0,54.14876033057851,75.0,31.0,192.981,2552.2,8.0,4.0,82.0,1.42,1.0,4.0,10.0,14.0,23.0,1.0,3.0,3.0,0.0,2.0,23.845000000000002,0.0,0.0,182.0,83.0,87.0,208.9804,2607.0,16.0,6.0,148.0,3.44,2.0,4.0,10.0,14.0,29.0,1.0,3.0,3.0,0.0,4.0,32.95,0.0,0.0,194.0,8.0,56.0,15.9994,54.8,8.0,2.0,66.0,2.02,1.0,0.0,0.0,0.0,6.0,0.0,0.0,0.0,0.0,2.0,9.105,0.0,0.0,12.0,8.0,87.0,15.9994,54.8,16.0,2.0,66.0,3.44,2.0,4.0,0.0,0.0,6.0,0.0,2.0,0.0,0.0,2.0,9.105,0.0,0.0,12.0
1000,Bi2Ru2O7,3.163220304,1,Mgaultois/Sparks,Peer-reviewed literature,310.0,893.0,732.0966,6686.400000000001,158.0,36.0,1050.0,32.519999999999996,20.0,34.0,34.0,28.0,116.0,2.0,20.0,6.0,0.0,28.0,156.655,0.0,0.0,496.0,28.181818181818183,81.18181818181819,66.55423636363636,607.8545454545455,14.363636363636363,3.2727272727272725,95.45454545454545,2.956363636363636,1.8181818181818181,3.090909090909091,3.090909090909091,2.5454545454545454,10.545454545454545,0.18181818181818182,1.8181818181818181,0.5454545454545454,0.0,2.5454545454545454,14.241363636363637,0.0,0.0,45.09090909090909,25.68595041322314,9.157024793388427,64.34251900826446,726.9619834710745,2.31404958677686,1.6198347107438016,37.48760330578513,0.6155371900826446,0.2975206611570248,1.15702479338843,3.9338842975206614,4.1652892561983474,6.710743801652892,0.2975206611570248,0.6611570247933884,0.8925619834710743,0.0,0.6942148760330578,6.80314049586777,0.0,0.0,54.14876033057851,75.0,31.0,192.981,2552.2,8.0,4.0,82.0,1.42,1.0,4.0,10.0,14.0,23.0,1.0,3.0,3.0,0.0,2.0,23.845000000000002,0.0,0.0,182.0,83.0,87.0,208.9804,2607.0,16.0,6.0,148.0,3.44,2.0,4.0,10.0,14.0,29.0,1.0,3.0,3.0,0.0,4.0,32.95,0.0,0.0,194.0,8.0,56.0,15.9994,54.8,8.0,2.0,66.0,2.02,1.0,0.0,0.0,0.0,6.0,0.0,0.0,0.0,0.0,2.0,9.105,0.0,0.0,12.0,8.0,87.0,15.9994,54.8,16.0,2.0,66.0,3.44,2.0,4.0,0.0,0.0,6.0,0.0,2.0,0.0,0.0,2.0,9.105,0.0,0.0,12.0
400,Y0.5Bi1.5Ru2O7,2.995180119,1,Mgaultois/Sparks,Peer-reviewed literature,288.0,856.0,672.0593250000001,7313.700000000001,152.0,35.5,1071.0,32.12,20.0,32.5,29.5,21.0,103.0,2.0,18.5,10.5,0.0,31.0,156.3625,0.0,0.0,587.0,26.18181818181818,77.81818181818181,61.09630227272727,664.8818181818182,13.818181818181818,3.2272727272727275,97.36363636363636,2.92,1.8181818181818181,2.9545454545454546,2.6818181818181817,1.909090909090909,9.363636363636363,0.18181818181818182,1.6818181818181817,0.9545454545454546,0.0,2.8181818181818183,14.214772727272727,0.0,0.0,53.36363636363636,23.140495867768593,13.917355371900829,57.39605743801653,809.3264462809917,3.099173553719008,1.5619834710743803,39.917355371900825,0.6618181818181817,0.2975206611570248,1.34297520661157,3.5661157024793386,3.2975206611570247,5.355371900826446,0.2975206611570248,0.7644628099173555,1.4752066115702478,0.0,1.0413223140495869,6.759628099173554,0.0,0.0,63.92561983471074,75.0,75.0,192.981,2552.2,13.0,4.0,124.0,2.2199999999999998,1.0,4.0,10.0,14.0,26.0,1.0,3.0,9.0,0.0,7.0,23.845000000000002,0.0,0.0,182.0,83.0,87.0,208.9804,2607.0,16.0,6.0,190.0,3.44,2.0,4.0,10.0,14.0,29.0,1.0,3.0,9.0,0.0,9.0,32.95,0.0,0.0,194.0,8.0,12.0,15.9994,54.8,3.0,2.0,66.0,1.22,1.0,0.0,0.0,0.0,3.0,0.0,0.0,0.0,0.0,2.0,9.105,0.0,0.0,12.0,8.0,87.0,15.9994,54.8,16.0,2.0,66.0,3.44,2.0,4.0,0.0,0.0,6.0,0.0,2.0,0.0,0.0,2.0,9.105,0.0,0.0,12.0
700,Y0.5Bi1.5Ru2O7,2.978629989,1,Mgaultois/Sparks,Peer-reviewed literature,288.0,856.0,672.0593250000001,7313.700000000001,152.0,35.5,1071.0,32.12,20.0,32.5,29.5,21.0,103.0,2.0,18.5,10.5,0.0,31.0,156.3625,0.0,0.0,587.0,26.18181818181818,77.81818181818181,61.09630227272727,664.8818181818182,13.818181818181818,3.2272727272727275,97.36363636363636,2.92,1.8181818181818181,2.9545454545454546,2.6818181818181817,1.909090909090909,9.363636363636363,0.18181818181818182,1.6818181818181817,0.9545454545454546,0.0,2.8181818181818183,14.214772727272727,0.0,0.0,53.36363636363636,23.140495867768593,13.917355371900829,57.39605743801653,809.3264462809917,3.099173553719008,1.5619834710743803,39.917355371900825,0.6618181818181817,0.2975206611570248,1.34297520661157,3.5661157024793386,3.2975206611570247,5.355371900826446,0.2975206611570248,0.7644628099173555,1.4752066115702478,0.0,1.0413223140495869,6.759628099173554,0.0,0.0,63.92561983471074,75.0,75.0,192.981,2552.2,13.0,4.0,124.0,2.2199999999999998,1.0,4.0,10.0,14.0,26.0,1.0,3.0,9.0,0.0,7.0,23.845000000000002,0.0,0.0,182.0,83.0,87.0,208.9804,2607.0,16.0,6.0,190.0,3.44,2.0,4.0,10.0,14.0,29.0,1.0,3.0,9.0,0.0,9.0,32.95,0.0,0.0,194.0,8.0,12.0,15.9994,54.8,3.0,2.0,66.0,1.22,1.0,0.0,0.0,0.0,3.0,0.0,0.0,0.0,0.0,2.0,9.105,0.0,0.0,12.0,8.0,87.0,15.9994,54.8,16.0,2.0,66.0,3.44,2.0,4.0,0.0,0.0,6.0,0.0,2.0,0.0,0.0,2.0,9.105,0.0,0.0,12.0
1000,Y0.5Bi1.5Ru2O7,2.924230109,1,Mgaultois/Sparks,Peer-reviewed literature,288.0,856.0,672.0593250000001,7313.700000000001,152.0,35.5,1071.0,32.12,20.0,32.5,29.5,21.0,103.0,2.0,18.5,10.5,0.0,31.0,156.3625,0.0,0.0,587.0,26.18181818181818,77.81818181818181,61.09630227272727,664.8818181818182,13.818181818181818,3.2272727272727275,97.36363636363636,2.92,1.8181818181818181,2.9545454545454546,2.6818181818181817,1.909090909090909,9.363636363636363,0.18181818181818182,1.6818181818181817,0.9545454545454546,0.0,2.8181818181818183,14.214772727272727,0.0,0.0,53.36363636363636,23.140495867768593,13.917355371900829,57.39605743801653,809.3264462809917,3.099173553719008,1.5619834710743803,39.917355371900825,0.6618181818181817,0.2975206611570248,1.34297520661157,3.5661157024793386,3.2975206611570247,5.355371900826446,0.2975206611570248,0.7644628099173555,1.4752066115702478,0.0,1.0413223140495869,6.759628099173554,0.0,0.0,63.92561983471074,75.0,75.0,192.981,2552.2,13.0,4.0,124.0,2.2199999999999998,1.0,4.0,10.0,14.0,26.0,1.0,3.0,9.0,0.0,7.0,23.845000000000002,0.0,0.0,182.0,83.0,87.0,208.9804,2607.0,16.0,6.0,190.0,3.44,2.0,4.0,10.0,14.0,29.0,1.0,3.0,9.0,0.0,9.0,32.95,0.0,0.0,194.0,8.0,12.0,15.9994,54.8,3.0,2.0,66.0,1.22,1.0,0.0,0.0,0.0,3.0,0.0,0.0,0.0,0.0,2.0,9.105,0.0,0.0,12.0,8.0,87.0,15.9994,54.8,16.0,2.0,66.0,3.44,2.0,4.0,0.0,0.0,6.0,0.0,2.0,0.0,0.0,2.0,9.105,0.0,0.0,12.0
400,YBiRu2O7,2.699970032,1,Mgaultois/Sparks,Peer-reviewed literature,266.0,819.0,612.02205,7941.0,146.0,35.0,1092.0,31.72,20.0,31.0,25.0,14.0,90.0,2.0,17.0,15.0,0.0,34.0,156.07,0.0,0.0,678.0,24.181818181818183,74.45454545454545,55.63836818181818,721.9090909090909,13.272727272727273,3.1818181818181817,99.27272727272728,2.8836363636363638,1.8181818181818181,2.8181818181818183,2.2727272727272725,1.2727272727272727,8.181818181818182,0.18181818181818182,1.5454545454545454,1.3636363636363638,0.0,3.090909090909091,14.188181818181818,0.0,0.0,61.63636363636364,20.595041322314053,18.06611570247934,50.44959586776859,881.3223140495868,3.7851239669421486,1.5041322314049588,42.34710743801653,0.708099173553719,0.2975206611570248,1.537190082644628,3.12396694214876,2.3140495867768593,3.7851239669421486,0.2975206611570248,0.8429752066115702,1.9834710743801653,0.0,1.4049586776859502,6.716115702479339,0.0,0.0,72.19834710743802,75.0,75.0,192.981,2552.2,13.0,4.0,124.0,2.2199999999999998,1.0,4.0,10.0,14.0,26.0,1.0,3.0,9.0,0.0,7.0,23.845000000000002,0.0,0.0,182.0,83.0,87.0,208.9804,2607.0,16.0,6.0,190.0,3.44,2.0,4.0,10.0,14.0,29.0,1.0,3.0,9.0,0.0,9.0,32.95,0.0,0.0,194.0,8.0,12.0,15.9994,54.8,3.0,2.0,66.0,1.22,1.0,0.0,0.0,0.0,3.0,0.0,0.0,0.0,0.0,2.0,9.105,0.0,0.0,12.0,8.0,87.0,15.9994,54.8,16.0,2.0,66.0,3.44,2.0,4.0,0.0,0.0,6.0,0.0,2.0,0.0,0.0,2.0,9.105,0.0,0.0,12.0
700,YBiRu2O7,2.720900016,1,Mgaultois/Sparks,Peer-reviewed literature,266.0,819.0,612.02205,7941.0,146.0,35.0,1092.0,31.72,20.0,31.0,25.0,14.0,90.0,2.0,17.0,15.0,0.0,34.0,156.07,0.0,0.0,678.0,24.181818181818183,74.45454545454545,55.63836818181818,721.9090909090909,13.272727272727273,3.1818181818181817,99.27272727272728,2.8836363636363638,1.8181818181818181,2.8181818181818183,2.2727272727272725,1.2727272727272727,8.181818181818182,0.18181818181818182,1.5454545454545454,1.3636363636363638,0.0,3.090909090909091,14.188181818181818,0.0,0.0,61.63636363636364,20.595041322314053,18.06611570247934,50.44959586776859,881.3223140495868,3.7851239669421486,1.5041322314049588,42.34710743801653,0.708099173553719,0.2975206611570248,1.537190082644628,3.12396694214876,2.3140495867768593,3.7851239669421486,0.2975206611570248,0.8429752066115702,1.9834710743801653,0.0,1.4049586776859502,6.716115702479339,0.0,0.0,72.19834710743802,75.0,75.0,192.981,2552.2,13.0,4.0,124.0,2.2199999999999998,1.0,4.0,10.0,14.0,26.0,1.0,3.0,9.0,0.0,7.0,23.845000000000002,0.0,0.0,182.0,83.0,87.0,208.9804,2607.0,16.0,6.0,190.0,3.44,2.0,4.0,10.0,14.0,29.0,1.0,3.0,9.0,0.0,9.0,32.95,0.0,0.0,194.0,8.0,12.0,15.9994,54.8,3.0,2.0,66.0,1.22,1.0,0.0,0.0,0.0,3.0,0.0,0.0,0.0,0.0,2.0,9.105,0.0,0.0,12.0,8.0,87.0,15.9994,54.8,16.0,2.0,66.0,3.44,2.0,4.0,0.0,0.0,6.0,0.0,2.0,0.0,0.0,2.0,9.105,0.0,0.0,12.0
1000,YBiRu2O7,2.699279984,1,Mgaultois/Sparks,Peer-reviewed literature,266.0,819.0,612.02205,7941.0,146.0,35.0,1092.0,31.72,20.0,31.0,25.0,14.0,90.0,2.0,17.0,15.0,0.0,34.0,156.07,0.0,0.0,678.0,24.181818181818183,74.45454545454545,55.63836818181818,721.9090909090909,13.272727272727273,3.1818181818181817,99.27272727272728,2.8836363636363638,1.8181818181818181,2.8181818181818183,2.2727272727272725,1.2727272727272727,8.181818181818182,0.18181818181818182,1.5454545454545454,1.3636363636363638,0.0,3.090909090909091,14.188181818181818,0.0,0.0,61.63636363636364,20.595041322314053,18.06611570247934,50.44959586776859,881.3223140495868,3.7851239669421486,1.5041322314049588,42.34710743801653,0.708099173553719,0.2975206611570248,1.537190082644628,3.12396694214876,2.3140495867768593,3.7851239669421486,0.2975206611570248,0.8429752066115702,1.9834710743801653,0.0,1.4049586776859502,6.716115702479339,0.0,0.0,72.19834710743802,75.0,75.0,192.981,2552.2,13.0,4.0,124.0,2.2199999999999998,1.0,4.0,10.0,14.0,26.0,1.0,3.0,9.0,0.0,7.0,23.845000000000002,0.0,0.0,182.0,83.0,87.0,208.9804,2607.0,16.0,6.0,190.0,3.44,2.0,4.0,10.0,14.0,29.0,1.0,3.0,9.0,0.0,9.0,32.95,0.0,0.0,194.0,8.0,12.0,15.9994,54.8,3.0,2.0,66.0,1.22,1.0,0.0,0.0,0.0,3.0,0.0,0.0,0.0,0.0,2.0,9.105,0.0,0.0,12.0,8.0,87.0,15.9994,54.8,16.0,2.0,66.0,3.44,2.0,4.0,0.0,0.0,6.0,0.0,2.0,0.0,0.0,2.0,9.105,0.0,0.0,12.0
400,Y2Ru2O7,-0.758327,0,Mgaultois/Sparks,Peer-reviewed literature,222.0,745.0,491.9475,9195.6,134.0,34.0,1134.0,30.919999999999998,20.0,28.0,16.0,0.0,64.0,2.0,14.0,24.0,0.0,40.0,155.485,0.0,0.0,860.0,20.18181818181818,67.72727272727272,44.7225,835.9636363636364,12.181818181818182,3.090909090909091,103.0909090909091,2.8109090909090906,1.8181818181818181,2.5454545454545454,1.4545454545454546,0.0,5.818181818181818,0.18181818181818182,1.2727272727272727,2.1818181818181817,0.0,3.6363636363636367,14.135000000000002,0.0,0.0,78.18181818181819,15.50413223140496,24.528925619834716,36.556672727272726,994.2082644628099,4.859504132231405,1.3884297520661155,47.20661157024794,0.8006611570247935,0.2975206611570248,1.8512396694214877,2.0165289256198347,0.0,1.024793388429752,0.2975206611570248,0.9256198347107438,2.776859504132231,0.0,2.0826446280991737,6.629090909090911,0.0,0.0,84.23140495867769,36.0,75.0,85.0706,2552.2,13.0,3.0,124.0,2.2199999999999998,1.0,4.0,7.0,0.0,5.0,1.0,2.0,9.0,0.0,7.0,23.26,0.0,0.0,182.0,44.0,87.0,101.07,2607.0,16.0,5.0,190.0,3.44,2.0,4.0,7.0,0.0,8.0,1.0,2.0,9.0,0.0,9.0,32.365,0.0,0.0,194.0,8.0,12.0,15.9994,54.8,3.0,2.0,66.0,1.22,1.0,0.0,0.0,0.0,3.0,0.0,0.0,0.0,0.0,2.0,9.105,0.0,0.0,12.0,8.0,87.0,15.9994,54.8,16.0,2.0,66.0,3.44,2.0,4.0,0.0,0.0,6.0,0.0,2.0,0.0,0.0,2.0,9.105,0.0,0.0,12.0
700,Y2Ru2O7,0.546578,0,Mgaultois/Sparks,Peer-reviewed literature,222.0,745.0,491.9475,9195.6,134.0,34.0,1134.0,30.919999999999998,20.0,28.0,16.0,0.0,64.0,2.0,14.0,24.0,0.0,40.0,155.485,0.0,0.0,860.0,20.18181818181818,67.72727272727272,44.7225,835.9636363636364,12.181818181818182,3.090909090909091,103.0909090909091,2.8109090909090906,1.8181818181818181,2.5454545454545454,1.4545454545454546,0.0,5.818181818181818,0.18181818181818182,1.2727272727272727,2.1818181818181817,0.0,3.6363636363636367,14.135000000000002,0.0,0.0,78.18181818181819,15.50413223140496,24.528925619834716,36.556672727272726,994.2082644628099,4.859504132231405,1.3884297520661155,47.20661157024794,0.8006611570247935,0.2975206611570248,1.8512396694214877,2.0165289256198347,0.0,1.024793388429752,0.2975206611570248,0.9256198347107438,2.776859504132231,0.0,2.0826446280991737,6.629090909090911,0.0,0.0,84.23140495867769,36.0,75.0,85.0706,2552.2,13.0,3.0,124.0,2.2199999999999998,1.0,4.0,7.0,0.0,5.0,1.0,2.0,9.0,0.0,7.0,23.26,0.0,0.0,182.0,44.0,87.0,101.07,2607.0,16.0,5.0,190.0,3.44,2.0,4.0,7.0,0.0,8.0,1.0,2.0,9.0,0.0,9.0,32.365,0.0,0.0,194.0,8.0,12.0,15.9994,54.8,3.0,2.0,66.0,1.22,1.0,0.0,0.0,0.0,3.0,0.0,0.0,0.0,0.0,2.0,9.105,0.0,0.0,12.0,8.0,87.0,15.9994,54.8,16.0,2.0,66.0,3.44,2.0,4.0,0.0,0.0,6.0,0.0,2.0,0.0,0.0,2.0,9.105,0.0,0.0,12.0
1000,Y2Ru2O7,1.073239998,0,Mgaultois/Sparks,Peer-reviewed literature,222.0,745.0,491.9475,9195.6,134.0,34.0,1134.0,30.919999999999998,20.0,28.0,16.0,0.0,64.0,2.0,14.0,24.0,0.0,40.0,155.485,0.0,0.0,860.0,20.18181818181818,67.72727272727272,44.7225,835.9636363636364,12.181818181818182,3.090909090909091,103.0909090909091,2.8109090909090906,1.8181818181818181,2.5454545454545454,1.4545454545454546,0.0,5.818181818181818,0.18181818181818182,1.2727272727272727,2.1818181818181817,0.0,3.6363636363636367,14.135000000000002,0.0,0.0,78.18181818181819,15.50413223140496,24.528925619834716,36.556672727272726,994.2082644628099,4.859504132231405,1.3884297520661155,47.20661157024794,0.8006611570247935,0.2975206611570248,1.8512396694214877,2.0165289256198347,0.0,1.024793388429752,0.2975206611570248,0.9256198347107438,2.776859504132231,0.0,2.0826446280991737,6.629090909090911,0.0,0.0,84.23140495867769,36.0,75.0,85.0706,2552.2,13.0,3.0,124.0,2.2199999999999998,1.0,4.0,7.0,0.0,5.0,1.0,2.0,9.0,0.0,7.0,23.26,0.0,0.0,182.0,44.0,87.0,101.07,2607.0,16.0,5.0,190.0,3.44,2.0,4.0,7.0,0.0,8.0,1.0,2.0,9.0,0.0,9.0,32.365,0.0,0.0,194.0,8.0,12.0,15.9994,54.8,3.0,2.0,66.0,1.22,1.0,0.0,0.0,0.0,3.0,0.0,0.0,0.0,0.0,2.0,9.105,0.0,0.0,12.0,8.0,87.0,15.9994,54.8,16.0,2.0,66.0,3.44,2.0,4.0,0.0,0.0,6.0,0.0,2.0,0.0,0.0,2.0,9.105,0.0,0.0,12.0
300,Nd2Ru2O7,-0.301029996,0,Mgaultois/Sparks,Peer-reviewed literature,264.0,759.0,602.6197999999999,8185.6,134.0,36.0,1156.0,30.759999999999998,20.0,28.0,14.0,8.0,70.0,2.0,14.0,6.0,20.0,42.0,160.375,0.0,0.0,860.0,24.0,69.0,54.783618181818184,744.1454545454545,12.181818181818182,3.2727272727272725,105.0909090909091,2.7963636363636364,1.8181818181818181,2.5454545454545454,1.2727272727272727,0.7272727272727273,6.363636363636363,0.18181818181818182,1.2727272727272727,0.5454545454545454,1.8181818181818183,3.8181818181818183,14.579545454545457,0.0,0.0,78.18181818181819,20.363636363636367,22.90909090909091,49.36173223140496,877.3487603305787,4.859504132231405,1.6198347107438016,49.752066115702476,0.8191735537190081,0.2975206611570248,1.8512396694214877,2.0826446280991737,1.1900826446280992,0.5950413223140494,0.2975206611570248,0.9256198347107438,0.8925619834710743,2.975206611570248,2.31404958677686,7.356528925619837,0.0,0.0,84.23140495867769,52.0,68.0,128.24259999999998,2552.2,13.0,4.0,135.0,2.3,1.0,4.0,7.0,4.0,2.0,1.0,2.0,3.0,10.0,8.0,25.705000000000002,0.0,0.0,182.0,60.0,87.0,144.242,2607.0,16.0,6.0,201.0,3.44,2.0,4.0,7.0,4.0,8.0,1.0,2.0,3.0,10.0,10.0,34.81,0.0,0.0,194.0,8.0,19.0,15.9994,54.8,3.0,2.0,66.0,1.14,1.0,0.0,0.0,0.0,6.0,0.0,0.0,0.0,0.0,2.0,9.105,0.0,0.0,12.0,8.0,87.0,15.9994,54.8,16.0,2.0,66.0,3.44,2.0,4.0,0.0,0.0,6.0,0.0,2.0,0.0,0.0,2.0,9.105,0.0,0.0,12.0
400,Nd2Ru2O7,0.602059991,0,Mgaultois/Sparks,Peer-reviewed literature,264.0,759.0,602.6197999999999,8185.6,134.0,36.0,1156.0,30.759999999999998,20.0,28.0,14.0,8.0,70.0,2.0,14.0,6.0,20.0,42.0,160.375,0.0,0.0,860.0,24.0,69.0,54.783618181818184,744.1454545454545,12.181818181818182,3.2727272727272725,105.0909090909091,2.7963636363636364,1.8181818181818181,2.5454545454545454,1.2727272727272727,0.7272727272727273,6.363636363636363,0.18181818181818182,1.2727272727272727,0.5454545454545454,1.8181818181818183,3.8181818181818183,14.579545454545457,0.0,0.0,78.18181818181819,20.363636363636367,22.90909090909091,49.36173223140496,877.3487603305787,4.859504132231405,1.6198347107438016,49.752066115702476,0.8191735537190081,0.2975206611570248,1.8512396694214877,2.0826446280991737,1.1900826446280992,0.5950413223140494,0.2975206611570248,0.9256198347107438,0.8925619834710743,2.975206611570248,2.31404958677686,7.356528925619837,0.0,0.0,84.23140495867769,52.0,68.0,128.24259999999998,2552.2,13.0,4.0,135.0,2.3,1.0,4.0,7.0,4.0,2.0,1.0,2.0,3.0,10.0,8.0,25.705000000000002,0.0,0.0,182.0,60.0,87.0,144.242,2607.0,16.0,6.0,201.0,3.44,2.0,4.0,7.0,4.0,8.0,1.0,2.0,3.0,10.0,10.0,34.81,0.0,0.0,194.0,8.0,19.0,15.9994,54.8,3.0,2.0,66.0,1.14,1.0,0.0,0.0,0.0,6.0,0.0,0.0,0.0,0.0,2.0,9.105,0.0,0.0,12.0,8.0,87.0,15.9994,54.8,16.0,2.0,66.0,3.44,2.0,4.0,0.0,0.0,6.0,0.0,2.0,0.0,0.0,2.0,9.105,0.0,0.0,12.0
700,Nd2Ru2O7,1.769551079,0,Mgaultois/Sparks,Peer-reviewed literature,264.0,759.0,602.6197999999999,8185.6,134.0,36.0,1156.0,30.759999999999998,20.0,28.0,14.0,8.0,70.0,2.0,14.0,6.0,20.0,42.0,160.375,0.0,0.0,860.0,24.0,69.0,54.783618181818184,744.1454545454545,12.181818181818182,3.2727272727272725,105.0909090909091,2.7963636363636364,1.8181818181818181,2.5454545454545454,1.2727272727272727,0.7272727272727273,6.363636363636363,0.18181818181818182,1.2727272727272727,0.5454545454545454,1.8181818181818183,3.8181818181818183,14.579545454545457,0.0,0.0,78.18181818181819,20.363636363636367,22.90909090909091,49.36173223140496,877.3487603305787,4.859504132231405,1.6198347107438016,49.752066115702476,0.8191735537190081,0.2975206611570248,1.8512396694214877,2.0826446280991737,1.1900826446280992,0.5950413223140494,0.2975206611570248,0.9256198347107438,0.8925619834710743,2.975206611570248,2.31404958677686,7.356528925619837,0.0,0.0,84.23140495867769,52.0,68.0,128.24259999999998,2552.2,13.0,4.0,135.0,2.3,1.0,4.0,7.0,4.0,2.0,1.0,2.0,3.0,10.0,8.0,25.705000000000002,0.0,0.0,182.0,60.0,87.0,144.242,2607.0,16.0,6.0,201.0,3.44,2.0,4.0,7.0,4.0,8.0,1.0,2.0,3.0,10.0,10.0,34.81,0.0,0.0,194.0,8.0,19.0,15.9994,54.8,3.0,2.0,66.0,1.14,1.0,0.0,0.0,0.0,6.0,0.0,0.0,0.0,0.0,2.0,9.105,0.0,0.0,12.0,8.0,87.0,15.9994,54.8,16.0,2.0,66.0,3.44,2.0,4.0,0.0,0.0,6.0,0.0,2.0,0.0,0.0,2.0,9.105,0.0,0.0,12.0
1000,Nd2Ru2O7,1.995678626,0,Mgaultois/Sparks,Peer-reviewed literature,264.0,759.0,602.6197999999999,8185.6,134.0,36.0,1156.0,30.759999999999998,20.0,28.0,14.0,8.0,70.0,2.0,14.0,6.0,20.0,42.0,160.375,0.0,0.0,860.0,24.0,69.0,54.783618181818184,744.1454545454545,12.181818181818182,3.2727272727272725,105.0909090909091,2.7963636363636364,1.8181818181818181,2.5454545454545454,1.2727272727272727,0.7272727272727273,6.363636363636363,0.18181818181818182,1.2727272727272727,0.5454545454545454,1.8181818181818183,3.8181818181818183,14.579545454545457,0.0,0.0,78.18181818181819,20.363636363636367,22.90909090909091,49.36173223140496,877.3487603305787,4.859504132231405,1.6198347107438016,49.752066115702476,0.8191735537190081,0.2975206611570248,1.8512396694214877,2.0826446280991737,1.1900826446280992,0.5950413223140494,0.2975206611570248,0.9256198347107438,0.8925619834710743,2.975206611570248,2.31404958677686,7.356528925619837,0.0,0.0,84.23140495867769,52.0,68.0,128.24259999999998,2552.2,13.0,4.0,135.0,2.3,1.0,4.0,7.0,4.0,2.0,1.0,2.0,3.0,10.0,8.0,25.705000000000002,0.0,0.0,182.0,60.0,87.0,144.242,2607.0,16.0,6.0,201.0,3.44,2.0,4.0,7.0,4.0,8.0,1.0,2.0,3.0,10.0,10.0,34.81,0.0,0.0,194.0,8.0,19.0,15.9994,54.8,3.0,2.0,66.0,1.14,1.0,0.0,0.0,0.0,6.0,0.0,0.0,0.0,0.0,2.0,9.105,0.0,0.0,12.0,8.0,87.0,15.9994,54.8,16.0,2.0,66.0,3.44,2.0,4.0,0.0,0.0,6.0,0.0,2.0,0.0,0.0,2.0,9.105,0.0,0.0,12.0
300,Nd2Ru2O7,-0.186391216,0,Mgaultois/Sparks,Peer-reviewed literature,264.0,759.0,602.6197999999999,8185.6,134.0,36.0,1156.0,30.759999999999998,20.0,28.0,14.0,8.0,70.0,2.0,14.0,6.0,20.0,42.0,160.375,0.0,0.0,860.0,24.0,69.0,54.783618181818184,744.1454545454545,12.181818181818182,3.2727272727272725,105.0909090909091,2.7963636363636364,1.8181818181818181,2.5454545454545454,1.2727272727272727,0.7272727272727273,6.363636363636363,0.18181818181818182,1.2727272727272727,0.5454545454545454,1.8181818181818183,3.8181818181818183,14.579545454545457,0.0,0.0,78.18181818181819,20.363636363636367,22.90909090909091,49.36173223140496,877.3487603305787,4.859504132231405,1.6198347107438016,49.752066115702476,0.8191735537190081,0.2975206611570248,1.8512396694214877,2.0826446280991737,1.1900826446280992,0.5950413223140494,0.2975206611570248,0.9256198347107438,0.8925619834710743,2.975206611570248,2.31404958677686,7.356528925619837,0.0,0.0,84.23140495867769,52.0,68.0,128.24259999999998,2552.2,13.0,4.0,135.0,2.3,1.0,4.0,7.0,4.0,2.0,1.0,2.0,3.0,10.0,8.0,25.705000000000002,0.0,0.0,182.0,60.0,87.0,144.242,2607.0,16.0,6.0,201.0,3.44,2.0,4.0,7.0,4.0,8.0,1.0,2.0,3.0,10.0,10.0,34.81,0.0,0.0,194.0,8.0,19.0,15.9994,54.8,3.0,2.0,66.0,1.14,1.0,0.0,0.0,0.0,6.0,0.0,0.0,0.0,0.0,2.0,9.105,0.0,0.0,12.0,8.0,87.0,15.9994,54.8,16.0,2.0,66.0,3.44,2.0,4.0,0.0,0.0,6.0,0.0,2.0,0.0,0.0,2.0,9.105,0.0,0.0,12.0
400,Nd2Ru2O7,0.420216403,0,Mgaultois/Sparks,Peer-reviewed literature,264.0,759.0,602.6197999999999,8185.6,134.0,36.0,1156.0,30.759999999999998,20.0,28.0,14.0,8.0,70.0,2.0,14.0,6.0,20.0,42.0,160.375,0.0,0.0,860.0,24.0,69.0,54.783618181818184,744.1454545454545,12.181818181818182,3.2727272727272725,105.0909090909091,2.7963636363636364,1.8181818181818181,2.5454545454545454,1.2727272727272727,0.7272727272727273,6.363636363636363,0.18181818181818182,1.2727272727272727,0.5454545454545454,1.8181818181818183,3.8181818181818183,14.579545454545457,0.0,0.0,78.18181818181819,20.363636363636367,22.90909090909091,49.36173223140496,877.3487603305787,4.859504132231405,1.6198347107438016,49.752066115702476,0.8191735537190081,0.2975206611570248,1.8512396694214877,2.0826446280991737,1.1900826446280992,0.5950413223140494,0.2975206611570248,0.9256198347107438,0.8925619834710743,2.975206611570248,2.31404958677686,7.356528925619837,0.0,0.0,84.23140495867769,52.0,68.0,128.24259999999998,2552.2,13.0,4.0,135.0,2.3,1.0,4.0,7.0,4.0,2.0,1.0,2.0,3.0,10.0,8.0,25.705000000000002,0.0,0.0,182.0,60.0,87.0,144.242,2607.0,16.0,6.0,201.0,3.44,2.0,4.0,7.0,4.0,8.0,1.0,2.0,3.0,10.0,10.0,34.81,0.0,0.0,194.0,8.0,19.0,15.9994,54.8,3.0,2.0,66.0,1.14,1.0,0.0,0.0,0.0,6.0,0.0,0.0,0.0,0.0,2.0,9.105,0.0,0.0,12.0,8.0,87.0,15.9994,54.8,16.0,2.0,66.0,3.44,2.0,4.0,0.0,0.0,6.0,0.0,2.0,0.0,0.0,2.0,9.105,0.0,0.0,12.0
700,Nd2Ru2O7,1.508638306,0,Mgaultois/Sparks,Peer-reviewed literature,264.0,759.0,602.6197999999999,8185.6,134.0,36.0,1156.0,30.759999999999998,20.0,28.0,14.0,8.0,70.0,2.0,14.0,6.0,20.0,42.0,160.375,0.0,0.0,860.0,24.0,69.0,54.783618181818184,744.1454545454545,12.181818181818182,3.2727272727272725,105.0909090909091,2.7963636363636364,1.8181818181818181,2.5454545454545454,1.2727272727272727,0.7272727272727273,6.363636363636363,0.18181818181818182,1.2727272727272727,0.5454545454545454,1.8181818181818183,3.8181818181818183,14.579545454545457,0.0,0.0,78.18181818181819,20.363636363636367,22.90909090909091,49.36173223140496,877.3487603305787,4.859504132231405,1.6198347107438016,49.752066115702476,0.8191735537190081,0.2975206611570248,1.8512396694214877,2.0826446280991737,1.1900826446280992,0.5950413223140494,0.2975206611570248,0.9256198347107438,0.8925619834710743,2.975206611570248,2.31404958677686,7.356528925619837,0.0,0.0,84.23140495867769,52.0,68.0,128.24259999999998,2552.2,13.0,4.0,135.0,2.3,1.0,4.0,7.0,4.0,2.0,1.0,2.0,3.0,10.0,8.0,25.705000000000002,0.0,0.0,182.0,60.0,87.0,144.242,2607.0,16.0,6.0,201.0,3.44,2.0,4.0,7.0,4.0,8.0,1.0,2.0,3.0,10.0,10.0,34.81,0.0,0.0,194.0,8.0,19.0,15.9994,54.8,3.0,2.0,66.0,1.14,1.0,0.0,0.0,0.0,6.0,0.0,0.0,0.0,0.0,2.0,9.105,0.0,0.0,12.0,8.0,87.0,15.9994,54.8,16.0,2.0,66.0,3.44,2.0,4.0,0.0,0.0,6.0,0.0,2.0,0.0,0.0,2.0,9.105,0.0,0.0,12.0
400,Ca0.9Nd0.1MnO3,1.923213966,1,Mgaultois/Sparks,Peer-reviewed literature,73.0,321.2,153.430645,2816.3,57.1,14.2,515.5,12.884,10.0,12.0,5.0,0.4,27.4,0.0,6.0,5.0,1.0,12.0,75.2765862069,0.0,0.000310120689655,474.9,14.600000000000001,64.24,30.686129,563.26,11.42,2.84,103.1,2.5768,2.0,2.4,1.0,0.08,5.4799999999999995,0.0,1.2,1.0,0.2,2.4,15.05531724138,0.0,6.2024137931e-05,94.98,7.92,27.311999999999998,17.624074800000002,610.152,5.4959999999999996,1.008,44.519999999999996,1.0358399999999999,0.0,1.92,1.6,0.1568,1.2528000000000001,0.0,0.96,1.6,0.392,1.344,8.967473103448,0.0,9.923862068959999e-05,99.576,52.0,80.0,128.24259999999998,1464.2,14.0,4.0,135.0,2.44,0.0,4.0,5.0,4.0,5.0,0.0,2.0,5.0,10.0,10.0,28.665000000000003,0.0,0.000310120689655,213.0,60.0,87.0,144.242,1519.0,16.0,6.0,201.0,3.44,2.0,4.0,5.0,4.0,7.0,0.0,2.0,5.0,10.0,10.0,37.77,0.0,0.000310120689655,225.0,8.0,7.0,15.9994,54.8,2.0,2.0,66.0,1.0,2.0,0.0,0.0,0.0,2.0,0.0,0.0,0.0,0.0,0.0,9.105,0.0,0.0,12.0,8.0,87.0,15.9994,54.8,16.0,2.0,66.0,3.44,2.0,4.0,0.0,0.0,6.0,0.0,2.0,0.0,0.0,2.0,9.105,0.0,0.0,12.0
700,Ca0.9Nd0.1MnO3,1.759308506,1,Mgaultois/Sparks,Peer-reviewed literature,73.0,321.2,153.430645,2816.3,57.1,14.2,515.5,12.884,10.0,12.0,5.0,0.4,27.4,0.0,6.0,5.0,1.0,12.0,75.2765862069,0.0,0.000310120689655,474.9,14.600000000000001,64.24,30.686129,563.26,11.42,2.84,103.1,2.5768,2.0,2.4,1.0,0.08,5.4799999999999995,0.0,1.2,1.0,0.2,2.4,15.05531724138,0.0,6.2024137931e-05,94.98,7.92,27.311999999999998,17.624074800000002,610.152,5.4959999999999996,1.008,44.519999999999996,1.0358399999999999,0.0,1.92,1.6,0.1568,1.2528000000000001,0.0,0.96,1.6,0.392,1.344,8.967473103448,0.0,9.923862068959999e-05,99.576,52.0,80.0,128.24259999999998,1464.2,14.0,4.0,135.0,2.44,0.0,4.0,5.0,4.0,5.0,0.0,2.0,5.0,10.0,10.0,28.665000000000003,0.0,0.000310120689655,213.0,60.0,87.0,144.242,1519.0,16.0,6.0,201.0,3.44,2.0,4.0,5.0,4.0,7.0,0.0,2.0,5.0,10.0,10.0,37.77,0.0,0.000310120689655,225.0,8.0,7.0,15.9994,54.8,2.0,2.0,66.0,1.0,2.0,0.0,0.0,0.0,2.0,0.0,0.0,0.0,0.0,0.0,9.105,0.0,0.0,12.0,8.0,87.0,15.9994,54.8,16.0,2.0,66.0,3.44,2.0,4.0,0.0,0.0,6.0,0.0,2.0,0.0,0.0,2.0,9.105,0.0,0.0,12.0
1000,Ca0.9Nd0.1MnO3,1.671196504,1,Mgaultois/Sparks,Peer-reviewed literature,73.0,321.2,153.430645,2816.3,57.1,14.2,515.5,12.884,10.0,12.0,5.0,0.4,27.4,0.0,6.0,5.0,1.0,12.0,75.2765862069,0.0,0.000310120689655,474.9,14.600000000000001,64.24,30.686129,563.26,11.42,2.84,103.1,2.5768,2.0,2.4,1.0,0.08,5.4799999999999995,0.0,1.2,1.0,0.2,2.4,15.05531724138,0.0,6.2024137931e-05,94.98,7.92,27.311999999999998,17.624074800000002,610.152,5.4959999999999996,1.008,44.519999999999996,1.0358399999999999,0.0,1.92,1.6,0.1568,1.2528000000000001,0.0,0.96,1.6,0.392,1.344,8.967473103448,0.0,9.923862068959999e-05,99.576,52.0,80.0,128.24259999999998,1464.2,14.0,4.0,135.0,2.44,0.0,4.0,5.0,4.0,5.0,0.0,2.0,5.0,10.0,10.0,28.665000000000003,0.0,0.000310120689655,213.0,60.0,87.0,144.242,1519.0,16.0,6.0,201.0,3.44,2.0,4.0,5.0,4.0,7.0,0.0,2.0,5.0,10.0,10.0,37.77,0.0,0.000310120689655,225.0,8.0,7.0,15.9994,54.8,2.0,2.0,66.0,1.0,2.0,0.0,0.0,0.0,2.0,0.0,0.0,0.0,0.0,0.0,9.105,0.0,0.0,12.0,8.0,87.0,15.9994,54.8,16.0,2.0,66.0,3.44,2.0,4.0,0.0,0.0,6.0,0.0,2.0,0.0,0.0,2.0,9.105,0.0,0.0,12.0
400,Ca0.9Tb0.1MnO3,1.9684017,1,Mgaultois/Sparks,Peer-reviewed literature,73.5,322.2,154.89898,2849.8,57.1,14.2,514.8,12.891,10.0,12.0,5.0,0.9,27.9,0.0,6.0,5.0,0.5,11.5,74.96925287357,0.0,0.000310120689655,474.9,14.7,64.44,30.979796,569.9599999999999,11.42,2.84,102.96000000000001,2.5782,2.0,2.4,1.0,0.18,5.58,0.0,1.2,1.0,0.1,2.3,14.993850574714,0.0,6.2024137931e-05,94.98,8.04,27.072000000000003,17.976475200000003,618.192,5.4959999999999996,1.008,44.352000000000004,1.03416,0.0,1.92,1.6,0.3528,1.2888,0.0,0.96,1.6,0.196,1.188,8.8691264367824,0.0,9.923862068959999e-05,99.576,57.0,80.0,142.92595,1574.2,14.0,4.0,128.0,2.44,0.0,4.0,5.0,9.0,9.0,0.0,2.0,5.0,5.0,5.0,28.665000000000003,0.0,0.000310120689655,213.0,65.0,87.0,158.92535,1629.0,16.0,6.0,194.0,3.44,2.0,4.0,5.0,9.0,11.0,0.0,2.0,5.0,5.0,5.0,37.77,0.0,0.000310120689655,225.0,8.0,7.0,15.9994,54.8,2.0,2.0,66.0,1.0,2.0,0.0,0.0,0.0,2.0,0.0,0.0,0.0,0.0,0.0,9.105,0.0,0.0,12.0,8.0,87.0,15.9994,54.8,16.0,2.0,66.0,3.44,2.0,4.0,0.0,0.0,6.0,0.0,2.0,0.0,0.0,2.0,9.105,0.0,0.0,12.0
700,Ca0.9Tb0.1MnO3,1.814452179,1,Mgaultois/Sparks,Peer-reviewed literature,73.5,322.2,154.89898,2849.8,57.1,14.2,514.8,12.891,10.0,12.0,5.0,0.9,27.9,0.0,6.0,5.0,0.5,11.5,74.96925287357,0.0,0.000310120689655,474.9,14.7,64.44,30.979796,569.9599999999999,11.42,2.84,102.96000000000001,2.5782,2.0,2.4,1.0,0.18,5.58,0.0,1.2,1.0,0.1,2.3,14.993850574714,0.0,6.2024137931e-05,94.98,8.04,27.072000000000003,17.976475200000003,618.192,5.4959999999999996,1.008,44.352000000000004,1.03416,0.0,1.92,1.6,0.3528,1.2888,0.0,0.96,1.6,0.196,1.188,8.8691264367824,0.0,9.923862068959999e-05,99.576,57.0,80.0,142.92595,1574.2,14.0,4.0,128.0,2.44,0.0,4.0,5.0,9.0,9.0,0.0,2.0,5.0,5.0,5.0,28.665000000000003,0.0,0.000310120689655,213.0,65.0,87.0,158.92535,1629.0,16.0,6.0,194.0,3.44,2.0,4.0,5.0,9.0,11.0,0.0,2.0,5.0,5.0,5.0,37.77,0.0,0.000310120689655,225.0,8.0,7.0,15.9994,54.8,2.0,2.0,66.0,1.0,2.0,0.0,0.0,0.0,2.0,0.0,0.0,0.0,0.0,0.0,9.105,0.0,0.0,12.0,8.0,87.0,15.9994,54.8,16.0,2.0,66.0,3.44,2.0,4.0,0.0,0.0,6.0,0.0,2.0,0.0,0.0,2.0,9.105,0.0,0.0,12.0
1000,Ca0.9Tb0.1MnO3,1.735271878,1,Mgaultois/Sparks,Peer-reviewed literature,73.5,322.2,154.89898,2849.8,57.1,14.2,514.8,12.891,10.0,12.0,5.0,0.9,27.9,0.0,6.0,5.0,0.5,11.5,74.96925287357,0.0,0.000310120689655,474.9,14.7,64.44,30.979796,569.9599999999999,11.42,2.84,102.96000000000001,2.5782,2.0,2.4,1.0,0.18,5.58,0.0,1.2,1.0,0.1,2.3,14.993850574714,0.0,6.2024137931e-05,94.98,8.04,27.072000000000003,17.976475200000003,618.192,5.4959999999999996,1.008,44.352000000000004,1.03416,0.0,1.92,1.6,0.3528,1.2888,0.0,0.96,1.6,0.196,1.188,8.8691264367824,0.0,9.923862068959999e-05,99.576,57.0,80.0,142.92595,1574.2,14.0,4.0,128.0,2.44,0.0,4.0,5.0,9.0,9.0,0.0,2.0,5.0,5.0,5.0,28.665000000000003,0.0,0.000310120689655,213.0,65.0,87.0,158.92535,1629.0,16.0,6.0,194.0,3.44,2.0,4.0,5.0,9.0,11.0,0.0,2.0,5.0,5.0,5.0,37.77,0.0,0.000310120689655,225.0,8.0,7.0,15.9994,54.8,2.0,2.0,66.0,1.0,2.0,0.0,0.0,0.0,2.0,0.0,0.0,0.0,0.0,0.0,9.105,0.0,0.0,12.0,8.0,87.0,15.9994,54.8,16.0,2.0,66.0,3.44,2.0,4.0,0.0,0.0,6.0,0.0,2.0,0.0,0.0,2.0,9.105,0.0,0.0,12.0
400,Ca0.9Ho0.1MnO3,2.156074275,1,Mgaultois/Sparks,Peer-reviewed literature,73.7,322.6,155.499477,2861.6,57.1,14.2,514.6,12.893,10.0,12.0,5.0,1.1,28.1,0.0,6.0,5.0,0.30000000000000004,11.3,74.86891954023,0.0,0.000310120689655,474.9,14.739999999999998,64.52,31.0998954,572.32,11.42,2.84,102.91999999999999,2.5786000000000002,2.0,2.4,1.0,0.22,5.619999999999999,0.0,1.2,1.0,0.06,2.26,14.973783908046002,0.0,6.2024137931e-05,94.98,8.088,26.976,18.12059448,621.0240000000001,5.4959999999999996,1.008,44.304,1.03368,0.0,1.92,1.6,0.43119999999999997,1.3032000000000006,0.0,0.96,1.6,0.11759999999999998,1.1256,8.837019770113601,0.0,9.923862068959999e-05,99.576,59.0,80.0,148.93092,1692.2,14.0,4.0,126.0,2.44,0.0,4.0,5.0,11.0,11.0,0.0,2.0,5.0,3.0,5.0,28.665000000000003,0.0,0.000310120689655,213.0,67.0,87.0,164.93032,1747.0,16.0,6.0,192.0,3.44,2.0,4.0,5.0,11.0,13.0,0.0,2.0,5.0,3.0,5.0,37.77,0.0,0.000310120689655,225.0,8.0,7.0,15.9994,54.8,2.0,2.0,66.0,1.0,2.0,0.0,0.0,0.0,2.0,0.0,0.0,0.0,0.0,0.0,9.105,0.0,0.0,12.0,8.0,87.0,15.9994,54.8,16.0,2.0,66.0,3.44,2.0,4.0,0.0,0.0,6.0,0.0,2.0,0.0,0.0,2.0,9.105,0.0,0.0,12.0
700,Ca0.9Ho0.1MnO3,2.008272559,1,Mgaultois/Sparks,Peer-reviewed literature,73.7,322.6,155.499477,2861.6,57.1,14.2,514.6,12.893,10.0,12.0,5.0,1.1,28.1,0.0,6.0,5.0,0.30000000000000004,11.3,74.86891954023,0.0,0.000310120689655,474.9,14.739999999999998,64.52,31.0998954,572.32,11.42,2.84,102.91999999999999,2.5786000000000002,2.0,2.4,1.0,0.22,5.619999999999999,0.0,1.2,1.0,0.06,2.26,14.973783908046002,0.0,6.2024137931e-05,94.98,8.088,26.976,18.12059448,621.0240000000001,5.4959999999999996,1.008,44.304,1.03368,0.0,1.92,1.6,0.43119999999999997,1.3032000000000006,0.0,0.96,1.6,0.11759999999999998,1.1256,8.837019770113601,0.0,9.923862068959999e-05,99.576,59.0,80.0,148.93092,1692.2,14.0,4.0,126.0,2.44,0.0,4.0,5.0,11.0,11.0,0.0,2.0,5.0,3.0,5.0,28.665000000000003,0.0,0.000310120689655,213.0,67.0,87.0,164.93032,1747.0,16.0,6.0,192.0,3.44,2.0,4.0,5.0,11.0,13.0,0.0,2.0,5.0,3.0,5.0,37.77,0.0,0.000310120689655,225.0,8.0,7.0,15.9994,54.8,2.0,2.0,66.0,1.0,2.0,0.0,0.0,0.0,2.0,0.0,0.0,0.0,0.0,0.0,9.105,0.0,0.0,12.0,8.0,87.0,15.9994,54.8,16.0,2.0,66.0,3.44,2.0,4.0,0.0,0.0,6.0,0.0,2.0,0.0,0.0,2.0,9.105,0.0,0.0,12.0
1000,Ca0.9Ho0.1MnO3,1.903089987,1,Mgaultois/Sparks,Peer-reviewed literature,73.7,322.6,155.499477,2861.6,57.1,14.2,514.6,12.893,10.0,12.0,5.0,1.1,28.1,0.0,6.0,5.0,0.30000000000000004,11.3,74.86891954023,0.0,0.000310120689655,474.9,14.739999999999998,64.52,31.0998954,572.32,11.42,2.84,102.91999999999999,2.5786000000000002,2.0,2.4,1.0,0.22,5.619999999999999,0.0,1.2,1.0,0.06,2.26,14.973783908046002,0.0,6.2024137931e-05,94.98,8.088,26.976,18.12059448,621.0240000000001,5.4959999999999996,1.008,44.304,1.03368,0.0,1.92,1.6,0.43119999999999997,1.3032000000000006,0.0,0.96,1.6,0.11759999999999998,1.1256,8.837019770113601,0.0,9.923862068959999e-05,99.576,59.0,80.0,148.93092,1692.2,14.0,4.0,126.0,2.44,0.0,4.0,5.0,11.0,11.0,0.0,2.0,5.0,3.0,5.0,28.665000000000003,0.0,0.000310120689655,213.0,67.0,87.0,164.93032,1747.0,16.0,6.0,192.0,3.44,2.0,4.0,5.0,11.0,13.0,0.0,2.0,5.0,3.0,5.0,37.77,0.0,0.000310120689655,225.0,8.0,7.0,15.9994,54.8,2.0,2.0,66.0,1.0,2.0,0.0,0.0,0.0,2.0,0.0,0.0,0.0,0.0,0.0,9.105,0.0,0.0,12.0,8.0,87.0,15.9994,54.8,16.0,2.0,66.0,3.44,2.0,4.0,0.0,0.0,6.0,0.0,2.0,0.0,0.0,2.0,9.105,0.0,0.0,12.0
400,Ca0.9Yb0.1MnO3,2.391837814,1,Mgaultois/Sparks,Peer-reviewed literature,74.0,323.2,156.311845,2796.1,57.1,14.2,514.1,12.896,10.0,12.0,5.0,1.4000000000000001,28.4,0.0,6.0,5.0,0.0,11.0,75.2075862069,0.0,0.000310120689655,478.0,14.8,64.64,31.262369,559.22,11.42,2.84,102.82,2.5792,2.0,2.4,1.0,0.28,5.68,0.0,1.2,1.0,0.0,2.2,15.04151724138,0.0,6.2024137931e-05,95.60000000000001,8.16,26.832,18.315562800000002,605.3040000000001,5.4959999999999996,1.008,44.184,1.0329599999999999,0.0,1.92,1.6,0.5488000000000001,1.3248000000000002,0.0,0.96,1.6,0.0,1.12,8.945393103447998,0.0,9.923862068959999e-05,100.32,62.0,80.0,157.0546,1464.2,14.0,4.0,121.0,2.44,0.0,4.0,5.0,14.0,14.0,0.0,2.0,5.0,0.0,5.0,28.665000000000003,0.0,0.000310120689655,213.0,70.0,87.0,173.054,1519.0,16.0,6.0,187.0,3.44,2.0,4.0,5.0,14.0,16.0,0.0,2.0,5.0,0.0,5.0,37.77,0.0,0.000310120689655,225.0,8.0,7.0,15.9994,54.8,2.0,2.0,66.0,1.0,2.0,0.0,0.0,0.0,2.0,0.0,0.0,0.0,0.0,0.0,9.105,0.0,0.0,12.0,8.0,87.0,15.9994,54.8,16.0,2.0,66.0,3.44,2.0,4.0,0.0,0.0,6.0,0.0,2.0,0.0,0.0,2.0,9.105,0.0,0.0,12.0
700,Ca0.9Yb0.1MnO3,2.222531853,1,Mgaultois/Sparks,Peer-reviewed literature,74.0,323.2,156.311845,2796.1,57.1,14.2,514.1,12.896,10.0,12.0,5.0,1.4000000000000001,28.4,0.0,6.0,5.0,0.0,11.0,75.2075862069,0.0,0.000310120689655,478.0,14.8,64.64,31.262369,559.22,11.42,2.84,102.82,2.5792,2.0,2.4,1.0,0.28,5.68,0.0,1.2,1.0,0.0,2.2,15.04151724138,0.0,6.2024137931e-05,95.60000000000001,8.16,26.832,18.315562800000002,605.3040000000001,5.4959999999999996,1.008,44.184,1.0329599999999999,0.0,1.92,1.6,0.5488000000000001,1.3248000000000002,0.0,0.96,1.6,0.0,1.12,8.945393103447998,0.0,9.923862068959999e-05,100.32,62.0,80.0,157.0546,1464.2,14.0,4.0,121.0,2.44,0.0,4.0,5.0,14.0,14.0,0.0,2.0,5.0,0.0,5.0,28.665000000000003,0.0,0.000310120689655,213.0,70.0,87.0,173.054,1519.0,16.0,6.0,187.0,3.44,2.0,4.0,5.0,14.0,16.0,0.0,2.0,5.0,0.0,5.0,37.77,0.0,0.000310120689655,225.0,8.0,7.0,15.9994,54.8,2.0,2.0,66.0,1.0,2.0,0.0,0.0,0.0,2.0,0.0,0.0,0.0,0.0,0.0,9.105,0.0,0.0,12.0,8.0,87.0,15.9994,54.8,16.0,2.0,66.0,3.44,2.0,4.0,0.0,0.0,6.0,0.0,2.0,0.0,0.0,2.0,9.105,0.0,0.0,12.0
1000,Ca0.9Yb0.1MnO3,2.083297653,1,Mgaultois/Sparks,Peer-reviewed literature,74.0,323.2,156.311845,2796.1,57.1,14.2,514.1,12.896,10.0,12.0,5.0,1.4000000000000001,28.4,0.0,6.0,5.0,0.0,11.0,75.2075862069,0.0,0.000310120689655,478.0,14.8,64.64,31.262369,559.22,11.42,2.84,102.82,2.5792,2.0,2.4,1.0,0.28,5.68,0.0,1.2,1.0,0.0,2.2,15.04151724138,0.0,6.2024137931e-05,95.60000000000001,8.16,26.832,18.315562800000002,605.3040000000001,5.4959999999999996,1.008,44.184,1.0329599999999999,0.0,1.92,1.6,0.5488000000000001,1.3248000000000002,0.0,0.96,1.6,0.0,1.12,8.945393103447998,0.0,9.923862068959999e-05,100.32,62.0,80.0,157.0546,1464.2,14.0,4.0,121.0,2.44,0.0,4.0,5.0,14.0,14.0,0.0,2.0,5.0,0.0,5.0,28.665000000000003,0.0,0.000310120689655,213.0,70.0,87.0,173.054,1519.0,16.0,6.0,187.0,3.44,2.0,4.0,5.0,14.0,16.0,0.0,2.0,5.0,0.0,5.0,37.77,0.0,0.000310120689655,225.0,8.0,7.0,15.9994,54.8,2.0,2.0,66.0,1.0,2.0,0.0,0.0,0.0,2.0,0.0,0.0,0.0,0.0,0.0,9.105,0.0,0.0,12.0,8.0,87.0,15.9994,54.8,16.0,2.0,66.0,3.44,2.0,4.0,0.0,0.0,6.0,0.0,2.0,0.0,0.0,2.0,9.105,0.0,0.0,12.0
400,CaMnO3,0.336358429,0,Mgaultois/Sparks,Peer-reviewed literature,69.0,320.0,143.01424500000002,2798.4,57.0,14.0,513.0,12.870000000000001,10.0,12.0,5.0,0.0,27.0,0.0,6.0,5.0,0.0,11.0,75.5725862069,0.0,0.000310120689655,478.0,13.8,64.0,28.602849,559.68,11.4,2.8,102.6,2.574,2.0,2.4,1.0,0.0,5.4,0.0,1.2,1.0,0.0,2.2,15.11451724138,0.0,6.2024137931e-05,95.60000000000001,6.96,27.6,15.1241388,605.856,5.52,0.96,43.92,1.0392000000000001,0.0,1.92,1.6,0.0,1.3599999999999999,0.0,0.96,1.6,0.0,1.12,9.062193103448,0.0,9.923862068959999e-05,100.32,17.0,80.0,38.938645,1464.2,14.0,2.0,110.0,2.44,0.0,4.0,5.0,0.0,5.0,0.0,2.0,5.0,0.0,5.0,28.665000000000003,0.0,0.000310120689655,213.0,25.0,87.0,54.938045,1519.0,16.0,4.0,176.0,3.44,2.0,4.0,5.0,0.0,7.0,0.0,2.0,5.0,0.0,5.0,37.77,0.0,0.000310120689655,225.0,8.0,7.0,15.9994,54.8,2.0,2.0,66.0,1.0,2.0,0.0,0.0,0.0,2.0,0.0,0.0,0.0,0.0,0.0,9.105,0.0,0.0,12.0,8.0,87.0,15.9994,54.8,16.0,2.0,66.0,3.44,2.0,4.0,0.0,0.0,6.0,0.0,2.0,0.0,0.0,2.0,9.105,0.0,0.0,12.0
700,CaMnO3,0.632444685,0,Mgaultois/Sparks,Peer-reviewed literature,69.0,320.0,143.01424500000002,2798.4,57.0,14.0,513.0,12.870000000000001,10.0,12.0,5.0,0.0,27.0,0.0,6.0,5.0,0.0,11.0,75.5725862069,0.0,0.000310120689655,478.0,13.8,64.0,28.602849,559.68,11.4,2.8,102.6,2.574,2.0,2.4,1.0,0.0,5.4,0.0,1.2,1.0,0.0,2.2,15.11451724138,0.0,6.2024137931e-05,95.60000000000001,6.96,27.6,15.1241388,605.856,5.52,0.96,43.92,1.0392000000000001,0.0,1.92,1.6,0.0,1.3599999999999999,0.0,0.96,1.6,0.0,1.12,9.062193103448,0.0,9.923862068959999e-05,100.32,17.0,80.0,38.938645,1464.2,14.0,2.0,110.0,2.44,0.0,4.0,5.0,0.0,5.0,0.0,2.0,5.0,0.0,5.0,28.665000000000003,0.0,0.000310120689655,213.0,25.0,87.0,54.938045,1519.0,16.0,4.0,176.0,3.44,2.0,4.0,5.0,0.0,7.0,0.0,2.0,5.0,0.0,5.0,37.77,0.0,0.000310120689655,225.0,8.0,7.0,15.9994,54.8,2.0,2.0,66.0,1.0,2.0,0.0,0.0,0.0,2.0,0.0,0.0,0.0,0.0,0.0,9.105,0.0,0.0,12.0,8.0,87.0,15.9994,54.8,16.0,2.0,66.0,3.44,2.0,4.0,0.0,0.0,6.0,0.0,2.0,0.0,0.0,2.0,9.105,0.0,0.0,12.0
1000,CaMnO3,1.078796979,0,Mgaultois/Sparks,Peer-reviewed literature,69.0,320.0,143.01424500000002,2798.4,57.0,14.0,513.0,12.870000000000001,10.0,12.0,5.0,0.0,27.0,0.0,6.0,5.0,0.0,11.0,75.5725862069,0.0,0.000310120689655,478.0,13.8,64.0,28.602849,559.68,11.4,2.8,102.6,2.574,2.0,2.4,1.0,0.0,5.4,0.0,1.2,1.0,0.0,2.2,15.11451724138,0.0,6.2024137931e-05,95.60000000000001,6.96,27.6,15.1241388,605.856,5.52,0.96,43.92,1.0392000000000001,0.0,1.92,1.6,0.0,1.3599999999999999,0.0,0.96,1.6,0.0,1.12,9.062193103448,0.0,9.923862068959999e-05,100.32,17.0,80.0,38.938645,1464.2,14.0,2.0,110.0,2.44,0.0,4.0,5.0,0.0,5.0,0.0,2.0,5.0,0.0,5.0,28.665000000000003,0.0,0.000310120689655,213.0,25.0,87.0,54.938045,1519.0,16.0,4.0,176.0,3.44,2.0,4.0,5.0,0.0,7.0,0.0,2.0,5.0,0.0,5.0,37.77,0.0,0.000310120689655,225.0,8.0,7.0,15.9994,54.8,2.0,2.0,66.0,1.0,2.0,0.0,0.0,0.0,2.0,0.0,0.0,0.0,0.0,0.0,9.105,0.0,0.0,12.0,8.0,87.0,15.9994,54.8,16.0,2.0,66.0,3.44,2.0,4.0,0.0,0.0,6.0,0.0,2.0,0.0,0.0,2.0,9.105,0.0,0.0,12.0
300,Ca0.9Tb0.1MnO3,2.239354395,1,Mgaultois/Sparks,Peer-reviewed literature,73.5,322.2,154.89898,2849.8,57.1,14.2,514.8,12.891,10.0,12.0,5.0,0.9,27.9,0.0,6.0,5.0,0.5,11.5,74.96925287357,0.0,0.000310120689655,474.9,14.7,64.44,30.979796,569.9599999999999,11.42,2.84,102.96000000000001,2.5782,2.0,2.4,1.0,0.18,5.58,0.0,1.2,1.0,0.1,2.3,14.993850574714,0.0,6.2024137931e-05,94.98,8.04,27.072000000000003,17.976475200000003,618.192,5.4959999999999996,1.008,44.352000000000004,1.03416,0.0,1.92,1.6,0.3528,1.2888,0.0,0.96,1.6,0.196,1.188,8.8691264367824,0.0,9.923862068959999e-05,99.576,57.0,80.0,142.92595,1574.2,14.0,4.0,128.0,2.44,0.0,4.0,5.0,9.0,9.0,0.0,2.0,5.0,5.0,5.0,28.665000000000003,0.0,0.000310120689655,213.0,65.0,87.0,158.92535,1629.0,16.0,6.0,194.0,3.44,2.0,4.0,5.0,9.0,11.0,0.0,2.0,5.0,5.0,5.0,37.77,0.0,0.000310120689655,225.0,8.0,7.0,15.9994,54.8,2.0,2.0,66.0,1.0,2.0,0.0,0.0,0.0,2.0,0.0,0.0,0.0,0.0,0.0,9.105,0.0,0.0,12.0,8.0,87.0,15.9994,54.8,16.0,2.0,66.0,3.44,2.0,4.0,0.0,0.0,6.0,0.0,2.0,0.0,0.0,2.0,9.105,0.0,0.0,12.0
400,Ca0.9Tb0.1MnO3,2.194539243,1,Mgaultois/Sparks,Peer-reviewed literature,73.5,322.2,154.89898,2849.8,57.1,14.2,514.8,12.891,10.0,12.0,5.0,0.9,27.9,0.0,6.0,5.0,0.5,11.5,74.96925287357,0.0,0.000310120689655,474.9,14.7,64.44,30.979796,569.9599999999999,11.42,2.84,102.96000000000001,2.5782,2.0,2.4,1.0,0.18,5.58,0.0,1.2,1.0,0.1,2.3,14.993850574714,0.0,6.2024137931e-05,94.98,8.04,27.072000000000003,17.976475200000003,618.192,5.4959999999999996,1.008,44.352000000000004,1.03416,0.0,1.92,1.6,0.3528,1.2888,0.0,0.96,1.6,0.196,1.188,8.8691264367824,0.0,9.923862068959999e-05,99.576,57.0,80.0,142.92595,1574.2,14.0,4.0,128.0,2.44,0.0,4.0,5.0,9.0,9.0,0.0,2.0,5.0,5.0,5.0,28.665000000000003,0.0,0.000310120689655,213.0,65.0,87.0,158.92535,1629.0,16.0,6.0,194.0,3.44,2.0,4.0,5.0,9.0,11.0,0.0,2.0,5.0,5.0,5.0,37.77,0.0,0.000310120689655,225.0,8.0,7.0,15.9994,54.8,2.0,2.0,66.0,1.0,2.0,0.0,0.0,0.0,2.0,0.0,0.0,0.0,0.0,0.0,9.105,0.0,0.0,12.0,8.0,87.0,15.9994,54.8,16.0,2.0,66.0,3.44,2.0,4.0,0.0,0.0,6.0,0.0,2.0,0.0,0.0,2.0,9.105,0.0,0.0,12.0
700,Ca0.9Tb0.1MnO3,2.080020244,1,Mgaultois/Sparks,Peer-reviewed literature,73.5,322.2,154.89898,2849.8,57.1,14.2,514.8,12.891,10.0,12.0,5.0,0.9,27.9,0.0,6.0,5.0,0.5,11.5,74.96925287357,0.0,0.000310120689655,474.9,14.7,64.44,30.979796,569.9599999999999,11.42,2.84,102.96000000000001,2.5782,2.0,2.4,1.0,0.18,5.58,0.0,1.2,1.0,0.1,2.3,14.993850574714,0.0,6.2024137931e-05,94.98,8.04,27.072000000000003,17.976475200000003,618.192,5.4959999999999996,1.008,44.352000000000004,1.03416,0.0,1.92,1.6,0.3528,1.2888,0.0,0.96,1.6,0.196,1.188,8.8691264367824,0.0,9.923862068959999e-05,99.576,57.0,80.0,142.92595,1574.2,14.0,4.0,128.0,2.44,0.0,4.0,5.0,9.0,9.0,0.0,2.0,5.0,5.0,5.0,28.665000000000003,0.0,0.000310120689655,213.0,65.0,87.0,158.92535,1629.0,16.0,6.0,194.0,3.44,2.0,4.0,5.0,9.0,11.0,0.0,2.0,5.0,5.0,5.0,37.77,0.0,0.000310120689655,225.0,8.0,7.0,15.9994,54.8,2.0,2.0,66.0,1.0,2.0,0.0,0.0,0.0,2.0,0.0,0.0,0.0,0.0,0.0,9.105,0.0,0.0,12.0,8.0,87.0,15.9994,54.8,16.0,2.0,66.0,3.44,2.0,4.0,0.0,0.0,6.0,0.0,2.0,0.0,0.0,2.0,9.105,0.0,0.0,12.0
1000,Ca0.9Tb0.1MnO3,1.989483798,1,Mgaultois/Sparks,Peer-reviewed literature,73.5,322.2,154.89898,2849.8,57.1,14.2,514.8,12.891,10.0,12.0,5.0,0.9,27.9,0.0,6.0,5.0,0.5,11.5,74.96925287357,0.0,0.000310120689655,474.9,14.7,64.44,30.979796,569.9599999999999,11.42,2.84,102.96000000000001,2.5782,2.0,2.4,1.0,0.18,5.58,0.0,1.2,1.0,0.1,2.3,14.993850574714,0.0,6.2024137931e-05,94.98,8.04,27.072000000000003,17.976475200000003,618.192,5.4959999999999996,1.008,44.352000000000004,1.03416,0.0,1.92,1.6,0.3528,1.2888,0.0,0.96,1.6,0.196,1.188,8.8691264367824,0.0,9.923862068959999e-05,99.576,57.0,80.0,142.92595,1574.2,14.0,4.0,128.0,2.44,0.0,4.0,5.0,9.0,9.0,0.0,2.0,5.0,5.0,5.0,28.665000000000003,0.0,0.000310120689655,213.0,65.0,87.0,158.92535,1629.0,16.0,6.0,194.0,3.44,2.0,4.0,5.0,9.0,11.0,0.0,2.0,5.0,5.0,5.0,37.77,0.0,0.000310120689655,225.0,8.0,7.0,15.9994,54.8,2.0,2.0,66.0,1.0,2.0,0.0,0.0,0.0,2.0,0.0,0.0,0.0,0.0,0.0,9.105,0.0,0.0,12.0,8.0,87.0,15.9994,54.8,16.0,2.0,66.0,3.44,2.0,4.0,0.0,0.0,6.0,0.0,2.0,0.0,0.0,2.0,9.105,0.0,0.0,12.0
300,Ca0.9Ho0.1MnO3,2.174349328,1,Mgaultois/Sparks,Peer-reviewed literature,73.7,322.6,155.499477,2861.6,57.1,14.2,514.6,12.893,10.0,12.0,5.0,1.1,28.1,0.0,6.0,5.0,0.30000000000000004,11.3,74.86891954023,0.0,0.000310120689655,474.9,14.739999999999998,64.52,31.0998954,572.32,11.42,2.84,102.91999999999999,2.5786000000000002,2.0,2.4,1.0,0.22,5.619999999999999,0.0,1.2,1.0,0.06,2.26,14.973783908046002,0.0,6.2024137931e-05,94.98,8.088,26.976,18.12059448,621.0240000000001,5.4959999999999996,1.008,44.304,1.03368,0.0,1.92,1.6,0.43119999999999997,1.3032000000000006,0.0,0.96,1.6,0.11759999999999998,1.1256,8.837019770113601,0.0,9.923862068959999e-05,99.576,59.0,80.0,148.93092,1692.2,14.0,4.0,126.0,2.44,0.0,4.0,5.0,11.0,11.0,0.0,2.0,5.0,3.0,5.0,28.665000000000003,0.0,0.000310120689655,213.0,67.0,87.0,164.93032,1747.0,16.0,6.0,192.0,3.44,2.0,4.0,5.0,11.0,13.0,0.0,2.0,5.0,3.0,5.0,37.77,0.0,0.000310120689655,225.0,8.0,7.0,15.9994,54.8,2.0,2.0,66.0,1.0,2.0,0.0,0.0,0.0,2.0,0.0,0.0,0.0,0.0,0.0,9.105,0.0,0.0,12.0,8.0,87.0,15.9994,54.8,16.0,2.0,66.0,3.44,2.0,4.0,0.0,0.0,6.0,0.0,2.0,0.0,0.0,2.0,9.105,0.0,0.0,12.0
400,Ca0.9Ho0.1MnO3,2.130862779,1,Mgaultois/Sparks,Peer-reviewed literature,73.7,322.6,155.499477,2861.6,57.1,14.2,514.6,12.893,10.0,12.0,5.0,1.1,28.1,0.0,6.0,5.0,0.30000000000000004,11.3,74.86891954023,0.0,0.000310120689655,474.9,14.739999999999998,64.52,31.0998954,572.32,11.42,2.84,102.91999999999999,2.5786000000000002,2.0,2.4,1.0,0.22,5.619999999999999,0.0,1.2,1.0,0.06,2.26,14.973783908046002,0.0,6.2024137931e-05,94.98,8.088,26.976,18.12059448,621.0240000000001,5.4959999999999996,1.008,44.304,1.03368,0.0,1.92,1.6,0.43119999999999997,1.3032000000000006,0.0,0.96,1.6,0.11759999999999998,1.1256,8.837019770113601,0.0,9.923862068959999e-05,99.576,59.0,80.0,148.93092,1692.2,14.0,4.0,126.0,2.44,0.0,4.0,5.0,11.0,11.0,0.0,2.0,5.0,3.0,5.0,28.665000000000003,0.0,0.000310120689655,213.0,67.0,87.0,164.93032,1747.0,16.0,6.0,192.0,3.44,2.0,4.0,5.0,11.0,13.0,0.0,2.0,5.0,3.0,5.0,37.77,0.0,0.000310120689655,225.0,8.0,7.0,15.9994,54.8,2.0,2.0,66.0,1.0,2.0,0.0,0.0,0.0,2.0,0.0,0.0,0.0,0.0,0.0,9.105,0.0,0.0,12.0,8.0,87.0,15.9994,54.8,16.0,2.0,66.0,3.44,2.0,4.0,0.0,0.0,6.0,0.0,2.0,0.0,0.0,2.0,9.105,0.0,0.0,12.0
700,Ca0.9Ho0.1MnO3,2.022406703,1,Mgaultois/Sparks,Peer-reviewed literature,73.7,322.6,155.499477,2861.6,57.1,14.2,514.6,12.893,10.0,12.0,5.0,1.1,28.1,0.0,6.0,5.0,0.30000000000000004,11.3,74.86891954023,0.0,0.000310120689655,474.9,14.739999999999998,64.52,31.0998954,572.32,11.42,2.84,102.91999999999999,2.5786000000000002,2.0,2.4,1.0,0.22,5.619999999999999,0.0,1.2,1.0,0.06,2.26,14.973783908046002,0.0,6.2024137931e-05,94.98,8.088,26.976,18.12059448,621.0240000000001,5.4959999999999996,1.008,44.304,1.03368,0.0,1.92,1.6,0.43119999999999997,1.3032000000000006,0.0,0.96,1.6,0.11759999999999998,1.1256,8.837019770113601,0.0,9.923862068959999e-05,99.576,59.0,80.0,148.93092,1692.2,14.0,4.0,126.0,2.44,0.0,4.0,5.0,11.0,11.0,0.0,2.0,5.0,3.0,5.0,28.665000000000003,0.0,0.000310120689655,213.0,67.0,87.0,164.93032,1747.0,16.0,6.0,192.0,3.44,2.0,4.0,5.0,11.0,13.0,0.0,2.0,5.0,3.0,5.0,37.77,0.0,0.000310120689655,225.0,8.0,7.0,15.9994,54.8,2.0,2.0,66.0,1.0,2.0,0.0,0.0,0.0,2.0,0.0,0.0,0.0,0.0,0.0,9.105,0.0,0.0,12.0,8.0,87.0,15.9994,54.8,16.0,2.0,66.0,3.44,2.0,4.0,0.0,0.0,6.0,0.0,2.0,0.0,0.0,2.0,9.105,0.0,0.0,12.0
1000,Ca0.9Ho0.1MnO3,1.936306442,1,Mgaultois/Sparks,Peer-reviewed literature,73.7,322.6,155.499477,2861.6,57.1,14.2,514.6,12.893,10.0,12.0,5.0,1.1,28.1,0.0,6.0,5.0,0.30000000000000004,11.3,74.86891954023,0.0,0.000310120689655,474.9,14.739999999999998,64.52,31.0998954,572.32,11.42,2.84,102.91999999999999,2.5786000000000002,2.0,2.4,1.0,0.22,5.619999999999999,0.0,1.2,1.0,0.06,2.26,14.973783908046002,0.0,6.2024137931e-05,94.98,8.088,26.976,18.12059448,621.0240000000001,5.4959999999999996,1.008,44.304,1.03368,0.0,1.92,1.6,0.43119999999999997,1.3032000000000006,0.0,0.96,1.6,0.11759999999999998,1.1256,8.837019770113601,0.0,9.923862068959999e-05,99.576,59.0,80.0,148.93092,1692.2,14.0,4.0,126.0,2.44,0.0,4.0,5.0,11.0,11.0,0.0,2.0,5.0,3.0,5.0,28.665000000000003,0.0,0.000310120689655,213.0,67.0,87.0,164.93032,1747.0,16.0,6.0,192.0,3.44,2.0,4.0,5.0,11.0,13.0,0.0,2.0,5.0,3.0,5.0,37.77,0.0,0.000310120689655,225.0,8.0,7.0,15.9994,54.8,2.0,2.0,66.0,1.0,2.0,0.0,0.0,0.0,2.0,0.0,0.0,0.0,0.0,0.0,9.105,0.0,0.0,12.0,8.0,87.0,15.9994,54.8,16.0,2.0,66.0,3.44,2.0,4.0,0.0,0.0,6.0,0.0,2.0,0.0,0.0,2.0,9.105,0.0,0.0,12.0
300,BaPbO3,3.362773529,1,Mgaultois/Sparks,Peer-reviewed literature,162.0,351.0,392.5252,1765.0100000000002,64.0,18.0,559.0,13.540000000000001,10.0,14.0,10.0,14.0,48.0,0.0,10.0,0.0,0.0,10.0,119.015,0.0,0.0,490.0,32.4,70.19999999999999,78.50504,353.002,12.8,3.6000000000000005,111.80000000000001,2.708,2.0,2.8,2.0,2.8000000000000003,9.600000000000001,0.0,2.0,0.0,0.0,2.0,23.803000000000004,0.0,0.0,98.00000000000001,29.28,24.480000000000008,75.006768,357.8424,4.319999999999999,1.9200000000000002,54.96000000000001,0.8783999999999998,0.0,1.44,3.2,4.48,7.360000000000001,0.0,0.8,0.0,0.0,0.8,17.6376,0.0,0.0,103.20000000000002,74.0,78.0,191.20059999999998,945.2,14.0,4.0,149.0,2.55,0.0,4.0,10.0,14.0,26.0,0.0,4.0,0.0,0.0,4.0,54.485,0.0,0.0,217.0,82.0,87.0,207.2,1000.0,16.0,6.0,215.0,3.44,2.0,4.0,10.0,14.0,28.0,0.0,4.0,0.0,0.0,4.0,63.59,0.0,0.0,229.0,8.0,9.0,15.9994,54.8,2.0,2.0,66.0,0.89,2.0,0.0,0.0,0.0,2.0,0.0,0.0,0.0,0.0,0.0,9.105,0.0,0.0,12.0,8.0,87.0,15.9994,54.8,16.0,2.0,66.0,3.44,2.0,4.0,0.0,0.0,6.0,0.0,2.0,0.0,0.0,2.0,9.105,0.0,0.0,12.0
400,BaPbO3,3.292933386,1,Mgaultois/Sparks,Peer-reviewed literature,162.0,351.0,392.5252,1765.0100000000002,64.0,18.0,559.0,13.540000000000001,10.0,14.0,10.0,14.0,48.0,0.0,10.0,0.0,0.0,10.0,119.015,0.0,0.0,490.0,32.4,70.19999999999999,78.50504,353.002,12.8,3.6000000000000005,111.80000000000001,2.708,2.0,2.8,2.0,2.8000000000000003,9.600000000000001,0.0,2.0,0.0,0.0,2.0,23.803000000000004,0.0,0.0,98.00000000000001,29.28,24.480000000000008,75.006768,357.8424,4.319999999999999,1.9200000000000002,54.96000000000001,0.8783999999999998,0.0,1.44,3.2,4.48,7.360000000000001,0.0,0.8,0.0,0.0,0.8,17.6376,0.0,0.0,103.20000000000002,74.0,78.0,191.20059999999998,945.2,14.0,4.0,149.0,2.55,0.0,4.0,10.0,14.0,26.0,0.0,4.0,0.0,0.0,4.0,54.485,0.0,0.0,217.0,82.0,87.0,207.2,1000.0,16.0,6.0,215.0,3.44,2.0,4.0,10.0,14.0,28.0,0.0,4.0,0.0,0.0,4.0,63.59,0.0,0.0,229.0,8.0,9.0,15.9994,54.8,2.0,2.0,66.0,0.89,2.0,0.0,0.0,0.0,2.0,0.0,0.0,0.0,0.0,0.0,9.105,0.0,0.0,12.0,8.0,87.0,15.9994,54.8,16.0,2.0,66.0,3.44,2.0,4.0,0.0,0.0,6.0,0.0,2.0,0.0,0.0,2.0,9.105,0.0,0.0,12.0
700,BaPbO3,3.27844905,1,Mgaultois/Sparks,Peer-reviewed literature,162.0,351.0,392.5252,1765.0100000000002,64.0,18.0,559.0,13.540000000000001,10.0,14.0,10.0,14.0,48.0,0.0,10.0,0.0,0.0,10.0,119.015,0.0,0.0,490.0,32.4,70.19999999999999,78.50504,353.002,12.8,3.6000000000000005,111.80000000000001,2.708,2.0,2.8,2.0,2.8000000000000003,9.600000000000001,0.0,2.0,0.0,0.0,2.0,23.803000000000004,0.0,0.0,98.00000000000001,29.28,24.480000000000008,75.006768,357.8424,4.319999999999999,1.9200000000000002,54.96000000000001,0.8783999999999998,0.0,1.44,3.2,4.48,7.360000000000001,0.0,0.8,0.0,0.0,0.8,17.6376,0.0,0.0,103.20000000000002,74.0,78.0,191.20059999999998,945.2,14.0,4.0,149.0,2.55,0.0,4.0,10.0,14.0,26.0,0.0,4.0,0.0,0.0,4.0,54.485,0.0,0.0,217.0,82.0,87.0,207.2,1000.0,16.0,6.0,215.0,3.44,2.0,4.0,10.0,14.0,28.0,0.0,4.0,0.0,0.0,4.0,63.59,0.0,0.0,229.0,8.0,9.0,15.9994,54.8,2.0,2.0,66.0,0.89,2.0,0.0,0.0,0.0,2.0,0.0,0.0,0.0,0.0,0.0,9.105,0.0,0.0,12.0,8.0,87.0,15.9994,54.8,16.0,2.0,66.0,3.44,2.0,4.0,0.0,0.0,6.0,0.0,2.0,0.0,0.0,2.0,9.105,0.0,0.0,12.0
1000,BaPbO3,3.066233396,1,Mgaultois/Sparks,Peer-reviewed literature,162.0,351.0,392.5252,1765.0100000000002,64.0,18.0,559.0,13.540000000000001,10.0,14.0,10.0,14.0,48.0,0.0,10.0,0.0,0.0,10.0,119.015,0.0,0.0,490.0,32.4,70.19999999999999,78.50504,353.002,12.8,3.6000000000000005,111.80000000000001,2.708,2.0,2.8,2.0,2.8000000000000003,9.600000000000001,0.0,2.0,0.0,0.0,2.0,23.803000000000004,0.0,0.0,98.00000000000001,29.28,24.480000000000008,75.006768,357.8424,4.319999999999999,1.9200000000000002,54.96000000000001,0.8783999999999998,0.0,1.44,3.2,4.48,7.360000000000001,0.0,0.8,0.0,0.0,0.8,17.6376,0.0,0.0,103.20000000000002,74.0,78.0,191.20059999999998,945.2,14.0,4.0,149.0,2.55,0.0,4.0,10.0,14.0,26.0,0.0,4.0,0.0,0.0,4.0,54.485,0.0,0.0,217.0,82.0,87.0,207.2,1000.0,16.0,6.0,215.0,3.44,2.0,4.0,10.0,14.0,28.0,0.0,4.0,0.0,0.0,4.0,63.59,0.0,0.0,229.0,8.0,9.0,15.9994,54.8,2.0,2.0,66.0,0.89,2.0,0.0,0.0,0.0,2.0,0.0,0.0,0.0,0.0,0.0,9.105,0.0,0.0,12.0,8.0,87.0,15.9994,54.8,16.0,2.0,66.0,3.44,2.0,4.0,0.0,0.0,6.0,0.0,2.0,0.0,0.0,2.0,9.105,0.0,0.0,12.0
300,Ba0.8Sr0.2PbO3,3.335046046,1,Mgaultois/Sparks,Peer-reviewed literature,158.4,350.8,382.5838,1775.0100000000002,64.0,17.8,555.0,13.552,10.0,14.0,10.0,14.0,48.0,0.0,10.0,0.0,0.0,10.0,117.143,0.0,0.0,489.20000000000005,31.680000000000003,70.16,76.51675999999999,355.002,12.8,3.5600000000000005,111.0,2.7104,2.0,2.8,2.0,2.8000000000000003,9.600000000000001,0.0,2.0,0.0,0.0,2.0,23.428600000000003,0.0,0.0,97.84,28.416,24.544000000000004,72.620832,360.2424,4.319999999999999,1.872,54.0,0.87552,0.0,1.44,3.2,4.48,7.360000000000001,0.0,0.8,0.0,0.0,0.8,17.18832,0.0,0.0,103.00800000000001,74.0,79.0,191.20059999999998,995.2,14.0,4.0,149.0,2.55,0.0,4.0,10.0,14.0,26.0,0.0,4.0,0.0,0.0,4.0,54.485,0.0,0.0,217.0,82.0,87.0,207.2,1050.0,16.0,6.0,215.0,3.44,2.0,4.0,10.0,14.0,28.0,0.0,4.0,0.0,0.0,4.0,63.59,0.0,0.0,229.0,8.0,8.0,15.9994,54.8,2.0,2.0,66.0,0.89,2.0,0.0,0.0,0.0,2.0,0.0,0.0,0.0,0.0,0.0,9.105,0.0,0.0,12.0,8.0,87.0,15.9994,54.8,16.0,2.0,66.0,3.44,2.0,4.0,0.0,0.0,6.0,0.0,2.0,0.0,0.0,2.0,9.105,0.0,0.0,12.0
400,Ba0.8Sr0.2PbO3,3.322352904,1,Mgaultois/Sparks,Peer-reviewed literature,158.4,350.8,382.5838,1775.0100000000002,64.0,17.8,555.0,13.552,10.0,14.0,10.0,14.0,48.0,0.0,10.0,0.0,0.0,10.0,117.143,0.0,0.0,489.20000000000005,31.680000000000003,70.16,76.51675999999999,355.002,12.8,3.5600000000000005,111.0,2.7104,2.0,2.8,2.0,2.8000000000000003,9.600000000000001,0.0,2.0,0.0,0.0,2.0,23.428600000000003,0.0,0.0,97.84,28.416,24.544000000000004,72.620832,360.2424,4.319999999999999,1.872,54.0,0.87552,0.0,1.44,3.2,4.48,7.360000000000001,0.0,0.8,0.0,0.0,0.8,17.18832,0.0,0.0,103.00800000000001,74.0,79.0,191.20059999999998,995.2,14.0,4.0,149.0,2.55,0.0,4.0,10.0,14.0,26.0,0.0,4.0,0.0,0.0,4.0,54.485,0.0,0.0,217.0,82.0,87.0,207.2,1050.0,16.0,6.0,215.0,3.44,2.0,4.0,10.0,14.0,28.0,0.0,4.0,0.0,0.0,4.0,63.59,0.0,0.0,229.0,8.0,8.0,15.9994,54.8,2.0,2.0,66.0,0.89,2.0,0.0,0.0,0.0,2.0,0.0,0.0,0.0,0.0,0.0,9.105,0.0,0.0,12.0,8.0,87.0,15.9994,54.8,16.0,2.0,66.0,3.44,2.0,4.0,0.0,0.0,6.0,0.0,2.0,0.0,0.0,2.0,9.105,0.0,0.0,12.0
700,Ba0.8Sr0.2PbO3,3.259228477,1,Mgaultois/Sparks,Peer-reviewed literature,158.4,350.8,382.5838,1775.0100000000002,64.0,17.8,555.0,13.552,10.0,14.0,10.0,14.0,48.0,0.0,10.0,0.0,0.0,10.0,117.143,0.0,0.0,489.20000000000005,31.680000000000003,70.16,76.51675999999999,355.002,12.8,3.5600000000000005,111.0,2.7104,2.0,2.8,2.0,2.8000000000000003,9.600000000000001,0.0,2.0,0.0,0.0,2.0,23.428600000000003,0.0,0.0,97.84,28.416,24.544000000000004,72.620832,360.2424,4.319999999999999,1.872,54.0,0.87552,0.0,1.44,3.2,4.48,7.360000000000001,0.0,0.8,0.0,0.0,0.8,17.18832,0.0,0.0,103.00800000000001,74.0,79.0,191.20059999999998,995.2,14.0,4.0,149.0,2.55,0.0,4.0,10.0,14.0,26.0,0.0,4.0,0.0,0.0,4.0,54.485,0.0,0.0,217.0,82.0,87.0,207.2,1050.0,16.0,6.0,215.0,3.44,2.0,4.0,10.0,14.0,28.0,0.0,4.0,0.0,0.0,4.0,63.59,0.0,0.0,229.0,8.0,8.0,15.9994,54.8,2.0,2.0,66.0,0.89,2.0,0.0,0.0,0.0,2.0,0.0,0.0,0.0,0.0,0.0,9.105,0.0,0.0,12.0,8.0,87.0,15.9994,54.8,16.0,2.0,66.0,3.44,2.0,4.0,0.0,0.0,6.0,0.0,2.0,0.0,0.0,2.0,9.105,0.0,0.0,12.0
1000,Ba0.8Sr0.2PbO3,3.221010647,1,Mgaultois/Sparks,Peer-reviewed literature,158.4,350.8,382.5838,1775.0100000000002,64.0,17.8,555.0,13.552,10.0,14.0,10.0,14.0,48.0,0.0,10.0,0.0,0.0,10.0,117.143,0.0,0.0,489.20000000000005,31.680000000000003,70.16,76.51675999999999,355.002,12.8,3.5600000000000005,111.0,2.7104,2.0,2.8,2.0,2.8000000000000003,9.600000000000001,0.0,2.0,0.0,0.0,2.0,23.428600000000003,0.0,0.0,97.84,28.416,24.544000000000004,72.620832,360.2424,4.319999999999999,1.872,54.0,0.87552,0.0,1.44,3.2,4.48,7.360000000000001,0.0,0.8,0.0,0.0,0.8,17.18832,0.0,0.0,103.00800000000001,74.0,79.0,191.20059999999998,995.2,14.0,4.0,149.0,2.55,0.0,4.0,10.0,14.0,26.0,0.0,4.0,0.0,0.0,4.0,54.485,0.0,0.0,217.0,82.0,87.0,207.2,1050.0,16.0,6.0,215.0,3.44,2.0,4.0,10.0,14.0,28.0,0.0,4.0,0.0,0.0,4.0,63.59,0.0,0.0,229.0,8.0,8.0,15.9994,54.8,2.0,2.0,66.0,0.89,2.0,0.0,0.0,0.0,2.0,0.0,0.0,0.0,0.0,0.0,9.105,0.0,0.0,12.0,8.0,87.0,15.9994,54.8,16.0,2.0,66.0,3.44,2.0,4.0,0.0,0.0,6.0,0.0,2.0,0.0,0.0,2.0,9.105,0.0,0.0,12.0
300,Ba0.6Sr0.4PbO3,2.884053498,0,Mgaultois/Sparks,Peer-reviewed literature,154.8,350.6,372.64239999999995,1785.0100000000002,64.0,17.6,551.0,13.564,10.0,14.0,10.0,14.0,48.0,0.0,10.0,0.0,0.0,10.0,115.271,0.0,0.0,488.4,30.960000000000004,70.11999999999999,74.52848,357.002,12.8,3.5200000000000005,110.19999999999999,2.7128,2.0,2.8,2.0,2.8000000000000003,9.600000000000001,0.0,2.0,0.0,0.0,2.0,23.0542,0.0,0.0,97.68,27.552,24.608000000000004,70.23489599999999,362.6424,4.319999999999999,1.824,53.03999999999999,0.8726399999999999,0.0,1.44,3.2,4.48,7.360000000000001,0.0,0.8,0.0,0.0,0.8,16.73904,0.0,0.0,102.816,74.0,79.0,191.20059999999998,995.2,14.0,4.0,149.0,2.55,0.0,4.0,10.0,14.0,26.0,0.0,4.0,0.0,0.0,4.0,54.485,0.0,0.0,217.0,82.0,87.0,207.2,1050.0,16.0,6.0,215.0,3.44,2.0,4.0,10.0,14.0,28.0,0.0,4.0,0.0,0.0,4.0,63.59,0.0,0.0,229.0,8.0,8.0,15.9994,54.8,2.0,2.0,66.0,0.89,2.0,0.0,0.0,0.0,2.0,0.0,0.0,0.0,0.0,0.0,9.105,0.0,0.0,12.0,8.0,87.0,15.9994,54.8,16.0,2.0,66.0,3.44,2.0,4.0,0.0,0.0,6.0,0.0,2.0,0.0,0.0,2.0,9.105,0.0,0.0,12.0
400,Ba0.6Sr0.4PbO3,2.895499232,0,Mgaultois/Sparks,Peer-reviewed literature,154.8,350.6,372.64239999999995,1785.0100000000002,64.0,17.6,551.0,13.564,10.0,14.0,10.0,14.0,48.0,0.0,10.0,0.0,0.0,10.0,115.271,0.0,0.0,488.4,30.960000000000004,70.11999999999999,74.52848,357.002,12.8,3.5200000000000005,110.19999999999999,2.7128,2.0,2.8,2.0,2.8000000000000003,9.600000000000001,0.0,2.0,0.0,0.0,2.0,23.0542,0.0,0.0,97.68,27.552,24.608000000000004,70.23489599999999,362.6424,4.319999999999999,1.824,53.03999999999999,0.8726399999999999,0.0,1.44,3.2,4.48,7.360000000000001,0.0,0.8,0.0,0.0,0.8,16.73904,0.0,0.0,102.816,74.0,79.0,191.20059999999998,995.2,14.0,4.0,149.0,2.55,0.0,4.0,10.0,14.0,26.0,0.0,4.0,0.0,0.0,4.0,54.485,0.0,0.0,217.0,82.0,87.0,207.2,1050.0,16.0,6.0,215.0,3.44,2.0,4.0,10.0,14.0,28.0,0.0,4.0,0.0,0.0,4.0,63.59,0.0,0.0,229.0,8.0,8.0,15.9994,54.8,2.0,2.0,66.0,0.89,2.0,0.0,0.0,0.0,2.0,0.0,0.0,0.0,0.0,0.0,9.105,0.0,0.0,12.0,8.0,87.0,15.9994,54.8,16.0,2.0,66.0,3.44,2.0,4.0,0.0,0.0,6.0,0.0,2.0,0.0,0.0,2.0,9.105,0.0,0.0,12.0
700,Ba0.6Sr0.4PbO3,2.929991703,0,Mgaultois/Sparks,Peer-reviewed literature,154.8,350.6,372.64239999999995,1785.0100000000002,64.0,17.6,551.0,13.564,10.0,14.0,10.0,14.0,48.0,0.0,10.0,0.0,0.0,10.0,115.271,0.0,0.0,488.4,30.960000000000004,70.11999999999999,74.52848,357.002,12.8,3.5200000000000005,110.19999999999999,2.7128,2.0,2.8,2.0,2.8000000000000003,9.600000000000001,0.0,2.0,0.0,0.0,2.0,23.0542,0.0,0.0,97.68,27.552,24.608000000000004,70.23489599999999,362.6424,4.319999999999999,1.824,53.03999999999999,0.8726399999999999,0.0,1.44,3.2,4.48,7.360000000000001,0.0,0.8,0.0,0.0,0.8,16.73904,0.0,0.0,102.816,74.0,79.0,191.20059999999998,995.2,14.0,4.0,149.0,2.55,0.0,4.0,10.0,14.0,26.0,0.0,4.0,0.0,0.0,4.0,54.485,0.0,0.0,217.0,82.0,87.0,207.2,1050.0,16.0,6.0,215.0,3.44,2.0,4.0,10.0,14.0,28.0,0.0,4.0,0.0,0.0,4.0,63.59,0.0,0.0,229.0,8.0,8.0,15.9994,54.8,2.0,2.0,66.0,0.89,2.0,0.0,0.0,0.0,2.0,0.0,0.0,0.0,0.0,0.0,9.105,0.0,0.0,12.0,8.0,87.0,15.9994,54.8,16.0,2.0,66.0,3.44,2.0,4.0,0.0,0.0,6.0,0.0,2.0,0.0,0.0,2.0,9.105,0.0,0.0,12.0
1000,Ba0.6Sr0.4PbO3,3.16306855,0,Mgaultois/Sparks,Peer-reviewed literature,154.8,350.6,372.64239999999995,1785.0100000000002,64.0,17.6,551.0,13.564,10.0,14.0,10.0,14.0,48.0,0.0,10.0,0.0,0.0,10.0,115.271,0.0,0.0,488.4,30.960000000000004,70.11999999999999,74.52848,357.002,12.8,3.5200000000000005,110.19999999999999,2.7128,2.0,2.8,2.0,2.8000000000000003,9.600000000000001,0.0,2.0,0.0,0.0,2.0,23.0542,0.0,0.0,97.68,27.552,24.608000000000004,70.23489599999999,362.6424,4.319999999999999,1.824,53.03999999999999,0.8726399999999999,0.0,1.44,3.2,4.48,7.360000000000001,0.0,0.8,0.0,0.0,0.8,16.73904,0.0,0.0,102.816,74.0,79.0,191.20059999999998,995.2,14.0,4.0,149.0,2.55,0.0,4.0,10.0,14.0,26.0,0.0,4.0,0.0,0.0,4.0,54.485,0.0,0.0,217.0,82.0,87.0,207.2,1050.0,16.0,6.0,215.0,3.44,2.0,4.0,10.0,14.0,28.0,0.0,4.0,0.0,0.0,4.0,63.59,0.0,0.0,229.0,8.0,8.0,15.9994,54.8,2.0,2.0,66.0,0.89,2.0,0.0,0.0,0.0,2.0,0.0,0.0,0.0,0.0,0.0,9.105,0.0,0.0,12.0,8.0,87.0,15.9994,54.8,16.0,2.0,66.0,3.44,2.0,4.0,0.0,0.0,6.0,0.0,2.0,0.0,0.0,2.0,9.105,0.0,0.0,12.0
300,Ba0.4Sr0.6PbO3,2.384287666,0,Mgaultois/Sparks,Peer-reviewed literature,151.2,350.4,362.701,1795.0100000000002,64.0,17.4,547.0,13.576,10.0,14.0,10.0,14.0,48.0,0.0,10.0,0.0,0.0,10.0,113.399,0.0,0.0,487.6,30.240000000000002,70.08,72.5402,359.002,12.8,3.4800000000000004,109.4,2.7152000000000003,2.0,2.8,2.0,2.8000000000000003,9.600000000000001,0.0,2.0,0.0,0.0,2.0,22.6798,0.0,0.0,97.52,26.688000000000002,24.672,67.84896,365.04240000000004,4.319999999999999,1.776,52.08,0.8697599999999999,0.0,1.44,3.2,4.48,7.360000000000001,0.0,0.8,0.0,0.0,0.8,16.28976,0.0,0.0,102.624,74.0,79.0,191.20059999999998,995.2,14.0,4.0,149.0,2.55,0.0,4.0,10.0,14.0,26.0,0.0,4.0,0.0,0.0,4.0,54.485,0.0,0.0,217.0,82.0,87.0,207.2,1050.0,16.0,6.0,215.0,3.44,2.0,4.0,10.0,14.0,28.0,0.0,4.0,0.0,0.0,4.0,63.59,0.0,0.0,229.0,8.0,8.0,15.9994,54.8,2.0,2.0,66.0,0.89,2.0,0.0,0.0,0.0,2.0,0.0,0.0,0.0,0.0,0.0,9.105,0.0,0.0,12.0,8.0,87.0,15.9994,54.8,16.0,2.0,66.0,3.44,2.0,4.0,0.0,0.0,6.0,0.0,2.0,0.0,0.0,2.0,9.105,0.0,0.0,12.0
400,Ba0.4Sr0.6PbO3,2.403316054,0,Mgaultois/Sparks,Peer-reviewed literature,151.2,350.4,362.701,1795.0100000000002,64.0,17.4,547.0,13.576,10.0,14.0,10.0,14.0,48.0,0.0,10.0,0.0,0.0,10.0,113.399,0.0,0.0,487.6,30.240000000000002,70.08,72.5402,359.002,12.8,3.4800000000000004,109.4,2.7152000000000003,2.0,2.8,2.0,2.8000000000000003,9.600000000000001,0.0,2.0,0.0,0.0,2.0,22.6798,0.0,0.0,97.52,26.688000000000002,24.672,67.84896,365.04240000000004,4.319999999999999,1.776,52.08,0.8697599999999999,0.0,1.44,3.2,4.48,7.360000000000001,0.0,0.8,0.0,0.0,0.8,16.28976,0.0,0.0,102.624,74.0,79.0,191.20059999999998,995.2,14.0,4.0,149.0,2.55,0.0,4.0,10.0,14.0,26.0,0.0,4.0,0.0,0.0,4.0,54.485,0.0,0.0,217.0,82.0,87.0,207.2,1050.0,16.0,6.0,215.0,3.44,2.0,4.0,10.0,14.0,28.0,0.0,4.0,0.0,0.0,4.0,63.59,0.0,0.0,229.0,8.0,8.0,15.9994,54.8,2.0,2.0,66.0,0.89,2.0,0.0,0.0,0.0,2.0,0.0,0.0,0.0,0.0,0.0,9.105,0.0,0.0,12.0,8.0,87.0,15.9994,54.8,16.0,2.0,66.0,3.44,2.0,4.0,0.0,0.0,6.0,0.0,2.0,0.0,0.0,2.0,9.105,0.0,0.0,12.0
700,Ba0.4Sr0.6PbO3,2.454633497,0,Mgaultois/Sparks,Peer-reviewed literature,151.2,350.4,362.701,1795.0100000000002,64.0,17.4,547.0,13.576,10.0,14.0,10.0,14.0,48.0,0.0,10.0,0.0,0.0,10.0,113.399,0.0,0.0,487.6,30.240000000000002,70.08,72.5402,359.002,12.8,3.4800000000000004,109.4,2.7152000000000003,2.0,2.8,2.0,2.8000000000000003,9.600000000000001,0.0,2.0,0.0,0.0,2.0,22.6798,0.0,0.0,97.52,26.688000000000002,24.672,67.84896,365.04240000000004,4.319999999999999,1.776,52.08,0.8697599999999999,0.0,1.44,3.2,4.48,7.360000000000001,0.0,0.8,0.0,0.0,0.8,16.28976,0.0,0.0,102.624,74.0,79.0,191.20059999999998,995.2,14.0,4.0,149.0,2.55,0.0,4.0,10.0,14.0,26.0,0.0,4.0,0.0,0.0,4.0,54.485,0.0,0.0,217.0,82.0,87.0,207.2,1050.0,16.0,6.0,215.0,3.44,2.0,4.0,10.0,14.0,28.0,0.0,4.0,0.0,0.0,4.0,63.59,0.0,0.0,229.0,8.0,8.0,15.9994,54.8,2.0,2.0,66.0,0.89,2.0,0.0,0.0,0.0,2.0,0.0,0.0,0.0,0.0,0.0,9.105,0.0,0.0,12.0,8.0,87.0,15.9994,54.8,16.0,2.0,66.0,3.44,2.0,4.0,0.0,0.0,6.0,0.0,2.0,0.0,0.0,2.0,9.105,0.0,0.0,12.0
1000,Ba0.4Sr0.6PbO3,3.02927665,0,Mgaultois/Sparks,Peer-reviewed literature,151.2,350.4,362.701,1795.0100000000002,64.0,17.4,547.0,13.576,10.0,14.0,10.0,14.0,48.0,0.0,10.0,0.0,0.0,10.0,113.399,0.0,0.0,487.6,30.240000000000002,70.08,72.5402,359.002,12.8,3.4800000000000004,109.4,2.7152000000000003,2.0,2.8,2.0,2.8000000000000003,9.600000000000001,0.0,2.0,0.0,0.0,2.0,22.6798,0.0,0.0,97.52,26.688000000000002,24.672,67.84896,365.04240000000004,4.319999999999999,1.776,52.08,0.8697599999999999,0.0,1.44,3.2,4.48,7.360000000000001,0.0,0.8,0.0,0.0,0.8,16.28976,0.0,0.0,102.624,74.0,79.0,191.20059999999998,995.2,14.0,4.0,149.0,2.55,0.0,4.0,10.0,14.0,26.0,0.0,4.0,0.0,0.0,4.0,54.485,0.0,0.0,217.0,82.0,87.0,207.2,1050.0,16.0,6.0,215.0,3.44,2.0,4.0,10.0,14.0,28.0,0.0,4.0,0.0,0.0,4.0,63.59,0.0,0.0,229.0,8.0,8.0,15.9994,54.8,2.0,2.0,66.0,0.89,2.0,0.0,0.0,0.0,2.0,0.0,0.0,0.0,0.0,0.0,9.105,0.0,0.0,12.0,8.0,87.0,15.9994,54.8,16.0,2.0,66.0,3.44,2.0,4.0,0.0,0.0,6.0,0.0,2.0,0.0,0.0,2.0,9.105,0.0,0.0,12.0
400,LaNiO3,2.546230778,1,Mgaultois/Sparks,Peer-reviewed literature,109.0,335.0,245.59707,3085.4,61.0,16.0,529.0,13.33,10.0,12.0,9.0,0.0,31.0,0.0,6.0,11.0,0.0,17.0,74.5325,0.0,0.5953947,455.0,21.8,67.0,49.119414000000006,617.08,12.2,3.2,105.80000000000001,2.6660000000000004,2.0,2.4,1.8,0.0,6.199999999999999,0.0,1.2,2.2,0.0,3.4000000000000004,14.906500000000001,0.0,0.11907894000000002,91.00000000000001,16.560000000000002,24.0,39.7440168,674.7360000000001,4.5600000000000005,1.44,47.760000000000005,0.9287999999999998,0.0,1.92,2.4800000000000004,0.0,1.5199999999999998,0.0,0.96,2.72,0.0,2.24,8.7964,0.0,0.19052630400000004,94.80000000000001,49.0,74.0,122.90607000000001,1673.2,13.0,4.0,141.0,2.34,0.0,4.0,8.0,0.0,7.0,0.0,2.0,9.0,0.0,7.0,27.7925,0.0,0.5953947,213.0,57.0,87.0,138.90547,1728.0,16.0,6.0,207.0,3.44,2.0,4.0,8.0,0.0,10.0,0.0,2.0,9.0,0.0,9.0,36.8975,0.0,0.5953947,225.0,8.0,13.0,15.9994,54.8,3.0,2.0,66.0,1.1,2.0,0.0,0.0,0.0,3.0,0.0,0.0,0.0,0.0,2.0,9.105,0.0,0.0,12.0,8.0,87.0,15.9994,54.8,16.0,2.0,66.0,3.44,2.0,4.0,0.0,0.0,6.0,0.0,2.0,0.0,0.0,2.0,9.105,0.0,0.0,12.0
700,LaNiO3,2.337127001,1,Mgaultois/Sparks,Peer-reviewed literature,109.0,335.0,245.59707,3085.4,61.0,16.0,529.0,13.33,10.0,12.0,9.0,0.0,31.0,0.0,6.0,11.0,0.0,17.0,74.5325,0.0,0.5953947,455.0,21.8,67.0,49.119414000000006,617.08,12.2,3.2,105.80000000000001,2.6660000000000004,2.0,2.4,1.8,0.0,6.199999999999999,0.0,1.2,2.2,0.0,3.4000000000000004,14.906500000000001,0.0,0.11907894000000002,91.00000000000001,16.560000000000002,24.0,39.7440168,674.7360000000001,4.5600000000000005,1.44,47.760000000000005,0.9287999999999998,0.0,1.92,2.4800000000000004,0.0,1.5199999999999998,0.0,0.96,2.72,0.0,2.24,8.7964,0.0,0.19052630400000004,94.80000000000001,49.0,74.0,122.90607000000001,1673.2,13.0,4.0,141.0,2.34,0.0,4.0,8.0,0.0,7.0,0.0,2.0,9.0,0.0,7.0,27.7925,0.0,0.5953947,213.0,57.0,87.0,138.90547,1728.0,16.0,6.0,207.0,3.44,2.0,4.0,8.0,0.0,10.0,0.0,2.0,9.0,0.0,9.0,36.8975,0.0,0.5953947,225.0,8.0,13.0,15.9994,54.8,3.0,2.0,66.0,1.1,2.0,0.0,0.0,0.0,3.0,0.0,0.0,0.0,0.0,2.0,9.105,0.0,0.0,12.0,8.0,87.0,15.9994,54.8,16.0,2.0,66.0,3.44,2.0,4.0,0.0,0.0,6.0,0.0,2.0,0.0,0.0,2.0,9.105,0.0,0.0,12.0
1000,LaNiO3,2.206259192,1,Mgaultois/Sparks,Peer-reviewed literature,109.0,335.0,245.59707,3085.4,61.0,16.0,529.0,13.33,10.0,12.0,9.0,0.0,31.0,0.0,6.0,11.0,0.0,17.0,74.5325,0.0,0.5953947,455.0,21.8,67.0,49.119414000000006,617.08,12.2,3.2,105.80000000000001,2.6660000000000004,2.0,2.4,1.8,0.0,6.199999999999999,0.0,1.2,2.2,0.0,3.4000000000000004,14.906500000000001,0.0,0.11907894000000002,91.00000000000001,16.560000000000002,24.0,39.7440168,674.7360000000001,4.5600000000000005,1.44,47.760000000000005,0.9287999999999998,0.0,1.92,2.4800000000000004,0.0,1.5199999999999998,0.0,0.96,2.72,0.0,2.24,8.7964,0.0,0.19052630400000004,94.80000000000001,49.0,74.0,122.90607000000001,1673.2,13.0,4.0,141.0,2.34,0.0,4.0,8.0,0.0,7.0,0.0,2.0,9.0,0.0,7.0,27.7925,0.0,0.5953947,213.0,57.0,87.0,138.90547,1728.0,16.0,6.0,207.0,3.44,2.0,4.0,8.0,0.0,10.0,0.0,2.0,9.0,0.0,9.0,36.8975,0.0,0.5953947,225.0,8.0,13.0,15.9994,54.8,3.0,2.0,66.0,1.1,2.0,0.0,0.0,0.0,3.0,0.0,0.0,0.0,0.0,2.0,9.105,0.0,0.0,12.0,8.0,87.0,15.9994,54.8,16.0,2.0,66.0,3.44,2.0,4.0,0.0,0.0,6.0,0.0,2.0,0.0,0.0,2.0,9.105,0.0,0.0,12.0
400,La0.9Bi0.1NiO3,2.573049786,1,Mgaultois/Sparks,Peer-reviewed literature,111.60000000000001,342.3,252.604563,3020.5400000000004,62.2,16.0,523.1,13.422,10.0,12.3,9.9,1.4000000000000001,33.6,0.0,6.3,10.1,0.0,16.4,74.13775000000001,0.0,0.5953947,436.79999999999995,22.32,68.46,50.5209126,604.1080000000001,12.44,3.2,104.62,2.6844,2.0,2.46,1.98,0.28,6.72,0.0,1.26,2.02,0.0,3.2800000000000002,14.827549999999999,0.0,0.11907894000000002,87.36,17.183999999999997,22.949600000000004,41.42581512,661.55792,4.3744,1.44,46.343999999999994,0.90672,0.0,1.8696,2.7287999999999997,0.5488000000000001,2.2032,0.0,0.9576,2.5128,0.0,2.0592,8.670079999999999,0.0,0.19052630400000004,93.44640000000001,75.0,74.0,192.981,1673.2,13.0,4.0,141.0,2.34,0.0,4.0,10.0,14.0,26.0,0.0,3.0,9.0,0.0,7.0,27.7925,0.0,0.5953947,213.0,83.0,87.0,208.9804,1728.0,16.0,6.0,207.0,3.44,2.0,4.0,10.0,14.0,29.0,0.0,3.0,9.0,0.0,9.0,36.8975,0.0,0.5953947,225.0,8.0,13.0,15.9994,54.8,3.0,2.0,66.0,1.1,2.0,0.0,0.0,0.0,3.0,0.0,0.0,0.0,0.0,2.0,9.105,0.0,0.0,12.0,8.0,87.0,15.9994,54.8,16.0,2.0,66.0,3.44,2.0,4.0,0.0,0.0,6.0,0.0,2.0,0.0,0.0,2.0,9.105,0.0,0.0,12.0
700,La0.9Bi0.1NiO3,2.384397102,1,Mgaultois/Sparks,Peer-reviewed literature,111.60000000000001,342.3,252.604563,3020.5400000000004,62.2,16.0,523.1,13.422,10.0,12.3,9.9,1.4000000000000001,33.6,0.0,6.3,10.1,0.0,16.4,74.13775000000001,0.0,0.5953947,436.79999999999995,22.32,68.46,50.5209126,604.1080000000001,12.44,3.2,104.62,2.6844,2.0,2.46,1.98,0.28,6.72,0.0,1.26,2.02,0.0,3.2800000000000002,14.827549999999999,0.0,0.11907894000000002,87.36,17.183999999999997,22.949600000000004,41.42581512,661.55792,4.3744,1.44,46.343999999999994,0.90672,0.0,1.8696,2.7287999999999997,0.5488000000000001,2.2032,0.0,0.9576,2.5128,0.0,2.0592,8.670079999999999,0.0,0.19052630400000004,93.44640000000001,75.0,74.0,192.981,1673.2,13.0,4.0,141.0,2.34,0.0,4.0,10.0,14.0,26.0,0.0,3.0,9.0,0.0,7.0,27.7925,0.0,0.5953947,213.0,83.0,87.0,208.9804,1728.0,16.0,6.0,207.0,3.44,2.0,4.0,10.0,14.0,29.0,0.0,3.0,9.0,0.0,9.0,36.8975,0.0,0.5953947,225.0,8.0,13.0,15.9994,54.8,3.0,2.0,66.0,1.1,2.0,0.0,0.0,0.0,3.0,0.0,0.0,0.0,0.0,2.0,9.105,0.0,0.0,12.0,8.0,87.0,15.9994,54.8,16.0,2.0,66.0,3.44,2.0,4.0,0.0,0.0,6.0,0.0,2.0,0.0,0.0,2.0,9.105,0.0,0.0,12.0
1000,La0.9Bi0.1NiO3,2.21560312,1,Mgaultois/Sparks,Peer-reviewed literature,111.60000000000001,342.3,252.604563,3020.5400000000004,62.2,16.0,523.1,13.422,10.0,12.3,9.9,1.4000000000000001,33.6,0.0,6.3,10.1,0.0,16.4,74.13775000000001,0.0,0.5953947,436.79999999999995,22.32,68.46,50.5209126,604.1080000000001,12.44,3.2,104.62,2.6844,2.0,2.46,1.98,0.28,6.72,0.0,1.26,2.02,0.0,3.2800000000000002,14.827549999999999,0.0,0.11907894000000002,87.36,17.183999999999997,22.949600000000004,41.42581512,661.55792,4.3744,1.44,46.343999999999994,0.90672,0.0,1.8696,2.7287999999999997,0.5488000000000001,2.2032,0.0,0.9576,2.5128,0.0,2.0592,8.670079999999999,0.0,0.19052630400000004,93.44640000000001,75.0,74.0,192.981,1673.2,13.0,4.0,141.0,2.34,0.0,4.0,10.0,14.0,26.0,0.0,3.0,9.0,0.0,7.0,27.7925,0.0,0.5953947,213.0,83.0,87.0,208.9804,1728.0,16.0,6.0,207.0,3.44,2.0,4.0,10.0,14.0,29.0,0.0,3.0,9.0,0.0,9.0,36.8975,0.0,0.5953947,225.0,8.0,13.0,15.9994,54.8,3.0,2.0,66.0,1.1,2.0,0.0,0.0,0.0,3.0,0.0,0.0,0.0,0.0,2.0,9.105,0.0,0.0,12.0,8.0,87.0,15.9994,54.8,16.0,2.0,66.0,3.44,2.0,4.0,0.0,0.0,6.0,0.0,2.0,0.0,0.0,2.0,9.105,0.0,0.0,12.0
400,Ca0.96Sm0.04MnO3,2.219198967,1,Mgaultois/Sparks,Peer-reviewed literature,70.68,320.64,147.425525,2807.6,57.04,14.08,513.88,12.8768,10.0,12.0,5.0,0.24,27.240000000000002,0.0,6.0,5.0,0.32,11.32,75.3909862069,0.0,0.000310120689655,475.64,14.136,64.128,29.485105000000004,561.52,11.408,2.816,102.77600000000001,2.57536,2.0,2.4,1.0,0.048,5.4479999999999995,0.0,1.2,1.0,0.064,2.2640000000000002,15.07819724138,0.0,6.2024137931e-05,95.12800000000001,7.3632,27.446400000000004,16.182846,608.0640000000001,5.510400000000001,0.9791999999999998,44.13120000000001,1.0375679999999998,0.0,1.92,1.6,0.09523200000000001,1.3240320000000003,0.0,0.96,1.6,0.126976,1.1861760000000001,9.004081103448001,0.0,9.923862068959999e-05,99.7536,54.0,80.0,134.3606,1464.2,14.0,4.0,132.0,2.44,0.0,4.0,5.0,6.0,6.0,0.0,2.0,5.0,8.0,8.0,28.665000000000003,0.0,0.000310120689655,213.0,62.0,87.0,150.36,1519.0,16.0,6.0,198.0,3.44,2.0,4.0,5.0,6.0,8.0,0.0,2.0,5.0,8.0,8.0,37.77,0.0,0.000310120689655,225.0,8.0,7.0,15.9994,54.8,2.0,2.0,66.0,1.0,2.0,0.0,0.0,0.0,2.0,0.0,0.0,0.0,0.0,0.0,9.105,0.0,0.0,12.0,8.0,87.0,15.9994,54.8,16.0,2.0,66.0,3.44,2.0,4.0,0.0,0.0,6.0,0.0,2.0,0.0,0.0,2.0,9.105,0.0,0.0,12.0
700,Ca0.96Sm0.04MnO3,2.083304493,1,Mgaultois/Sparks,Peer-reviewed literature,70.68,320.64,147.425525,2807.6,57.04,14.08,513.88,12.8768,10.0,12.0,5.0,0.24,27.240000000000002,0.0,6.0,5.0,0.32,11.32,75.3909862069,0.0,0.000310120689655,475.64,14.136,64.128,29.485105000000004,561.52,11.408,2.816,102.77600000000001,2.57536,2.0,2.4,1.0,0.048,5.4479999999999995,0.0,1.2,1.0,0.064,2.2640000000000002,15.07819724138,0.0,6.2024137931e-05,95.12800000000001,7.3632,27.446400000000004,16.182846,608.0640000000001,5.510400000000001,0.9791999999999998,44.13120000000001,1.0375679999999998,0.0,1.92,1.6,0.09523200000000001,1.3240320000000003,0.0,0.96,1.6,0.126976,1.1861760000000001,9.004081103448001,0.0,9.923862068959999e-05,99.7536,54.0,80.0,134.3606,1464.2,14.0,4.0,132.0,2.44,0.0,4.0,5.0,6.0,6.0,0.0,2.0,5.0,8.0,8.0,28.665000000000003,0.0,0.000310120689655,213.0,62.0,87.0,150.36,1519.0,16.0,6.0,198.0,3.44,2.0,4.0,5.0,6.0,8.0,0.0,2.0,5.0,8.0,8.0,37.77,0.0,0.000310120689655,225.0,8.0,7.0,15.9994,54.8,2.0,2.0,66.0,1.0,2.0,0.0,0.0,0.0,2.0,0.0,0.0,0.0,0.0,0.0,9.105,0.0,0.0,12.0,8.0,87.0,15.9994,54.8,16.0,2.0,66.0,3.44,2.0,4.0,0.0,0.0,6.0,0.0,2.0,0.0,0.0,2.0,9.105,0.0,0.0,12.0
1000,Ca0.96Sm0.04MnO3,1.956822484,1,Mgaultois/Sparks,Peer-reviewed literature,70.68,320.64,147.425525,2807.6,57.04,14.08,513.88,12.8768,10.0,12.0,5.0,0.24,27.240000000000002,0.0,6.0,5.0,0.32,11.32,75.3909862069,0.0,0.000310120689655,475.64,14.136,64.128,29.485105000000004,561.52,11.408,2.816,102.77600000000001,2.57536,2.0,2.4,1.0,0.048,5.4479999999999995,0.0,1.2,1.0,0.064,2.2640000000000002,15.07819724138,0.0,6.2024137931e-05,95.12800000000001,7.3632,27.446400000000004,16.182846,608.0640000000001,5.510400000000001,0.9791999999999998,44.13120000000001,1.0375679999999998,0.0,1.92,1.6,0.09523200000000001,1.3240320000000003,0.0,0.96,1.6,0.126976,1.1861760000000001,9.004081103448001,0.0,9.923862068959999e-05,99.7536,54.0,80.0,134.3606,1464.2,14.0,4.0,132.0,2.44,0.0,4.0,5.0,6.0,6.0,0.0,2.0,5.0,8.0,8.0,28.665000000000003,0.0,0.000310120689655,213.0,62.0,87.0,150.36,1519.0,16.0,6.0,198.0,3.44,2.0,4.0,5.0,6.0,8.0,0.0,2.0,5.0,8.0,8.0,37.77,0.0,0.000310120689655,225.0,8.0,7.0,15.9994,54.8,2.0,2.0,66.0,1.0,2.0,0.0,0.0,0.0,2.0,0.0,0.0,0.0,0.0,0.0,9.105,0.0,0.0,12.0,8.0,87.0,15.9994,54.8,16.0,2.0,66.0,3.44,2.0,4.0,0.0,0.0,6.0,0.0,2.0,0.0,0.0,2.0,9.105,0.0,0.0,12.0
300,Bi2Sr2Co2O8,2.672865935,1,Mgaultois/Sparks,Peer-reviewed literature,360.0,1000.0,839.06239,7163.2,180.0,46.0,1466.0,37.22,28.0,38.0,34.0,28.0,128.0,0.0,22.0,6.0,0.0,28.0,267.69000000000005,0.0,3.0969424,958.0,25.714285714285715,71.42857142857142,59.933027857142854,511.6571428571428,12.857142857142856,3.285714285714285,104.71428571428572,2.6585714285714284,2.0,2.714285714285714,2.4285714285714284,2.0,9.142857142857142,0.0,1.5714285714285714,0.42857142857142855,0.0,2.0,19.120714285714286,0.0,0.2212101714285714,68.42857142857143,20.244897959183675,21.95918367346939,50.49552693877551,522.1224489795918,4.204081632653061,1.4693877551020407,44.244897959183675,0.893061224489796,0.0,1.5510204081632653,3.4693877551020402,3.4285714285714284,5.673469387755101,0.0,0.8979591836734693,0.7346938775510203,0.0,0.5714285714285714,13.982448979591835,0.0,0.3792174367346938,80.61224489795919,75.0,79.0,192.981,1713.2,14.0,4.0,129.0,2.49,0.0,4.0,10.0,14.0,27.0,0.0,3.0,3.0,0.0,3.0,45.125,0.0,1.5484712,213.0,83.0,87.0,208.9804,1768.0,16.0,6.0,195.0,3.44,2.0,4.0,10.0,14.0,29.0,0.0,3.0,3.0,0.0,3.0,54.23,0.0,1.5484712,225.0,8.0,8.0,15.9994,54.8,2.0,2.0,66.0,0.95,2.0,0.0,0.0,0.0,2.0,0.0,0.0,0.0,0.0,0.0,9.105,0.0,0.0,12.0,8.0,87.0,15.9994,54.8,16.0,2.0,66.0,3.44,2.0,4.0,0.0,0.0,6.0,0.0,2.0,0.0,0.0,2.0,9.105,0.0,0.0,12.0
400,Bi2Sr2Co2O8,2.623072829,1,Mgaultois/Sparks,Peer-reviewed literature,360.0,1000.0,839.06239,7163.2,180.0,46.0,1466.0,37.22,28.0,38.0,34.0,28.0,128.0,0.0,22.0,6.0,0.0,28.0,267.69000000000005,0.0,3.0969424,958.0,25.714285714285715,71.42857142857142,59.933027857142854,511.6571428571428,12.857142857142856,3.285714285714285,104.71428571428572,2.6585714285714284,2.0,2.714285714285714,2.4285714285714284,2.0,9.142857142857142,0.0,1.5714285714285714,0.42857142857142855,0.0,2.0,19.120714285714286,0.0,0.2212101714285714,68.42857142857143,20.244897959183675,21.95918367346939,50.49552693877551,522.1224489795918,4.204081632653061,1.4693877551020407,44.244897959183675,0.893061224489796,0.0,1.5510204081632653,3.4693877551020402,3.4285714285714284,5.673469387755101,0.0,0.8979591836734693,0.7346938775510203,0.0,0.5714285714285714,13.982448979591835,0.0,0.3792174367346938,80.61224489795919,75.0,79.0,192.981,1713.2,14.0,4.0,129.0,2.49,0.0,4.0,10.0,14.0,27.0,0.0,3.0,3.0,0.0,3.0,45.125,0.0,1.5484712,213.0,83.0,87.0,208.9804,1768.0,16.0,6.0,195.0,3.44,2.0,4.0,10.0,14.0,29.0,0.0,3.0,3.0,0.0,3.0,54.23,0.0,1.5484712,225.0,8.0,8.0,15.9994,54.8,2.0,2.0,66.0,0.95,2.0,0.0,0.0,0.0,2.0,0.0,0.0,0.0,0.0,0.0,9.105,0.0,0.0,12.0,8.0,87.0,15.9994,54.8,16.0,2.0,66.0,3.44,2.0,4.0,0.0,0.0,6.0,0.0,2.0,0.0,0.0,2.0,9.105,0.0,0.0,12.0
700,Bi2Sr2Co2O8,2.558177657,1,Mgaultois/Sparks,Peer-reviewed literature,360.0,1000.0,839.06239,7163.2,180.0,46.0,1466.0,37.22,28.0,38.0,34.0,28.0,128.0,0.0,22.0,6.0,0.0,28.0,267.69000000000005,0.0,3.0969424,958.0,25.714285714285715,71.42857142857142,59.933027857142854,511.6571428571428,12.857142857142856,3.285714285714285,104.71428571428572,2.6585714285714284,2.0,2.714285714285714,2.4285714285714284,2.0,9.142857142857142,0.0,1.5714285714285714,0.42857142857142855,0.0,2.0,19.120714285714286,0.0,0.2212101714285714,68.42857142857143,20.244897959183675,21.95918367346939,50.49552693877551,522.1224489795918,4.204081632653061,1.4693877551020407,44.244897959183675,0.893061224489796,0.0,1.5510204081632653,3.4693877551020402,3.4285714285714284,5.673469387755101,0.0,0.8979591836734693,0.7346938775510203,0.0,0.5714285714285714,13.982448979591835,0.0,0.3792174367346938,80.61224489795919,75.0,79.0,192.981,1713.2,14.0,4.0,129.0,2.49,0.0,4.0,10.0,14.0,27.0,0.0,3.0,3.0,0.0,3.0,45.125,0.0,1.5484712,213.0,83.0,87.0,208.9804,1768.0,16.0,6.0,195.0,3.44,2.0,4.0,10.0,14.0,29.0,0.0,3.0,3.0,0.0,3.0,54.23,0.0,1.5484712,225.0,8.0,8.0,15.9994,54.8,2.0,2.0,66.0,0.95,2.0,0.0,0.0,0.0,2.0,0.0,0.0,0.0,0.0,0.0,9.105,0.0,0.0,12.0,8.0,87.0,15.9994,54.8,16.0,2.0,66.0,3.44,2.0,4.0,0.0,0.0,6.0,0.0,2.0,0.0,0.0,2.0,9.105,0.0,0.0,12.0
1000,Bi2Sr2Co2O8,2.435546993,1,Mgaultois/Sparks,Peer-reviewed literature,360.0,1000.0,839.06239,7163.2,180.0,46.0,1466.0,37.22,28.0,38.0,34.0,28.0,128.0,0.0,22.0,6.0,0.0,28.0,267.69000000000005,0.0,3.0969424,958.0,25.714285714285715,71.42857142857142,59.933027857142854,511.6571428571428,12.857142857142856,3.285714285714285,104.71428571428572,2.6585714285714284,2.0,2.714285714285714,2.4285714285714284,2.0,9.142857142857142,0.0,1.5714285714285714,0.42857142857142855,0.0,2.0,19.120714285714286,0.0,0.2212101714285714,68.42857142857143,20.244897959183675,21.95918367346939,50.49552693877551,522.1224489795918,4.204081632653061,1.4693877551020407,44.244897959183675,0.893061224489796,0.0,1.5510204081632653,3.4693877551020402,3.4285714285714284,5.673469387755101,0.0,0.8979591836734693,0.7346938775510203,0.0,0.5714285714285714,13.982448979591835,0.0,0.3792174367346938,80.61224489795919,75.0,79.0,192.981,1713.2,14.0,4.0,129.0,2.49,0.0,4.0,10.0,14.0,27.0,0.0,3.0,3.0,0.0,3.0,45.125,0.0,1.5484712,213.0,83.0,87.0,208.9804,1768.0,16.0,6.0,195.0,3.44,2.0,4.0,10.0,14.0,29.0,0.0,3.0,3.0,0.0,3.0,54.23,0.0,1.5484712,225.0,8.0,8.0,15.9994,54.8,2.0,2.0,66.0,0.95,2.0,0.0,0.0,0.0,2.0,0.0,0.0,0.0,0.0,0.0,9.105,0.0,0.0,12.0,8.0,87.0,15.9994,54.8,16.0,2.0,66.0,3.44,2.0,4.0,0.0,0.0,6.0,0.0,2.0,0.0,0.0,2.0,9.105,0.0,0.0,12.0
300,WO2.722,4.189904649,1,Mgaultois/Sparks,Peer-reviewed literature,95.776,287.81399999999996,227.3903668,3844.1656,49.552,11.443999999999999,341.652,11.72368,7.444,10.888,4.0,14.0,36.332,0.0,5.444,6.0,0.0,11.443999999999999,40.83381,0.0,0.0,261.664,25.732401934443846,77.32778076303063,61.09359666845781,1032.8225685115528,13.313272434175174,3.07469102632993,91.79258463191832,3.1498334228909184,2.0,2.9253089736700697,1.07469102632993,3.7614185921547554,9.761418592154754,0.0,1.4626544868350349,1.6120365394948952,0.0,3.07469102632993,10.970932294465342,0.0,0.0,70.3019881783987,25.93637725177655,14.147114864605388,65.9572290873413,1430.5090980593482,3.929754129057053,1.5719016516228208,37.7256396389477,0.4244134459381619,0.0,1.571901651622821,1.571901651622821,5.501655780679874,5.501655780679872,0.0,0.7859508258114105,2.3578524774342315,0.0,1.5719016516228208,2.729214242630123,0.0,0.0,85.27566460053804,66.0,36.0,167.8406,3640.2,10.0,4.0,96.0,1.08,0.0,4.0,4.0,14.0,14.0,0.0,2.0,6.0,0.0,4.0,6.945,0.0,0.0,217.0,74.0,87.0,183.84,3695.0,16.0,6.0,162.0,3.44,2.0,4.0,4.0,14.0,20.0,0.0,2.0,6.0,0.0,6.0,16.05,0.0,0.0,229.0,8.0,51.0,15.9994,54.8,6.0,2.0,66.0,2.36,2.0,0.0,0.0,0.0,6.0,0.0,0.0,0.0,0.0,2.0,9.105,0.0,0.0,12.0,8.0,87.0,15.9994,54.8,16.0,2.0,66.0,3.44,2.0,4.0,0.0,0.0,6.0,0.0,2.0,0.0,0.0,2.0,9.105,0.0,0.0,12.0
400,WO2.722,4.009424524,1,Mgaultois/Sparks,Peer-reviewed literature,95.776,287.81399999999996,227.3903668,3844.1656,49.552,11.443999999999999,341.652,11.72368,7.444,10.888,4.0,14.0,36.332,0.0,5.444,6.0,0.0,11.443999999999999,40.83381,0.0,0.0,261.664,25.732401934443846,77.32778076303063,61.09359666845781,1032.8225685115528,13.313272434175174,3.07469102632993,91.79258463191832,3.1498334228909184,2.0,2.9253089736700697,1.07469102632993,3.7614185921547554,9.761418592154754,0.0,1.4626544868350349,1.6120365394948952,0.0,3.07469102632993,10.970932294465342,0.0,0.0,70.3019881783987,25.93637725177655,14.147114864605388,65.9572290873413,1430.5090980593482,3.929754129057053,1.5719016516228208,37.7256396389477,0.4244134459381619,0.0,1.571901651622821,1.571901651622821,5.501655780679874,5.501655780679872,0.0,0.7859508258114105,2.3578524774342315,0.0,1.5719016516228208,2.729214242630123,0.0,0.0,85.27566460053804,66.0,36.0,167.8406,3640.2,10.0,4.0,96.0,1.08,0.0,4.0,4.0,14.0,14.0,0.0,2.0,6.0,0.0,4.0,6.945,0.0,0.0,217.0,74.0,87.0,183.84,3695.0,16.0,6.0,162.0,3.44,2.0,4.0,4.0,14.0,20.0,0.0,2.0,6.0,0.0,6.0,16.05,0.0,0.0,229.0,8.0,51.0,15.9994,54.8,6.0,2.0,66.0,2.36,2.0,0.0,0.0,0.0,6.0,0.0,0.0,0.0,0.0,2.0,9.105,0.0,0.0,12.0,8.0,87.0,15.9994,54.8,16.0,2.0,66.0,3.44,2.0,4.0,0.0,0.0,6.0,0.0,2.0,0.0,0.0,2.0,9.105,0.0,0.0,12.0
700,WO2.722,3.69548793,1,Mgaultois/Sparks,Peer-reviewed literature,95.776,287.81399999999996,227.3903668,3844.1656,49.552,11.443999999999999,341.652,11.72368,7.444,10.888,4.0,14.0,36.332,0.0,5.444,6.0,0.0,11.443999999999999,40.83381,0.0,0.0,261.664,25.732401934443846,77.32778076303063,61.09359666845781,1032.8225685115528,13.313272434175174,3.07469102632993,91.79258463191832,3.1498334228909184,2.0,2.9253089736700697,1.07469102632993,3.7614185921547554,9.761418592154754,0.0,1.4626544868350349,1.6120365394948952,0.0,3.07469102632993,10.970932294465342,0.0,0.0,70.3019881783987,25.93637725177655,14.147114864605388,65.9572290873413,1430.5090980593482,3.929754129057053,1.5719016516228208,37.7256396389477,0.4244134459381619,0.0,1.571901651622821,1.571901651622821,5.501655780679874,5.501655780679872,0.0,0.7859508258114105,2.3578524774342315,0.0,1.5719016516228208,2.729214242630123,0.0,0.0,85.27566460053804,66.0,36.0,167.8406,3640.2,10.0,4.0,96.0,1.08,0.0,4.0,4.0,14.0,14.0,0.0,2.0,6.0,0.0,4.0,6.945,0.0,0.0,217.0,74.0,87.0,183.84,3695.0,16.0,6.0,162.0,3.44,2.0,4.0,4.0,14.0,20.0,0.0,2.0,6.0,0.0,6.0,16.05,0.0,0.0,229.0,8.0,51.0,15.9994,54.8,6.0,2.0,66.0,2.36,2.0,0.0,0.0,0.0,6.0,0.0,0.0,0.0,0.0,2.0,9.105,0.0,0.0,12.0,8.0,87.0,15.9994,54.8,16.0,2.0,66.0,3.44,2.0,4.0,0.0,0.0,6.0,0.0,2.0,0.0,0.0,2.0,9.105,0.0,0.0,12.0
1000,WO2.722,3.516197392,1,Mgaultois/Sparks,Peer-reviewed literature,95.776,287.81399999999996,227.3903668,3844.1656,49.552,11.443999999999999,341.652,11.72368,7.444,10.888,4.0,14.0,36.332,0.0,5.444,6.0,0.0,11.443999999999999,40.83381,0.0,0.0,261.664,25.732401934443846,77.32778076303063,61.09359666845781,1032.8225685115528,13.313272434175174,3.07469102632993,91.79258463191832,3.1498334228909184,2.0,2.9253089736700697,1.07469102632993,3.7614185921547554,9.761418592154754,0.0,1.4626544868350349,1.6120365394948952,0.0,3.07469102632993,10.970932294465342,0.0,0.0,70.3019881783987,25.93637725177655,14.147114864605388,65.9572290873413,1430.5090980593482,3.929754129057053,1.5719016516228208,37.7256396389477,0.4244134459381619,0.0,1.571901651622821,1.571901651622821,5.501655780679874,5.501655780679872,0.0,0.7859508258114105,2.3578524774342315,0.0,1.5719016516228208,2.729214242630123,0.0,0.0,85.27566460053804,66.0,36.0,167.8406,3640.2,10.0,4.0,96.0,1.08,0.0,4.0,4.0,14.0,14.0,0.0,2.0,6.0,0.0,4.0,6.945,0.0,0.0,217.0,74.0,87.0,183.84,3695.0,16.0,6.0,162.0,3.44,2.0,4.0,4.0,14.0,20.0,0.0,2.0,6.0,0.0,6.0,16.05,0.0,0.0,229.0,8.0,51.0,15.9994,54.8,6.0,2.0,66.0,2.36,2.0,0.0,0.0,0.0,6.0,0.0,0.0,0.0,0.0,2.0,9.105,0.0,0.0,12.0,8.0,87.0,15.9994,54.8,16.0,2.0,66.0,3.44,2.0,4.0,0.0,0.0,6.0,0.0,2.0,0.0,0.0,2.0,9.105,0.0,0.0,12.0
300,La2CuO4,1.139204578,0,Mgaultois/Sparks,Peer-reviewed literature,175.0,438.0,405.35454,3962.97,81.0,24.0,810.0,17.86,13.0,16.0,12.0,0.0,41.0,1.0,8.0,18.0,0.0,27.0,121.28500000000001,0.0,0.0,661.0,25.0,62.57142857142856,57.90779142857143,566.1385714285714,11.571428571428571,3.4285714285714284,115.71428571428572,2.551428571428571,1.857142857142857,2.2857142857142856,1.714285714285714,0.0,5.857142857142857,0.14285714285714285,1.1428571428571428,2.571428571428571,0.0,3.8571428571428568,17.326428571428572,0.0,0.0,94.42857142857142,19.428571428571427,28.326530612244902,47.89530448979592,584.3869387755101,5.061224489795919,1.6326530612244896,56.816326530612244,1.0155102040816326,0.24489795918367357,1.9591836734693877,2.3673469387755097,0.0,1.63265306122449,0.24489795918367346,0.9795918367346939,3.6734693877551017,0.0,2.9387755102040813,11.183469387755101,0.0,0.0,94.20408163265306,49.0,74.0,122.90607000000001,1302.97,13.0,4.0,141.0,2.34,1.0,4.0,10.0,0.0,8.0,1.0,2.0,9.0,0.0,8.0,27.7925,0.0,0.0,213.0,57.0,87.0,138.90547,1357.77,16.0,6.0,207.0,3.44,2.0,4.0,10.0,0.0,11.0,1.0,2.0,9.0,0.0,9.0,36.8975,0.0,0.0,225.0,8.0,13.0,15.9994,54.8,3.0,2.0,66.0,1.1,1.0,0.0,0.0,0.0,3.0,0.0,0.0,0.0,0.0,1.0,9.105,0.0,0.0,12.0,8.0,87.0,15.9994,54.8,16.0,2.0,66.0,3.44,2.0,4.0,0.0,0.0,6.0,0.0,2.0,0.0,0.0,2.0,9.105,0.0,0.0,12.0
300,La1.61Sr0.39Cu0.94Ti0.06O4,2.494850022,0,Mgaultois/Sparks,Peer-reviewed literature,167.17,434.78999999999996,384.41246670000004,3942.1938,80.19,23.61,807.0000000000001,17.779899999999998,13.059999999999999,16.0,11.129999999999997,0.0,40.19,0.94,8.0,14.97,0.0,23.91,128.381875,0.0,1.351999999998e-06,671.23,23.88142857142857,62.11285714285714,54.916066671428574,563.1705428571429,11.455714285714285,3.3728571428571428,115.28571428571428,2.5399857142857143,1.8657142857142857,2.2857142857142856,1.59,0.0,5.741428571428571,0.13428571428571429,1.1428571428571428,2.138571428571429,0.0,3.415714285714286,18.34026785714286,0.0,1.9314285714257146e-07,95.89000000000001,18.182457142857142,28.94928163265306,44.59703162457143,580.9949061224489,5.193469387755102,1.5689795918367346,56.326530612244895,1.0285877551020408,0.23250612244897964,1.9591836734693877,2.265714285714286,0.0,1.7078122448979594,0.23250612244897956,0.9795918367346939,3.2567387755102044,0.0,2.6473591836734696,12.535468367346938,0.0,3.8297469387698453e-07,95.87428571428572,49.0,79.0,122.90607000000001,1886.2,14.0,4.0,141.0,2.49,1.0,4.0,10.0,0.0,9.0,1.0,2.0,9.0,0.0,9.0,45.125,0.0,2.25333333333e-05,213.0,57.0,87.0,138.90547,1941.0,16.0,6.0,207.0,3.44,2.0,4.0,10.0,0.0,11.0,1.0,2.0,9.0,0.0,9.0,54.23,0.0,2.25333333333e-05,225.0,8.0,8.0,15.9994,54.8,2.0,2.0,66.0,0.95,1.0,0.0,0.0,0.0,2.0,0.0,0.0,0.0,0.0,0.0,9.105,0.0,0.0,12.0,8.0,87.0,15.9994,54.8,16.0,2.0,66.0,3.44,2.0,4.0,0.0,0.0,6.0,0.0,2.0,0.0,0.0,2.0,9.105,0.0,0.0,12.0
300,La1.85Sr0.15Cu0.94Ti0.06O4,-1.100715087,0,Mgaultois/Sparks,Peer-reviewed literature,171.73,435.99,396.72097950000006,3976.5137999999997,80.43,23.85,809.8800000000001,17.8159,13.059999999999999,16.0,11.369999999999997,0.0,40.43,0.94,8.0,17.130000000000003,0.0,26.070000000000004,124.22207500000002,0.0,1.351999999998e-06,663.7900000000001,24.532857142857146,62.28428571428571,56.67442564285715,568.0734,11.489999999999998,3.4071428571428575,115.69714285714286,2.545128571428571,1.8657142857142857,2.2857142857142856,1.6242857142857143,0.0,5.775714285714285,0.13428571428571429,1.1428571428571428,2.447142857142857,0.0,3.724285714285714,17.746010714285717,0.0,1.9314285714257146e-07,94.82714285714286,18.938114285714285,28.707322448979596,46.63672803142857,586.5981714285715,5.154285714285715,1.6081632653061226,56.796734693877546,1.0227102040816325,0.23250612244897964,1.9591836734693877,2.255918367346939,0.0,1.6594204081632655,0.23250612244897956,0.9795918367346939,3.5588448979591836,0.0,2.8618897959183673,11.686529591836736,0.0,3.8297469387698453e-07,94.65959183673469,49.0,79.0,122.90607000000001,1886.2,14.0,4.0,141.0,2.49,1.0,4.0,10.0,0.0,9.0,1.0,2.0,9.0,0.0,9.0,45.125,0.0,2.25333333333e-05,213.0,57.0,87.0,138.90547,1941.0,16.0,6.0,207.0,3.44,2.0,4.0,10.0,0.0,11.0,1.0,2.0,9.0,0.0,9.0,54.23,0.0,2.25333333333e-05,225.0,8.0,8.0,15.9994,54.8,2.0,2.0,66.0,0.95,1.0,0.0,0.0,0.0,2.0,0.0,0.0,0.0,0.0,0.0,9.105,0.0,0.0,12.0,8.0,87.0,15.9994,54.8,16.0,2.0,66.0,3.44,2.0,4.0,0.0,0.0,6.0,0.0,2.0,0.0,0.0,2.0,9.105,0.0,0.0,12.0
300,La1.67Sr0.34Cu0.94Ti0.06O4,2.494850022,0,Mgaultois/Sparks,Peer-reviewed literature,168.69,435.17,388.3657949,3961.2738,80.27,23.72,809.6700000000001,17.7984,13.079999999999998,16.0,11.189999999999998,0.0,40.269999999999996,0.94,8.0,15.51,0.0,24.45,127.88422500000001,0.0,1.351999999998e-06,671.62,24.0641940085592,62.078459343794584,55.40168258202567,565.0889871611984,11.450784593437946,3.383737517831669,115.50213980028532,2.539001426533524,1.8659058487874467,2.282453637660485,1.5962910128388017,0.0,5.744650499286734,0.1340941512125535,1.1412268188302426,2.2125534950071324,0.0,3.487874465049928,18.243113409415123,0.0,1.928673323820257e-07,95.80884450784593,18.368224728887405,28.95646529005842,45.09592333324515,582.3554775020808,5.1916866266043415,1.5791583655710915,56.49316952956954,1.0282437357677332,0.23222581964627653,1.9601099712861796,2.2606873001886445,0.0,1.7008349596358165,0.23222581964627664,0.9800549856430898,3.3330335103103166,0.0,2.7035598218155843,12.378992024843255,0.0,3.824330841811922e-07,95.64490100752747,49.0,79.0,122.90607000000001,1886.2,14.0,4.0,141.0,2.49,1.0,4.0,10.0,0.0,9.0,1.0,2.0,9.0,0.0,9.0,45.125,0.0,2.25333333333e-05,213.0,57.0,87.0,138.90547,1941.0,16.0,6.0,207.0,3.44,2.0,4.0,10.0,0.0,11.0,1.0,2.0,9.0,0.0,9.0,54.23,0.0,2.25333333333e-05,225.0,8.0,8.0,15.9994,54.8,2.0,2.0,66.0,0.95,1.0,0.0,0.0,0.0,2.0,0.0,0.0,0.0,0.0,0.0,9.105,0.0,0.0,12.0,8.0,87.0,15.9994,54.8,16.0,2.0,66.0,3.44,2.0,4.0,0.0,0.0,6.0,0.0,2.0,0.0,0.0,2.0,9.105,0.0,0.0,12.0
300,La1.9Sr0.1CuO4,2.552398594,1,Mgaultois/Sparks,Peer-reviewed literature,173.1,437.5,400.22599299999996,3948.6699999999996,80.9,23.9,808.8,17.845,13.0,16.0,11.9,0.0,40.9,1.0,8.0,17.099999999999998,0.0,26.099999999999998,123.01825000000001,0.0,0.0,664.0999999999999,24.728571428571428,62.49999999999999,57.17514185714286,564.0957142857142,11.557142857142857,3.414285714285714,115.54285714285714,2.5492857142857144,1.857142857142857,2.2857142857142856,1.6999999999999997,0.0,5.8428571428571425,0.14285714285714285,1.1428571428571428,2.4428571428571426,0.0,3.728571428571428,17.574035714285714,0.0,0.0,94.87142857142857,19.118367346938776,28.42857142857143,47.05799069387755,582.0522448979591,5.077551020408163,1.6163265306122447,56.6204081632653,1.0179591836734692,0.24489795918367357,1.9591836734693875,2.371428571428571,0.0,1.6530612244897958,0.24489795918367346,0.9795918367346937,3.5595918367346937,0.0,2.8616326530612244,11.537193877551019,0.0,0.0,94.71020408163264,49.0,79.0,122.90607000000001,1302.97,14.0,4.0,141.0,2.49,1.0,4.0,10.0,0.0,9.0,1.0,2.0,9.0,0.0,9.0,45.125,0.0,0.0,213.0,57.0,87.0,138.90547,1357.77,16.0,6.0,207.0,3.44,2.0,4.0,10.0,0.0,11.0,1.0,2.0,9.0,0.0,9.0,54.23,0.0,0.0,225.0,8.0,8.0,15.9994,54.8,2.0,2.0,66.0,0.95,1.0,0.0,0.0,0.0,2.0,0.0,0.0,0.0,0.0,0.0,9.105,0.0,0.0,12.0,8.0,87.0,15.9994,54.8,16.0,2.0,66.0,3.44,2.0,4.0,0.0,0.0,6.0,0.0,2.0,0.0,0.0,2.0,9.105,0.0,0.0,12.0
400,La1.9Sr0.1CuO4,2.418486106,1,Mgaultois/Sparks,Peer-reviewed literature,173.1,437.5,400.22599299999996,3948.6699999999996,80.9,23.9,808.8,17.845,13.0,16.0,11.9,0.0,40.9,1.0,8.0,17.099999999999998,0.0,26.099999999999998,123.01825000000001,0.0,0.0,664.0999999999999,24.728571428571428,62.49999999999999,57.17514185714286,564.0957142857142,11.557142857142857,3.414285714285714,115.54285714285714,2.5492857142857144,1.857142857142857,2.2857142857142856,1.6999999999999997,0.0,5.8428571428571425,0.14285714285714285,1.1428571428571428,2.4428571428571426,0.0,3.728571428571428,17.574035714285714,0.0,0.0,94.87142857142857,19.118367346938776,28.42857142857143,47.05799069387755,582.0522448979591,5.077551020408163,1.6163265306122447,56.6204081632653,1.0179591836734692,0.24489795918367357,1.9591836734693875,2.371428571428571,0.0,1.6530612244897958,0.24489795918367346,0.9795918367346937,3.5595918367346937,0.0,2.8616326530612244,11.537193877551019,0.0,0.0,94.71020408163264,49.0,79.0,122.90607000000001,1302.97,14.0,4.0,141.0,2.49,1.0,4.0,10.0,0.0,9.0,1.0,2.0,9.0,0.0,9.0,45.125,0.0,0.0,213.0,57.0,87.0,138.90547,1357.77,16.0,6.0,207.0,3.44,2.0,4.0,10.0,0.0,11.0,1.0,2.0,9.0,0.0,9.0,54.23,0.0,0.0,225.0,8.0,8.0,15.9994,54.8,2.0,2.0,66.0,0.95,1.0,0.0,0.0,0.0,2.0,0.0,0.0,0.0,0.0,0.0,9.105,0.0,0.0,12.0,8.0,87.0,15.9994,54.8,16.0,2.0,66.0,3.44,2.0,4.0,0.0,0.0,6.0,0.0,2.0,0.0,0.0,2.0,9.105,0.0,0.0,12.0
700,La1.9Sr0.1CuO4,2.215862193,1,Mgaultois/Sparks,Peer-reviewed literature,173.1,437.5,400.22599299999996,3948.6699999999996,80.9,23.9,808.8,17.845,13.0,16.0,11.9,0.0,40.9,1.0,8.0,17.099999999999998,0.0,26.099999999999998,123.01825000000001,0.0,0.0,664.0999999999999,24.728571428571428,62.49999999999999,57.17514185714286,564.0957142857142,11.557142857142857,3.414285714285714,115.54285714285714,2.5492857142857144,1.857142857142857,2.2857142857142856,1.6999999999999997,0.0,5.8428571428571425,0.14285714285714285,1.1428571428571428,2.4428571428571426,0.0,3.728571428571428,17.574035714285714,0.0,0.0,94.87142857142857,19.118367346938776,28.42857142857143,47.05799069387755,582.0522448979591,5.077551020408163,1.6163265306122447,56.6204081632653,1.0179591836734692,0.24489795918367357,1.9591836734693875,2.371428571428571,0.0,1.6530612244897958,0.24489795918367346,0.9795918367346937,3.5595918367346937,0.0,2.8616326530612244,11.537193877551019,0.0,0.0,94.71020408163264,49.0,79.0,122.90607000000001,1302.97,14.0,4.0,141.0,2.49,1.0,4.0,10.0,0.0,9.0,1.0,2.0,9.0,0.0,9.0,45.125,0.0,0.0,213.0,57.0,87.0,138.90547,1357.77,16.0,6.0,207.0,3.44,2.0,4.0,10.0,0.0,11.0,1.0,2.0,9.0,0.0,9.0,54.23,0.0,0.0,225.0,8.0,8.0,15.9994,54.8,2.0,2.0,66.0,0.95,1.0,0.0,0.0,0.0,2.0,0.0,0.0,0.0,0.0,0.0,9.105,0.0,0.0,12.0,8.0,87.0,15.9994,54.8,16.0,2.0,66.0,3.44,2.0,4.0,0.0,0.0,6.0,0.0,2.0,0.0,0.0,2.0,9.105,0.0,0.0,12.0
1000,La1.9Sr0.1CuO4,2.087001479,1,Mgaultois/Sparks,Peer-reviewed literature,173.1,437.5,400.22599299999996,3948.6699999999996,80.9,23.9,808.8,17.845,13.0,16.0,11.9,0.0,40.9,1.0,8.0,17.099999999999998,0.0,26.099999999999998,123.01825000000001,0.0,0.0,664.0999999999999,24.728571428571428,62.49999999999999,57.17514185714286,564.0957142857142,11.557142857142857,3.414285714285714,115.54285714285714,2.5492857142857144,1.857142857142857,2.2857142857142856,1.6999999999999997,0.0,5.8428571428571425,0.14285714285714285,1.1428571428571428,2.4428571428571426,0.0,3.728571428571428,17.574035714285714,0.0,0.0,94.87142857142857,19.118367346938776,28.42857142857143,47.05799069387755,582.0522448979591,5.077551020408163,1.6163265306122447,56.6204081632653,1.0179591836734692,0.24489795918367357,1.9591836734693875,2.371428571428571,0.0,1.6530612244897958,0.24489795918367346,0.9795918367346937,3.5595918367346937,0.0,2.8616326530612244,11.537193877551019,0.0,0.0,94.71020408163264,49.0,79.0,122.90607000000001,1302.97,14.0,4.0,141.0,2.49,1.0,4.0,10.0,0.0,9.0,1.0,2.0,9.0,0.0,9.0,45.125,0.0,0.0,213.0,57.0,87.0,138.90547,1357.77,16.0,6.0,207.0,3.44,2.0,4.0,10.0,0.0,11.0,1.0,2.0,9.0,0.0,9.0,54.23,0.0,0.0,225.0,8.0,8.0,15.9994,54.8,2.0,2.0,66.0,0.95,1.0,0.0,0.0,0.0,2.0,0.0,0.0,0.0,0.0,0.0,9.105,0.0,0.0,12.0,8.0,87.0,15.9994,54.8,16.0,2.0,66.0,3.44,2.0,4.0,0.0,0.0,6.0,0.0,2.0,0.0,0.0,2.0,9.105,0.0,0.0,12.0
300,La1.85Sr0.15CuO4,2.948130037,1,Mgaultois/Sparks,Peer-reviewed literature,172.15,437.25,397.6617195,3941.52,80.85,23.85,808.2,17.8375,13.0,16.0,11.85,0.0,40.85,1.0,8.0,16.650000000000002,0.0,25.650000000000002,123.88487500000001,0.0,0.0,665.6500000000001,24.59285714285714,62.46428571428571,56.80881707142858,563.0742857142857,11.549999999999999,3.407142857142857,115.45714285714286,2.5482142857142858,1.857142857142857,2.2857142857142856,1.6928571428571426,0.0,5.835714285714285,0.14285714285714285,1.1428571428571428,2.3785714285714286,0.0,3.664285714285714,17.697839285714288,0.0,0.0,95.09285714285714,18.963265306122448,28.4795918367347,46.639333795918375,580.8848979591837,5.085714285714285,1.6081632653061224,56.52244897959183,1.0191836734693878,0.24489795918367357,1.9591836734693877,2.373469387755102,0.0,1.6632653061224492,0.24489795918367346,0.9795918367346939,3.4998979591836736,0.0,2.8203061224489794,11.71405612244898,0.0,0.0,94.96326530612245,49.0,79.0,122.90607000000001,1302.97,14.0,4.0,141.0,2.49,1.0,4.0,10.0,0.0,9.0,1.0,2.0,9.0,0.0,9.0,45.125,0.0,0.0,213.0,57.0,87.0,138.90547,1357.77,16.0,6.0,207.0,3.44,2.0,4.0,10.0,0.0,11.0,1.0,2.0,9.0,0.0,9.0,54.23,0.0,0.0,225.0,8.0,8.0,15.9994,54.8,2.0,2.0,66.0,0.95,1.0,0.0,0.0,0.0,2.0,0.0,0.0,0.0,0.0,0.0,9.105,0.0,0.0,12.0,8.0,87.0,15.9994,54.8,16.0,2.0,66.0,3.44,2.0,4.0,0.0,0.0,6.0,0.0,2.0,0.0,0.0,2.0,9.105,0.0,0.0,12.0
400,La1.85Sr0.15CuO4,2.827507991,1,Mgaultois/Sparks,Peer-reviewed literature,172.15,437.25,397.6617195,3941.52,80.85,23.85,808.2,17.8375,13.0,16.0,11.85,0.0,40.85,1.0,8.0,16.650000000000002,0.0,25.650000000000002,123.88487500000001,0.0,0.0,665.6500000000001,24.59285714285714,62.46428571428571,56.80881707142858,563.0742857142857,11.549999999999999,3.407142857142857,115.45714285714286,2.5482142857142858,1.857142857142857,2.2857142857142856,1.6928571428571426,0.0,5.835714285714285,0.14285714285714285,1.1428571428571428,2.3785714285714286,0.0,3.664285714285714,17.697839285714288,0.0,0.0,95.09285714285714,18.963265306122448,28.4795918367347,46.639333795918375,580.8848979591837,5.085714285714285,1.6081632653061224,56.52244897959183,1.0191836734693878,0.24489795918367357,1.9591836734693877,2.373469387755102,0.0,1.6632653061224492,0.24489795918367346,0.9795918367346939,3.4998979591836736,0.0,2.8203061224489794,11.71405612244898,0.0,0.0,94.96326530612245,49.0,79.0,122.90607000000001,1302.97,14.0,4.0,141.0,2.49,1.0,4.0,10.0,0.0,9.0,1.0,2.0,9.0,0.0,9.0,45.125,0.0,0.0,213.0,57.0,87.0,138.90547,1357.77,16.0,6.0,207.0,3.44,2.0,4.0,10.0,0.0,11.0,1.0,2.0,9.0,0.0,9.0,54.23,0.0,0.0,225.0,8.0,8.0,15.9994,54.8,2.0,2.0,66.0,0.95,1.0,0.0,0.0,0.0,2.0,0.0,0.0,0.0,0.0,0.0,9.105,0.0,0.0,12.0,8.0,87.0,15.9994,54.8,16.0,2.0,66.0,3.44,2.0,4.0,0.0,0.0,6.0,0.0,2.0,0.0,0.0,2.0,9.105,0.0,0.0,12.0
700,La1.85Sr0.15CuO4,2.595392038,1,Mgaultois/Sparks,Peer-reviewed literature,172.15,437.25,397.6617195,3941.52,80.85,23.85,808.2,17.8375,13.0,16.0,11.85,0.0,40.85,1.0,8.0,16.650000000000002,0.0,25.650000000000002,123.88487500000001,0.0,0.0,665.6500000000001,24.59285714285714,62.46428571428571,56.80881707142858,563.0742857142857,11.549999999999999,3.407142857142857,115.45714285714286,2.5482142857142858,1.857142857142857,2.2857142857142856,1.6928571428571426,0.0,5.835714285714285,0.14285714285714285,1.1428571428571428,2.3785714285714286,0.0,3.664285714285714,17.697839285714288,0.0,0.0,95.09285714285714,18.963265306122448,28.4795918367347,46.639333795918375,580.8848979591837,5.085714285714285,1.6081632653061224,56.52244897959183,1.0191836734693878,0.24489795918367357,1.9591836734693877,2.373469387755102,0.0,1.6632653061224492,0.24489795918367346,0.9795918367346939,3.4998979591836736,0.0,2.8203061224489794,11.71405612244898,0.0,0.0,94.96326530612245,49.0,79.0,122.90607000000001,1302.97,14.0,4.0,141.0,2.49,1.0,4.0,10.0,0.0,9.0,1.0,2.0,9.0,0.0,9.0,45.125,0.0,0.0,213.0,57.0,87.0,138.90547,1357.77,16.0,6.0,207.0,3.44,2.0,4.0,10.0,0.0,11.0,1.0,2.0,9.0,0.0,9.0,54.23,0.0,0.0,225.0,8.0,8.0,15.9994,54.8,2.0,2.0,66.0,0.95,1.0,0.0,0.0,0.0,2.0,0.0,0.0,0.0,0.0,0.0,9.105,0.0,0.0,12.0,8.0,87.0,15.9994,54.8,16.0,2.0,66.0,3.44,2.0,4.0,0.0,0.0,6.0,0.0,2.0,0.0,0.0,2.0,9.105,0.0,0.0,12.0
1000,La1.85Sr0.15CuO4,2.424390771,1,Mgaultois/Sparks,Peer-reviewed literature,172.15,437.25,397.6617195,3941.52,80.85,23.85,808.2,17.8375,13.0,16.0,11.85,0.0,40.85,1.0,8.0,16.650000000000002,0.0,25.650000000000002,123.88487500000001,0.0,0.0,665.6500000000001,24.59285714285714,62.46428571428571,56.80881707142858,563.0742857142857,11.549999999999999,3.407142857142857,115.45714285714286,2.5482142857142858,1.857142857142857,2.2857142857142856,1.6928571428571426,0.0,5.835714285714285,0.14285714285714285,1.1428571428571428,2.3785714285714286,0.0,3.664285714285714,17.697839285714288,0.0,0.0,95.09285714285714,18.963265306122448,28.4795918367347,46.639333795918375,580.8848979591837,5.085714285714285,1.6081632653061224,56.52244897959183,1.0191836734693878,0.24489795918367357,1.9591836734693877,2.373469387755102,0.0,1.6632653061224492,0.24489795918367346,0.9795918367346939,3.4998979591836736,0.0,2.8203061224489794,11.71405612244898,0.0,0.0,94.96326530612245,49.0,79.0,122.90607000000001,1302.97,14.0,4.0,141.0,2.49,1.0,4.0,10.0,0.0,9.0,1.0,2.0,9.0,0.0,9.0,45.125,0.0,0.0,213.0,57.0,87.0,138.90547,1357.77,16.0,6.0,207.0,3.44,2.0,4.0,10.0,0.0,11.0,1.0,2.0,9.0,0.0,9.0,54.23,0.0,0.0,225.0,8.0,8.0,15.9994,54.8,2.0,2.0,66.0,0.95,1.0,0.0,0.0,0.0,2.0,0.0,0.0,0.0,0.0,0.0,9.105,0.0,0.0,12.0,8.0,87.0,15.9994,54.8,16.0,2.0,66.0,3.44,2.0,4.0,0.0,0.0,6.0,0.0,2.0,0.0,0.0,2.0,9.105,0.0,0.0,12.0
300,La1.725Sr0.28CuO4,3.326656489,1,Mgaultois/Sparks,Peer-reviewed literature,169.965,436.66499999999996,391.68913575,3928.895,80.735,23.75,807.6750000000001,17.8235,13.01,16.0,11.725,0.0,40.735,1.0,8.0,15.525,0.0,24.525,126.32258750000001,0.0,0.0,670.6500000000001,24.26338329764454,62.33618843683084,55.91565107066383,560.8700927908637,11.52533904354033,3.3904354032833695,115.29978586723769,2.544396859386153,1.857244825124911,2.2840827980014278,1.6738044254104214,0.0,5.81513204853676,0.14275517487508924,1.1420413990007139,2.2162740899357605,0.0,3.5010706638115634,18.03320306923626,0.0,0.0,95.73875802997858,18.573457013726816,28.642129283610515,45.58601121560464,577.9529967632991,5.110248058769075,1.5879347931858607,56.302396422255754,1.0228158636560711,0.24475226984294374,1.9596484819398403,2.377215010589459,0.0,1.6914603161502364,0.24475226984294385,0.9798242409699202,3.341021326155836,0.0,2.7082521355960183,12.184444067432207,0.0,0.0,95.63312837113901,49.0,79.0,122.90607000000001,1302.97,14.0,4.0,141.0,2.49,1.0,4.0,10.0,0.0,9.0,1.0,2.0,9.0,0.0,9.0,45.125,0.0,0.0,213.0,57.0,87.0,138.90547,1357.77,16.0,6.0,207.0,3.44,2.0,4.0,10.0,0.0,11.0,1.0,2.0,9.0,0.0,9.0,54.23,0.0,0.0,225.0,8.0,8.0,15.9994,54.8,2.0,2.0,66.0,0.95,1.0,0.0,0.0,0.0,2.0,0.0,0.0,0.0,0.0,0.0,9.105,0.0,0.0,12.0,8.0,87.0,15.9994,54.8,16.0,2.0,66.0,3.44,2.0,4.0,0.0,0.0,6.0,0.0,2.0,0.0,0.0,2.0,9.105,0.0,0.0,12.0
400,La1.725Sr0.28CuO4,3.170034673,1,Mgaultois/Sparks,Peer-reviewed literature,169.965,436.66499999999996,391.68913575,3928.895,80.735,23.75,807.6750000000001,17.8235,13.01,16.0,11.725,0.0,40.735,1.0,8.0,15.525,0.0,24.525,126.32258750000001,0.0,0.0,670.6500000000001,24.26338329764454,62.33618843683084,55.91565107066383,560.8700927908637,11.52533904354033,3.3904354032833695,115.29978586723769,2.544396859386153,1.857244825124911,2.2840827980014278,1.6738044254104214,0.0,5.81513204853676,0.14275517487508924,1.1420413990007139,2.2162740899357605,0.0,3.5010706638115634,18.03320306923626,0.0,0.0,95.73875802997858,18.573457013726816,28.642129283610515,45.58601121560464,577.9529967632991,5.110248058769075,1.5879347931858607,56.302396422255754,1.0228158636560711,0.24475226984294374,1.9596484819398403,2.377215010589459,0.0,1.6914603161502364,0.24475226984294385,0.9798242409699202,3.341021326155836,0.0,2.7082521355960183,12.184444067432207,0.0,0.0,95.63312837113901,49.0,79.0,122.90607000000001,1302.97,14.0,4.0,141.0,2.49,1.0,4.0,10.0,0.0,9.0,1.0,2.0,9.0,0.0,9.0,45.125,0.0,0.0,213.0,57.0,87.0,138.90547,1357.77,16.0,6.0,207.0,3.44,2.0,4.0,10.0,0.0,11.0,1.0,2.0,9.0,0.0,9.0,54.23,0.0,0.0,225.0,8.0,8.0,15.9994,54.8,2.0,2.0,66.0,0.95,1.0,0.0,0.0,0.0,2.0,0.0,0.0,0.0,0.0,0.0,9.105,0.0,0.0,12.0,8.0,87.0,15.9994,54.8,16.0,2.0,66.0,3.44,2.0,4.0,0.0,0.0,6.0,0.0,2.0,0.0,0.0,2.0,9.105,0.0,0.0,12.0
700,La1.725Sr0.28CuO4,2.866007874,1,Mgaultois/Sparks,Peer-reviewed literature,169.965,436.66499999999996,391.68913575,3928.895,80.735,23.75,807.6750000000001,17.8235,13.01,16.0,11.725,0.0,40.735,1.0,8.0,15.525,0.0,24.525,126.32258750000001,0.0,0.0,670.6500000000001,24.26338329764454,62.33618843683084,55.91565107066383,560.8700927908637,11.52533904354033,3.3904354032833695,115.29978586723769,2.544396859386153,1.857244825124911,2.2840827980014278,1.6738044254104214,0.0,5.81513204853676,0.14275517487508924,1.1420413990007139,2.2162740899357605,0.0,3.5010706638115634,18.03320306923626,0.0,0.0,95.73875802997858,18.573457013726816,28.642129283610515,45.58601121560464,577.9529967632991,5.110248058769075,1.5879347931858607,56.302396422255754,1.0228158636560711,0.24475226984294374,1.9596484819398403,2.377215010589459,0.0,1.6914603161502364,0.24475226984294385,0.9798242409699202,3.341021326155836,0.0,2.7082521355960183,12.184444067432207,0.0,0.0,95.63312837113901,49.0,79.0,122.90607000000001,1302.97,14.0,4.0,141.0,2.49,1.0,4.0,10.0,0.0,9.0,1.0,2.0,9.0,0.0,9.0,45.125,0.0,0.0,213.0,57.0,87.0,138.90547,1357.77,16.0,6.0,207.0,3.44,2.0,4.0,10.0,0.0,11.0,1.0,2.0,9.0,0.0,9.0,54.23,0.0,0.0,225.0,8.0,8.0,15.9994,54.8,2.0,2.0,66.0,0.95,1.0,0.0,0.0,0.0,2.0,0.0,0.0,0.0,0.0,0.0,9.105,0.0,0.0,12.0,8.0,87.0,15.9994,54.8,16.0,2.0,66.0,3.44,2.0,4.0,0.0,0.0,6.0,0.0,2.0,0.0,0.0,2.0,9.105,0.0,0.0,12.0
1000,La1.725Sr0.28CuO4,2.6526329,1,Mgaultois/Sparks,Peer-reviewed literature,169.965,436.66499999999996,391.68913575,3928.895,80.735,23.75,807.6750000000001,17.8235,13.01,16.0,11.725,0.0,40.735,1.0,8.0,15.525,0.0,24.525,126.32258750000001,0.0,0.0,670.6500000000001,24.26338329764454,62.33618843683084,55.91565107066383,560.8700927908637,11.52533904354033,3.3904354032833695,115.29978586723769,2.544396859386153,1.857244825124911,2.2840827980014278,1.6738044254104214,0.0,5.81513204853676,0.14275517487508924,1.1420413990007139,2.2162740899357605,0.0,3.5010706638115634,18.03320306923626,0.0,0.0,95.73875802997858,18.573457013726816,28.642129283610515,45.58601121560464,577.9529967632991,5.110248058769075,1.5879347931858607,56.302396422255754,1.0228158636560711,0.24475226984294374,1.9596484819398403,2.377215010589459,0.0,1.6914603161502364,0.24475226984294385,0.9798242409699202,3.341021326155836,0.0,2.7082521355960183,12.184444067432207,0.0,0.0,95.63312837113901,49.0,79.0,122.90607000000001,1302.97,14.0,4.0,141.0,2.49,1.0,4.0,10.0,0.0,9.0,1.0,2.0,9.0,0.0,9.0,45.125,0.0,0.0,213.0,57.0,87.0,138.90547,1357.77,16.0,6.0,207.0,3.44,2.0,4.0,10.0,0.0,11.0,1.0,2.0,9.0,0.0,9.0,54.23,0.0,0.0,225.0,8.0,8.0,15.9994,54.8,2.0,2.0,66.0,0.95,1.0,0.0,0.0,0.0,2.0,0.0,0.0,0.0,0.0,0.0,9.105,0.0,0.0,12.0,8.0,87.0,15.9994,54.8,16.0,2.0,66.0,3.44,2.0,4.0,0.0,0.0,6.0,0.0,2.0,0.0,0.0,2.0,9.105,0.0,0.0,12.0
300,LiMn2O4,-3.27556932,0,Mgaultois/Sparks,Peer-reviewed literature,85.0,453.0,180.81469,3710.89,79.0,18.0,670.0,17.84,13.0,16.0,10.0,0.0,39.0,1.0,8.0,10.0,0.0,19.0,73.98850574709999,0.0,0.00062024137931,711.0,12.142857142857142,64.71428571428571,25.830669999999998,530.1271428571429,11.285714285714285,2.571428571428571,95.71428571428572,2.5485714285714285,1.857142857142857,2.2857142857142856,1.4285714285714284,0.0,5.571428571428571,0.14285714285714285,1.1428571428571428,1.4285714285714284,0.0,2.714285714285714,10.5697865353,0.0,8.860591132999999e-05,101.57142857142858,7.346938775510203,25.46938775510204,16.632785714285713,565.0702040816326,5.387755102040816,0.8163265306122448,33.95918367346938,1.0187755102040814,0.24489795918367357,1.9591836734693877,2.040816326530612,0.0,1.306122448979592,0.24489795918367346,0.9795918367346939,2.040816326530612,0.0,1.3061224489795915,1.7210133708571427,0.0,0.00012657987332857142,102.36734693877551,22.0,86.0,47.997045,1464.2,15.0,2.0,73.0,2.46,1.0,4.0,5.0,0.0,6.0,1.0,2.0,5.0,0.0,4.0,7.488333333299998,0.0,0.000310120689655,217.0,25.0,87.0,54.938045,1519.0,16.0,4.0,139.0,3.44,2.0,4.0,5.0,0.0,7.0,1.0,2.0,5.0,0.0,5.0,16.5933333333,0.0,0.000310120689655,229.0,3.0,1.0,6.941,54.8,1.0,2.0,66.0,0.98,1.0,0.0,0.0,0.0,1.0,0.0,0.0,0.0,0.0,1.0,9.105,0.0,0.0,12.0,8.0,87.0,15.9994,54.8,16.0,2.0,66.0,3.44,2.0,4.0,0.0,0.0,6.0,0.0,2.0,0.0,0.0,2.0,9.105,0.0,0.0,12.0
400,LiMn2O4,-1.931001978,0,Mgaultois/Sparks,Peer-reviewed literature,85.0,453.0,180.81469,3710.89,79.0,18.0,670.0,17.84,13.0,16.0,10.0,0.0,39.0,1.0,8.0,10.0,0.0,19.0,73.98850574709999,0.0,0.00062024137931,711.0,12.142857142857142,64.71428571428571,25.830669999999998,530.1271428571429,11.285714285714285,2.571428571428571,95.71428571428572,2.5485714285714285,1.857142857142857,2.2857142857142856,1.4285714285714284,0.0,5.571428571428571,0.14285714285714285,1.1428571428571428,1.4285714285714284,0.0,2.714285714285714,10.5697865353,0.0,8.860591132999999e-05,101.57142857142858,7.346938775510203,25.46938775510204,16.632785714285713,565.0702040816326,5.387755102040816,0.8163265306122448,33.95918367346938,1.0187755102040814,0.24489795918367357,1.9591836734693877,2.040816326530612,0.0,1.306122448979592,0.24489795918367346,0.9795918367346939,2.040816326530612,0.0,1.3061224489795915,1.7210133708571427,0.0,0.00012657987332857142,102.36734693877551,22.0,86.0,47.997045,1464.2,15.0,2.0,73.0,2.46,1.0,4.0,5.0,0.0,6.0,1.0,2.0,5.0,0.0,4.0,7.488333333299998,0.0,0.000310120689655,217.0,25.0,87.0,54.938045,1519.0,16.0,4.0,139.0,3.44,2.0,4.0,5.0,0.0,7.0,1.0,2.0,5.0,0.0,5.0,16.5933333333,0.0,0.000310120689655,229.0,3.0,1.0,6.941,54.8,1.0,2.0,66.0,0.98,1.0,0.0,0.0,0.0,1.0,0.0,0.0,0.0,0.0,1.0,9.105,0.0,0.0,12.0,8.0,87.0,15.9994,54.8,16.0,2.0,66.0,3.44,2.0,4.0,0.0,0.0,6.0,0.0,2.0,0.0,0.0,2.0,9.105,0.0,0.0,12.0
700,LiMn2O4,-0.228130766,0,Mgaultois/Sparks,Peer-reviewed literature,85.0,453.0,180.81469,3710.89,79.0,18.0,670.0,17.84,13.0,16.0,10.0,0.0,39.0,1.0,8.0,10.0,0.0,19.0,73.98850574709999,0.0,0.00062024137931,711.0,12.142857142857142,64.71428571428571,25.830669999999998,530.1271428571429,11.285714285714285,2.571428571428571,95.71428571428572,2.5485714285714285,1.857142857142857,2.2857142857142856,1.4285714285714284,0.0,5.571428571428571,0.14285714285714285,1.1428571428571428,1.4285714285714284,0.0,2.714285714285714,10.5697865353,0.0,8.860591132999999e-05,101.57142857142858,7.346938775510203,25.46938775510204,16.632785714285713,565.0702040816326,5.387755102040816,0.8163265306122448,33.95918367346938,1.0187755102040814,0.24489795918367357,1.9591836734693877,2.040816326530612,0.0,1.306122448979592,0.24489795918367346,0.9795918367346939,2.040816326530612,0.0,1.3061224489795915,1.7210133708571427,0.0,0.00012657987332857142,102.36734693877551,22.0,86.0,47.997045,1464.2,15.0,2.0,73.0,2.46,1.0,4.0,5.0,0.0,6.0,1.0,2.0,5.0,0.0,4.0,7.488333333299998,0.0,0.000310120689655,217.0,25.0,87.0,54.938045,1519.0,16.0,4.0,139.0,3.44,2.0,4.0,5.0,0.0,7.0,1.0,2.0,5.0,0.0,5.0,16.5933333333,0.0,0.000310120689655,229.0,3.0,1.0,6.941,54.8,1.0,2.0,66.0,0.98,1.0,0.0,0.0,0.0,1.0,0.0,0.0,0.0,0.0,1.0,9.105,0.0,0.0,12.0,8.0,87.0,15.9994,54.8,16.0,2.0,66.0,3.44,2.0,4.0,0.0,0.0,6.0,0.0,2.0,0.0,0.0,2.0,9.105,0.0,0.0,12.0
1000,LiMn2O4,0.444158579,0,Mgaultois/Sparks,Peer-reviewed literature,85.0,453.0,180.81469,3710.89,79.0,18.0,670.0,17.84,13.0,16.0,10.0,0.0,39.0,1.0,8.0,10.0,0.0,19.0,73.98850574709999,0.0,0.00062024137931,711.0,12.142857142857142,64.71428571428571,25.830669999999998,530.1271428571429,11.285714285714285,2.571428571428571,95.71428571428572,2.5485714285714285,1.857142857142857,2.2857142857142856,1.4285714285714284,0.0,5.571428571428571,0.14285714285714285,1.1428571428571428,1.4285714285714284,0.0,2.714285714285714,10.5697865353,0.0,8.860591132999999e-05,101.57142857142858,7.346938775510203,25.46938775510204,16.632785714285713,565.0702040816326,5.387755102040816,0.8163265306122448,33.95918367346938,1.0187755102040814,0.24489795918367357,1.9591836734693877,2.040816326530612,0.0,1.306122448979592,0.24489795918367346,0.9795918367346939,2.040816326530612,0.0,1.3061224489795915,1.7210133708571427,0.0,0.00012657987332857142,102.36734693877551,22.0,86.0,47.997045,1464.2,15.0,2.0,73.0,2.46,1.0,4.0,5.0,0.0,6.0,1.0,2.0,5.0,0.0,4.0,7.488333333299998,0.0,0.000310120689655,217.0,25.0,87.0,54.938045,1519.0,16.0,4.0,139.0,3.44,2.0,4.0,5.0,0.0,7.0,1.0,2.0,5.0,0.0,5.0,16.5933333333,0.0,0.000310120689655,229.0,3.0,1.0,6.941,54.8,1.0,2.0,66.0,0.98,1.0,0.0,0.0,0.0,1.0,0.0,0.0,0.0,0.0,1.0,9.105,0.0,0.0,12.0,8.0,87.0,15.9994,54.8,16.0,2.0,66.0,3.44,2.0,4.0,0.0,0.0,6.0,0.0,2.0,0.0,0.0,2.0,9.105,0.0,0.0,12.0
300,CuFe0.9Cr0.1O2,0.970295693,0,Mgaultois/Sparks,Peer-reviewed literature,70.80000000000001,292.4,151.00491,3315.27,50.8,12.0,396.7,10.593,6.9,8.0,15.9,0.0,30.8,1.1,4.0,4.1,0.0,9.2,40.056,0.0,1.89959652,478.0,17.700000000000003,73.1,37.7512275,828.8175,12.7,3.0,99.175,2.64825,1.725,2.0,3.975,0.0,7.7,0.275,1.0,1.025,0.0,2.3,10.014,0.0,0.47489913,119.5,9.7,13.9,21.751827499999997,774.0174999999999,3.3,1.0,33.175,0.79175,0.39874999999999994,2.0,3.975,0.0,1.7850000000000001,0.39875,1.0,1.5375,0.0,0.95,0.9089999999999999,0.0,0.7360936515000001,107.5,21.0,38.0,47.5466,2125.2,10.0,2.0,73.0,1.78,1.0,4.0,10.0,0.0,5.0,1.0,2.0,5.0,0.0,5.0,2.084999999999999,0.0,2.1106628,217.0,29.0,87.0,63.546,2180.0,16.0,4.0,139.0,3.44,2.0,4.0,10.0,0.0,11.0,1.0,2.0,5.0,0.0,6.0,11.19,0.0,2.1106628,229.0,8.0,49.0,15.9994,54.8,6.0,2.0,66.0,1.66,1.0,0.0,0.0,0.0,6.0,0.0,0.0,0.0,0.0,1.0,9.105,0.0,0.0,12.0,8.0,87.0,15.9994,54.8,16.0,2.0,66.0,3.44,2.0,4.0,0.0,0.0,6.0,0.0,2.0,0.0,0.0,2.0,9.105,0.0,0.0,12.0
400,CuFe0.9Cr0.1O2,1.155115437,0,Mgaultois/Sparks,Peer-reviewed literature,70.80000000000001,292.4,151.00491,3315.27,50.8,12.0,396.7,10.593,6.9,8.0,15.9,0.0,30.8,1.1,4.0,4.1,0.0,9.2,40.056,0.0,1.89959652,478.0,17.700000000000003,73.1,37.7512275,828.8175,12.7,3.0,99.175,2.64825,1.725,2.0,3.975,0.0,7.7,0.275,1.0,1.025,0.0,2.3,10.014,0.0,0.47489913,119.5,9.7,13.9,21.751827499999997,774.0174999999999,3.3,1.0,33.175,0.79175,0.39874999999999994,2.0,3.975,0.0,1.7850000000000001,0.39875,1.0,1.5375,0.0,0.95,0.9089999999999999,0.0,0.7360936515000001,107.5,21.0,38.0,47.5466,2125.2,10.0,2.0,73.0,1.78,1.0,4.0,10.0,0.0,5.0,1.0,2.0,5.0,0.0,5.0,2.084999999999999,0.0,2.1106628,217.0,29.0,87.0,63.546,2180.0,16.0,4.0,139.0,3.44,2.0,4.0,10.0,0.0,11.0,1.0,2.0,5.0,0.0,6.0,11.19,0.0,2.1106628,229.0,8.0,49.0,15.9994,54.8,6.0,2.0,66.0,1.66,1.0,0.0,0.0,0.0,6.0,0.0,0.0,0.0,0.0,1.0,9.105,0.0,0.0,12.0,8.0,87.0,15.9994,54.8,16.0,2.0,66.0,3.44,2.0,4.0,0.0,0.0,6.0,0.0,2.0,0.0,0.0,2.0,9.105,0.0,0.0,12.0
700,CuFe0.9Cr0.1O2,1.254125313,0,Mgaultois/Sparks,Peer-reviewed literature,70.80000000000001,292.4,151.00491,3315.27,50.8,12.0,396.7,10.593,6.9,8.0,15.9,0.0,30.8,1.1,4.0,4.1,0.0,9.2,40.056,0.0,1.89959652,478.0,17.700000000000003,73.1,37.7512275,828.8175,12.7,3.0,99.175,2.64825,1.725,2.0,3.975,0.0,7.7,0.275,1.0,1.025,0.0,2.3,10.014,0.0,0.47489913,119.5,9.7,13.9,21.751827499999997,774.0174999999999,3.3,1.0,33.175,0.79175,0.39874999999999994,2.0,3.975,0.0,1.7850000000000001,0.39875,1.0,1.5375,0.0,0.95,0.9089999999999999,0.0,0.7360936515000001,107.5,21.0,38.0,47.5466,2125.2,10.0,2.0,73.0,1.78,1.0,4.0,10.0,0.0,5.0,1.0,2.0,5.0,0.0,5.0,2.084999999999999,0.0,2.1106628,217.0,29.0,87.0,63.546,2180.0,16.0,4.0,139.0,3.44,2.0,4.0,10.0,0.0,11.0,1.0,2.0,5.0,0.0,6.0,11.19,0.0,2.1106628,229.0,8.0,49.0,15.9994,54.8,6.0,2.0,66.0,1.66,1.0,0.0,0.0,0.0,6.0,0.0,0.0,0.0,0.0,1.0,9.105,0.0,0.0,12.0,8.0,87.0,15.9994,54.8,16.0,2.0,66.0,3.44,2.0,4.0,0.0,0.0,6.0,0.0,2.0,0.0,0.0,2.0,9.105,0.0,0.0,12.0
1000,CuFe0.9Cr0.1O2,1.273927578,0,Mgaultois/Sparks,Peer-reviewed literature,70.80000000000001,292.4,151.00491,3315.27,50.8,12.0,396.7,10.593,6.9,8.0,15.9,0.0,30.8,1.1,4.0,4.1,0.0,9.2,40.056,0.0,1.89959652,478.0,17.700000000000003,73.1,37.7512275,828.8175,12.7,3.0,99.175,2.64825,1.725,2.0,3.975,0.0,7.7,0.275,1.0,1.025,0.0,2.3,10.014,0.0,0.47489913,119.5,9.7,13.9,21.751827499999997,774.0174999999999,3.3,1.0,33.175,0.79175,0.39874999999999994,2.0,3.975,0.0,1.7850000000000001,0.39875,1.0,1.5375,0.0,0.95,0.9089999999999999,0.0,0.7360936515000001,107.5,21.0,38.0,47.5466,2125.2,10.0,2.0,73.0,1.78,1.0,4.0,10.0,0.0,5.0,1.0,2.0,5.0,0.0,5.0,2.084999999999999,0.0,2.1106628,217.0,29.0,87.0,63.546,2180.0,16.0,4.0,139.0,3.44,2.0,4.0,10.0,0.0,11.0,1.0,2.0,5.0,0.0,6.0,11.19,0.0,2.1106628,229.0,8.0,49.0,15.9994,54.8,6.0,2.0,66.0,1.66,1.0,0.0,0.0,0.0,6.0,0.0,0.0,0.0,0.0,1.0,9.105,0.0,0.0,12.0,8.0,87.0,15.9994,54.8,16.0,2.0,66.0,3.44,2.0,4.0,0.0,0.0,6.0,0.0,2.0,0.0,0.0,2.0,9.105,0.0,0.0,12.0
300,CuRh0.9Mg0.1O2,2.745875065,1,Mgaultois/Sparks,Peer-reviewed literature,86.7,297.9,190.59025,3572.97,51.3,12.8,405.90000000000003,10.963000000000001,6.1,8.0,17.2,0.0,31.3,1.9,4.0,1.8,0.0,7.7,43.845000000000006,0.0,0.0,470.9,21.675,74.475,47.6475625,893.2425,12.825,3.2,101.47500000000001,2.7407500000000002,1.525,2.0,4.3,0.0,7.825,0.475,1.0,0.45,0.0,1.925,10.961250000000001,0.0,0.0,117.725,14.158750000000001,12.525,32.815290625,838.4425000000001,3.175,1.21,35.475,0.69925,0.49875,2.0,4.515000000000001,0.0,2.11625,0.49875,1.0,0.6975,0.0,0.55875,1.8562500000000002,0.0,0.0,105.725,37.0,28.0,86.90610000000001,2182.2,14.0,3.0,76.0,2.13,1.0,4.0,10.0,0.0,9.0,1.0,2.0,2.0,0.0,3.0,13.785,0.0,0.0,213.0,45.0,87.0,102.9055,2237.0,16.0,5.0,142.0,3.44,2.0,4.0,10.0,0.0,11.0,1.0,2.0,2.0,0.0,3.0,22.89,0.0,0.0,225.0,8.0,59.0,15.9994,54.8,2.0,2.0,66.0,1.31,1.0,0.0,0.0,0.0,2.0,0.0,0.0,0.0,0.0,0.0,9.105,0.0,0.0,12.0,8.0,87.0,15.9994,54.8,16.0,2.0,66.0,3.44,2.0,4.0,0.0,0.0,6.0,0.0,2.0,0.0,0.0,2.0,9.105,0.0,0.0,12.0
400,CuRh0.9Mg0.1O2,2.712870379,1,Mgaultois/Sparks,Peer-reviewed literature,86.7,297.9,190.59025,3572.97,51.3,12.8,405.90000000000003,10.963000000000001,6.1,8.0,17.2,0.0,31.3,1.9,4.0,1.8,0.0,7.7,43.845000000000006,0.0,0.0,470.9,21.675,74.475,47.6475625,893.2425,12.825,3.2,101.47500000000001,2.7407500000000002,1.525,2.0,4.3,0.0,7.825,0.475,1.0,0.45,0.0,1.925,10.961250000000001,0.0,0.0,117.725,14.158750000000001,12.525,32.815290625,838.4425000000001,3.175,1.21,35.475,0.69925,0.49875,2.0,4.515000000000001,0.0,2.11625,0.49875,1.0,0.6975,0.0,0.55875,1.8562500000000002,0.0,0.0,105.725,37.0,28.0,86.90610000000001,2182.2,14.0,3.0,76.0,2.13,1.0,4.0,10.0,0.0,9.0,1.0,2.0,2.0,0.0,3.0,13.785,0.0,0.0,213.0,45.0,87.0,102.9055,2237.0,16.0,5.0,142.0,3.44,2.0,4.0,10.0,0.0,11.0,1.0,2.0,2.0,0.0,3.0,22.89,0.0,0.0,225.0,8.0,59.0,15.9994,54.8,2.0,2.0,66.0,1.31,1.0,0.0,0.0,0.0,2.0,0.0,0.0,0.0,0.0,0.0,9.105,0.0,0.0,12.0,8.0,87.0,15.9994,54.8,16.0,2.0,66.0,3.44,2.0,4.0,0.0,0.0,6.0,0.0,2.0,0.0,0.0,2.0,9.105,0.0,0.0,12.0
700,CuRh0.9Mg0.1O2,2.495049572,1,Mgaultois/Sparks,Peer-reviewed literature,86.7,297.9,190.59025,3572.97,51.3,12.8,405.90000000000003,10.963000000000001,6.1,8.0,17.2,0.0,31.3,1.9,4.0,1.8,0.0,7.7,43.845000000000006,0.0,0.0,470.9,21.675,74.475,47.6475625,893.2425,12.825,3.2,101.47500000000001,2.7407500000000002,1.525,2.0,4.3,0.0,7.825,0.475,1.0,0.45,0.0,1.925,10.961250000000001,0.0,0.0,117.725,14.158750000000001,12.525,32.815290625,838.4425000000001,3.175,1.21,35.475,0.69925,0.49875,2.0,4.515000000000001,0.0,2.11625,0.49875,1.0,0.6975,0.0,0.55875,1.8562500000000002,0.0,0.0,105.725,37.0,28.0,86.90610000000001,2182.2,14.0,3.0,76.0,2.13,1.0,4.0,10.0,0.0,9.0,1.0,2.0,2.0,0.0,3.0,13.785,0.0,0.0,213.0,45.0,87.0,102.9055,2237.0,16.0,5.0,142.0,3.44,2.0,4.0,10.0,0.0,11.0,1.0,2.0,2.0,0.0,3.0,22.89,0.0,0.0,225.0,8.0,59.0,15.9994,54.8,2.0,2.0,66.0,1.31,1.0,0.0,0.0,0.0,2.0,0.0,0.0,0.0,0.0,0.0,9.105,0.0,0.0,12.0,8.0,87.0,15.9994,54.8,16.0,2.0,66.0,3.44,2.0,4.0,0.0,0.0,6.0,0.0,2.0,0.0,0.0,2.0,9.105,0.0,0.0,12.0
1000,CuRh0.9Mg0.1O2,2.389438842,1,Mgaultois/Sparks,Peer-reviewed literature,86.7,297.9,190.59025,3572.97,51.3,12.8,405.90000000000003,10.963000000000001,6.1,8.0,17.2,0.0,31.3,1.9,4.0,1.8,0.0,7.7,43.845000000000006,0.0,0.0,470.9,21.675,74.475,47.6475625,893.2425,12.825,3.2,101.47500000000001,2.7407500000000002,1.525,2.0,4.3,0.0,7.825,0.475,1.0,0.45,0.0,1.925,10.961250000000001,0.0,0.0,117.725,14.158750000000001,12.525,32.815290625,838.4425000000001,3.175,1.21,35.475,0.69925,0.49875,2.0,4.515000000000001,0.0,2.11625,0.49875,1.0,0.6975,0.0,0.55875,1.8562500000000002,0.0,0.0,105.725,37.0,28.0,86.90610000000001,2182.2,14.0,3.0,76.0,2.13,1.0,4.0,10.0,0.0,9.0,1.0,2.0,2.0,0.0,3.0,13.785,0.0,0.0,213.0,45.0,87.0,102.9055,2237.0,16.0,5.0,142.0,3.44,2.0,4.0,10.0,0.0,11.0,1.0,2.0,2.0,0.0,3.0,22.89,0.0,0.0,225.0,8.0,59.0,15.9994,54.8,2.0,2.0,66.0,1.31,1.0,0.0,0.0,0.0,2.0,0.0,0.0,0.0,0.0,0.0,9.105,0.0,0.0,12.0,8.0,87.0,15.9994,54.8,16.0,2.0,66.0,3.44,2.0,4.0,0.0,0.0,6.0,0.0,2.0,0.0,0.0,2.0,9.105,0.0,0.0,12.0
300,CuCr0.98Mg0.02O2,0.706270715,0,Mgaultois/Sparks,Peer-reviewed literature,68.75999999999999,287.38,146.98707799999997,3622.23,48.92,11.98,403.04,10.433,6.02,8.0,14.9,0.0,28.919999999999998,1.98,4.0,4.9,0.0,10.879999999999999,40.704,0.0,0.0,477.29999999999995,17.189999999999998,71.845,36.74676949999999,905.5575,12.23,2.995,100.76,2.60825,1.505,2.0,3.725,0.0,7.2299999999999995,0.495,1.0,1.225,0.0,2.7199999999999998,10.176,0.0,0.0,119.32499999999999,9.2419,15.155,20.871787194999996,850.7575,3.77,0.995,34.76,0.83175,0.49995,2.0,3.76225,0.0,1.8849999999999998,0.49995,1.0,1.84975,0.0,1.6072,1.0709999999999997,0.0,0.0,107.325,21.0,38.0,47.5466,2125.2,14.0,2.0,75.0,2.13,1.0,4.0,10.0,0.0,9.0,1.0,2.0,5.0,0.0,6.0,13.785,0.0,0.0,217.0,29.0,87.0,63.546,2180.0,16.0,4.0,141.0,3.44,2.0,4.0,10.0,0.0,11.0,1.0,2.0,5.0,0.0,6.0,22.89,0.0,0.0,229.0,8.0,49.0,15.9994,54.8,2.0,2.0,66.0,1.31,1.0,0.0,0.0,0.0,2.0,0.0,0.0,0.0,0.0,0.0,9.105,0.0,0.0,12.0,8.0,87.0,15.9994,54.8,16.0,2.0,66.0,3.44,2.0,4.0,0.0,0.0,6.0,0.0,2.0,0.0,0.0,2.0,9.105,0.0,0.0,12.0
400,CuCr0.98Mg0.02O2,0.924091885,0,Mgaultois/Sparks,Peer-reviewed literature,68.75999999999999,287.38,146.98707799999997,3622.23,48.92,11.98,403.04,10.433,6.02,8.0,14.9,0.0,28.919999999999998,1.98,4.0,4.9,0.0,10.879999999999999,40.704,0.0,0.0,477.29999999999995,17.189999999999998,71.845,36.74676949999999,905.5575,12.23,2.995,100.76,2.60825,1.505,2.0,3.725,0.0,7.2299999999999995,0.495,1.0,1.225,0.0,2.7199999999999998,10.176,0.0,0.0,119.32499999999999,9.2419,15.155,20.871787194999996,850.7575,3.77,0.995,34.76,0.83175,0.49995,2.0,3.76225,0.0,1.8849999999999998,0.49995,1.0,1.84975,0.0,1.6072,1.0709999999999997,0.0,0.0,107.325,21.0,38.0,47.5466,2125.2,14.0,2.0,75.0,2.13,1.0,4.0,10.0,0.0,9.0,1.0,2.0,5.0,0.0,6.0,13.785,0.0,0.0,217.0,29.0,87.0,63.546,2180.0,16.0,4.0,141.0,3.44,2.0,4.0,10.0,0.0,11.0,1.0,2.0,5.0,0.0,6.0,22.89,0.0,0.0,229.0,8.0,49.0,15.9994,54.8,2.0,2.0,66.0,1.31,1.0,0.0,0.0,0.0,2.0,0.0,0.0,0.0,0.0,0.0,9.105,0.0,0.0,12.0,8.0,87.0,15.9994,54.8,16.0,2.0,66.0,3.44,2.0,4.0,0.0,0.0,6.0,0.0,2.0,0.0,0.0,2.0,9.105,0.0,0.0,12.0
700,CuCr0.98Mg0.02O2,1.062706334,0,Mgaultois/Sparks,Peer-reviewed literature,68.75999999999999,287.38,146.98707799999997,3622.23,48.92,11.98,403.04,10.433,6.02,8.0,14.9,0.0,28.919999999999998,1.98,4.0,4.9,0.0,10.879999999999999,40.704,0.0,0.0,477.29999999999995,17.189999999999998,71.845,36.74676949999999,905.5575,12.23,2.995,100.76,2.60825,1.505,2.0,3.725,0.0,7.2299999999999995,0.495,1.0,1.225,0.0,2.7199999999999998,10.176,0.0,0.0,119.32499999999999,9.2419,15.155,20.871787194999996,850.7575,3.77,0.995,34.76,0.83175,0.49995,2.0,3.76225,0.0,1.8849999999999998,0.49995,1.0,1.84975,0.0,1.6072,1.0709999999999997,0.0,0.0,107.325,21.0,38.0,47.5466,2125.2,14.0,2.0,75.0,2.13,1.0,4.0,10.0,0.0,9.0,1.0,2.0,5.0,0.0,6.0,13.785,0.0,0.0,217.0,29.0,87.0,63.546,2180.0,16.0,4.0,141.0,3.44,2.0,4.0,10.0,0.0,11.0,1.0,2.0,5.0,0.0,6.0,22.89,0.0,0.0,229.0,8.0,49.0,15.9994,54.8,2.0,2.0,66.0,1.31,1.0,0.0,0.0,0.0,2.0,0.0,0.0,0.0,0.0,0.0,9.105,0.0,0.0,12.0,8.0,87.0,15.9994,54.8,16.0,2.0,66.0,3.44,2.0,4.0,0.0,0.0,6.0,0.0,2.0,0.0,0.0,2.0,9.105,0.0,0.0,12.0
1000,CuCr0.98Mg0.02O2,1.141914174,0,Mgaultois/Sparks,Peer-reviewed literature,68.75999999999999,287.38,146.98707799999997,3622.23,48.92,11.98,403.04,10.433,6.02,8.0,14.9,0.0,28.919999999999998,1.98,4.0,4.9,0.0,10.879999999999999,40.704,0.0,0.0,477.29999999999995,17.189999999999998,71.845,36.74676949999999,905.5575,12.23,2.995,100.76,2.60825,1.505,2.0,3.725,0.0,7.2299999999999995,0.495,1.0,1.225,0.0,2.7199999999999998,10.176,0.0,0.0,119.32499999999999,9.2419,15.155,20.871787194999996,850.7575,3.77,0.995,34.76,0.83175,0.49995,2.0,3.76225,0.0,1.8849999999999998,0.49995,1.0,1.84975,0.0,1.6072,1.0709999999999997,0.0,0.0,107.325,21.0,38.0,47.5466,2125.2,14.0,2.0,75.0,2.13,1.0,4.0,10.0,0.0,9.0,1.0,2.0,5.0,0.0,6.0,13.785,0.0,0.0,217.0,29.0,87.0,63.546,2180.0,16.0,4.0,141.0,3.44,2.0,4.0,10.0,0.0,11.0,1.0,2.0,5.0,0.0,6.0,22.89,0.0,0.0,229.0,8.0,49.0,15.9994,54.8,2.0,2.0,66.0,1.31,1.0,0.0,0.0,0.0,2.0,0.0,0.0,0.0,0.0,0.0,9.105,0.0,0.0,12.0,8.0,87.0,15.9994,54.8,16.0,2.0,66.0,3.44,2.0,4.0,0.0,0.0,6.0,0.0,2.0,0.0,0.0,2.0,9.105,0.0,0.0,12.0
300,WO3,-3.146951891,0,Mgaultois/Sparks,Peer-reviewed literature,98.0,312.0,231.8382,3859.4,54.0,12.0,360.0,12.68,8.0,12.0,4.0,14.0,38.0,0.0,6.0,6.0,0.0,12.0,43.365,0.0,0.0,265.0,24.5,78.0,57.95955,964.85,13.5,3.0,90.0,3.17,2.0,3.0,1.0,3.5,9.5,0.0,1.5,1.5,0.0,3.0,10.84125,0.0,0.0,66.25,24.75,13.5,62.940225,1365.075,3.75,1.5,36.0,0.405,0.0,1.5,1.5,5.25,5.25,0.0,0.75,2.25,0.0,1.5,2.604375,0.0,0.0,81.375,66.0,36.0,167.8406,3640.2,10.0,4.0,96.0,1.08,0.0,4.0,4.0,14.0,14.0,0.0,2.0,6.0,0.0,4.0,6.945,0.0,0.0,217.0,74.0,87.0,183.84,3695.0,16.0,6.0,162.0,3.44,2.0,4.0,4.0,14.0,20.0,0.0,2.0,6.0,0.0,6.0,16.05,0.0,0.0,229.0,8.0,51.0,15.9994,54.8,6.0,2.0,66.0,2.36,2.0,0.0,0.0,0.0,6.0,0.0,0.0,0.0,0.0,2.0,9.105,0.0,0.0,12.0,8.0,87.0,15.9994,54.8,16.0,2.0,66.0,3.44,2.0,4.0,0.0,0.0,6.0,0.0,2.0,0.0,0.0,2.0,9.105,0.0,0.0,12.0
400,WO3,-2.908382277,0,Mgaultois/Sparks,Peer-reviewed literature,98.0,312.0,231.8382,3859.4,54.0,12.0,360.0,12.68,8.0,12.0,4.0,14.0,38.0,0.0,6.0,6.0,0.0,12.0,43.365,0.0,0.0,265.0,24.5,78.0,57.95955,964.85,13.5,3.0,90.0,3.17,2.0,3.0,1.0,3.5,9.5,0.0,1.5,1.5,0.0,3.0,10.84125,0.0,0.0,66.25,24.75,13.5,62.940225,1365.075,3.75,1.5,36.0,0.405,0.0,1.5,1.5,5.25,5.25,0.0,0.75,2.25,0.0,1.5,2.604375,0.0,0.0,81.375,66.0,36.0,167.8406,3640.2,10.0,4.0,96.0,1.08,0.0,4.0,4.0,14.0,14.0,0.0,2.0,6.0,0.0,4.0,6.945,0.0,0.0,217.0,74.0,87.0,183.84,3695.0,16.0,6.0,162.0,3.44,2.0,4.0,4.0,14.0,20.0,0.0,2.0,6.0,0.0,6.0,16.05,0.0,0.0,229.0,8.0,51.0,15.9994,54.8,6.0,2.0,66.0,2.36,2.0,0.0,0.0,0.0,6.0,0.0,0.0,0.0,0.0,2.0,9.105,0.0,0.0,12.0,8.0,87.0,15.9994,54.8,16.0,2.0,66.0,3.44,2.0,4.0,0.0,0.0,6.0,0.0,2.0,0.0,0.0,2.0,9.105,0.0,0.0,12.0
700,WO3,-2.035357171,0,Mgaultois/Sparks,Peer-reviewed literature,98.0,312.0,231.8382,3859.4,54.0,12.0,360.0,12.68,8.0,12.0,4.0,14.0,38.0,0.0,6.0,6.0,0.0,12.0,43.365,0.0,0.0,265.0,24.5,78.0,57.95955,964.85,13.5,3.0,90.0,3.17,2.0,3.0,1.0,3.5,9.5,0.0,1.5,1.5,0.0,3.0,10.84125,0.0,0.0,66.25,24.75,13.5,62.940225,1365.075,3.75,1.5,36.0,0.405,0.0,1.5,1.5,5.25,5.25,0.0,0.75,2.25,0.0,1.5,2.604375,0.0,0.0,81.375,66.0,36.0,167.8406,3640.2,10.0,4.0,96.0,1.08,0.0,4.0,4.0,14.0,14.0,0.0,2.0,6.0,0.0,4.0,6.945,0.0,0.0,217.0,74.0,87.0,183.84,3695.0,16.0,6.0,162.0,3.44,2.0,4.0,4.0,14.0,20.0,0.0,2.0,6.0,0.0,6.0,16.05,0.0,0.0,229.0,8.0,51.0,15.9994,54.8,6.0,2.0,66.0,2.36,2.0,0.0,0.0,0.0,6.0,0.0,0.0,0.0,0.0,2.0,9.105,0.0,0.0,12.0,8.0,87.0,15.9994,54.8,16.0,2.0,66.0,3.44,2.0,4.0,0.0,0.0,6.0,0.0,2.0,0.0,0.0,2.0,9.105,0.0,0.0,12.0
1000,WO3,-1.811949425,0,Mgaultois/Sparks,Peer-reviewed literature,98.0,312.0,231.8382,3859.4,54.0,12.0,360.0,12.68,8.0,12.0,4.0,14.0,38.0,0.0,6.0,6.0,0.0,12.0,43.365,0.0,0.0,265.0,24.5,78.0,57.95955,964.85,13.5,3.0,90.0,3.17,2.0,3.0,1.0,3.5,9.5,0.0,1.5,1.5,0.0,3.0,10.84125,0.0,0.0,66.25,24.75,13.5,62.940225,1365.075,3.75,1.5,36.0,0.405,0.0,1.5,1.5,5.25,5.25,0.0,0.75,2.25,0.0,1.5,2.604375,0.0,0.0,81.375,66.0,36.0,167.8406,3640.2,10.0,4.0,96.0,1.08,0.0,4.0,4.0,14.0,14.0,0.0,2.0,6.0,0.0,4.0,6.945,0.0,0.0,217.0,74.0,87.0,183.84,3695.0,16.0,6.0,162.0,3.44,2.0,4.0,4.0,14.0,20.0,0.0,2.0,6.0,0.0,6.0,16.05,0.0,0.0,229.0,8.0,51.0,15.9994,54.8,6.0,2.0,66.0,2.36,2.0,0.0,0.0,0.0,6.0,0.0,0.0,0.0,0.0,2.0,9.105,0.0,0.0,12.0,8.0,87.0,15.9994,54.8,16.0,2.0,66.0,3.44,2.0,4.0,0.0,0.0,6.0,0.0,2.0,0.0,0.0,2.0,9.105,0.0,0.0,12.0
300,W0.99O2.97Co0.02O0.03,-3.095793683,0,Mgaultois/Sparks,Peer-reviewed literature,97.80000000000001,312.65000000000003,231.1784639,3857.8100000000004,54.12,12.02,360.9,12.693999999999999,8.02,12.0,4.1,13.86,37.98,0.0,6.0,5.999999999999999,0.0,12.0,43.409400000000005,0.0,0.030969424000000002,266.59000000000003,24.389027431421447,77.96758104738156,57.65048975062344,962.0473815461347,13.496259351620948,2.997506234413965,90.0,3.165586034912718,2.0,2.9925187032418954,1.0224438902743143,3.456359102244389,9.471321695760597,0.0,1.4962593516209477,1.4962593516209475,0.0,2.9925187032418954,10.825286783042394,0.0,0.007723048379052371,66.48129675810473,24.52223555823658,13.514841325613643,62.32083254457373,1357.477378872022,3.746245359170652,1.4925280315420926,35.910224438902745,0.4105944614772298,0.0,1.5074533118575135,1.5298412323306447,5.206087026821972,5.198699013065839,0.0,0.7537266559287568,2.2387920473131384,0.0,1.4850653913843819,2.579783583435426,0.0,0.015369058869036887,81.51814976275023,66.0,36.0,167.8406,3640.2,10.0,4.0,96.0,1.56,0.0,4.0,7.0,14.0,14.0,0.0,2.0,6.0,0.0,4.0,6.945,0.0,1.5484712,217.0,74.0,87.0,183.84,3695.0,16.0,6.0,162.0,3.44,2.0,4.0,7.0,14.0,20.0,0.0,2.0,6.0,0.0,6.0,16.05,0.0,1.5484712,229.0,8.0,51.0,15.9994,54.8,6.0,2.0,66.0,1.88,2.0,0.0,0.0,0.0,6.0,0.0,0.0,0.0,0.0,2.0,9.105,0.0,0.0,12.0,8.0,87.0,15.9994,54.8,16.0,2.0,66.0,3.44,2.0,4.0,0.0,0.0,6.0,0.0,2.0,0.0,0.0,2.0,9.105,0.0,0.0,12.0
400,W0.99O2.97Co0.02O0.03,-2.849848618,0,Mgaultois/Sparks,Peer-reviewed literature,97.80000000000001,312.65000000000003,231.1784639,3857.8100000000004,54.12,12.02,360.9,12.693999999999999,8.02,12.0,4.1,13.86,37.98,0.0,6.0,5.999999999999999,0.0,12.0,43.409400000000005,0.0,0.030969424000000002,266.59000000000003,24.389027431421447,77.96758104738156,57.65048975062344,962.0473815461347,13.496259351620948,2.997506234413965,90.0,3.165586034912718,2.0,2.9925187032418954,1.0224438902743143,3.456359102244389,9.471321695760597,0.0,1.4962593516209477,1.4962593516209475,0.0,2.9925187032418954,10.825286783042394,0.0,0.007723048379052371,66.48129675810473,24.52223555823658,13.514841325613643,62.32083254457373,1357.477378872022,3.746245359170652,1.4925280315420926,35.910224438902745,0.4105944614772298,0.0,1.5074533118575135,1.5298412323306447,5.206087026821972,5.198699013065839,0.0,0.7537266559287568,2.2387920473131384,0.0,1.4850653913843819,2.579783583435426,0.0,0.015369058869036887,81.51814976275023,66.0,36.0,167.8406,3640.2,10.0,4.0,96.0,1.56,0.0,4.0,7.0,14.0,14.0,0.0,2.0,6.0,0.0,4.0,6.945,0.0,1.5484712,217.0,74.0,87.0,183.84,3695.0,16.0,6.0,162.0,3.44,2.0,4.0,7.0,14.0,20.0,0.0,2.0,6.0,0.0,6.0,16.05,0.0,1.5484712,229.0,8.0,51.0,15.9994,54.8,6.0,2.0,66.0,1.88,2.0,0.0,0.0,0.0,6.0,0.0,0.0,0.0,0.0,2.0,9.105,0.0,0.0,12.0,8.0,87.0,15.9994,54.8,16.0,2.0,66.0,3.44,2.0,4.0,0.0,0.0,6.0,0.0,2.0,0.0,0.0,2.0,9.105,0.0,0.0,12.0
700,W0.99O2.97Co0.02O0.03,-1.934625718,0,Mgaultois/Sparks,Peer-reviewed literature,97.80000000000001,312.65000000000003,231.1784639,3857.8100000000004,54.12,12.02,360.9,12.693999999999999,8.02,12.0,4.1,13.86,37.98,0.0,6.0,5.999999999999999,0.0,12.0,43.409400000000005,0.0,0.030969424000000002,266.59000000000003,24.389027431421447,77.96758104738156,57.65048975062344,962.0473815461347,13.496259351620948,2.997506234413965,90.0,3.165586034912718,2.0,2.9925187032418954,1.0224438902743143,3.456359102244389,9.471321695760597,0.0,1.4962593516209477,1.4962593516209475,0.0,2.9925187032418954,10.825286783042394,0.0,0.007723048379052371,66.48129675810473,24.52223555823658,13.514841325613643,62.32083254457373,1357.477378872022,3.746245359170652,1.4925280315420926,35.910224438902745,0.4105944614772298,0.0,1.5074533118575135,1.5298412323306447,5.206087026821972,5.198699013065839,0.0,0.7537266559287568,2.2387920473131384,0.0,1.4850653913843819,2.579783583435426,0.0,0.015369058869036887,81.51814976275023,66.0,36.0,167.8406,3640.2,10.0,4.0,96.0,1.56,0.0,4.0,7.0,14.0,14.0,0.0,2.0,6.0,0.0,4.0,6.945,0.0,1.5484712,217.0,74.0,87.0,183.84,3695.0,16.0,6.0,162.0,3.44,2.0,4.0,7.0,14.0,20.0,0.0,2.0,6.0,0.0,6.0,16.05,0.0,1.5484712,229.0,8.0,51.0,15.9994,54.8,6.0,2.0,66.0,1.88,2.0,0.0,0.0,0.0,6.0,0.0,0.0,0.0,0.0,2.0,9.105,0.0,0.0,12.0,8.0,87.0,15.9994,54.8,16.0,2.0,66.0,3.44,2.0,4.0,0.0,0.0,6.0,0.0,2.0,0.0,0.0,2.0,9.105,0.0,0.0,12.0
1000,W0.99O2.97Co0.02O0.03,-1.561443412,0,Mgaultois/Sparks,Peer-reviewed literature,97.80000000000001,312.65000000000003,231.1784639,3857.8100000000004,54.12,12.02,360.9,12.693999999999999,8.02,12.0,4.1,13.86,37.98,0.0,6.0,5.999999999999999,0.0,12.0,43.409400000000005,0.0,0.030969424000000002,266.59000000000003,24.389027431421447,77.96758104738156,57.65048975062344,962.0473815461347,13.496259351620948,2.997506234413965,90.0,3.165586034912718,2.0,2.9925187032418954,1.0224438902743143,3.456359102244389,9.471321695760597,0.0,1.4962593516209477,1.4962593516209475,0.0,2.9925187032418954,10.825286783042394,0.0,0.007723048379052371,66.48129675810473,24.52223555823658,13.514841325613643,62.32083254457373,1357.477378872022,3.746245359170652,1.4925280315420926,35.910224438902745,0.4105944614772298,0.0,1.5074533118575135,1.5298412323306447,5.206087026821972,5.198699013065839,0.0,0.7537266559287568,2.2387920473131384,0.0,1.4850653913843819,2.579783583435426,0.0,0.015369058869036887,81.51814976275023,66.0,36.0,167.8406,3640.2,10.0,4.0,96.0,1.56,0.0,4.0,7.0,14.0,14.0,0.0,2.0,6.0,0.0,4.0,6.945,0.0,1.5484712,217.0,74.0,87.0,183.84,3695.0,16.0,6.0,162.0,3.44,2.0,4.0,7.0,14.0,20.0,0.0,2.0,6.0,0.0,6.0,16.05,0.0,1.5484712,229.0,8.0,51.0,15.9994,54.8,6.0,2.0,66.0,1.88,2.0,0.0,0.0,0.0,6.0,0.0,0.0,0.0,0.0,2.0,9.105,0.0,0.0,12.0,8.0,87.0,15.9994,54.8,16.0,2.0,66.0,3.44,2.0,4.0,0.0,0.0,6.0,0.0,2.0,0.0,0.0,2.0,9.105,0.0,0.0,12.0
300,W0.95O2.95Co0.1O0.15,-2.058771398,0,Mgaultois/Sparks,Peer-reviewed literature,97.8,323.95,230.1394595,3856.9300000000003,56.199999999999996,12.299999999999999,371.1,13.094,8.299999999999999,12.4,4.5,13.299999999999999,38.5,0.0,6.2,5.999999999999999,0.0,12.2,44.49750000000001,0.0,0.15484712,274.15,23.566265060240966,78.06024096385543,55.45529144578314,929.3807228915664,13.542168674698797,2.963855421686747,89.42168674698796,3.1551807228915663,2.0000000000000004,2.987951807228916,1.0843373493975905,3.204819277108434,9.277108433734941,0.0,1.493975903614458,1.4457831325301207,0.0,2.9397590361445785,10.722289156626507,0.0,0.03731255903614459,66.06024096385542,23.25562490927566,13.355784584119606,58.94615107562782,1306.6025257657136,3.6719407751487876,1.4399767745681524,34.9914356220061,0.425513136884889,4.440892098500627e-16,1.5119756132965596,1.6199738713891716,4.942371897227464,4.909275656844246,0.0,0.7559878066482798,2.1599651618522286,0.0,1.4039773552039485,2.439192916243287,0.0,0.07282692245608943,80.76469734359124,66.0,36.0,167.8406,3640.2,10.0,4.0,96.0,1.56,0.0,4.0,7.0,14.0,14.0,0.0,2.0,6.0,0.0,4.0,6.945,0.0,1.5484712,217.0,74.0,87.0,183.84,3695.0,16.0,6.0,162.0,3.44,2.0,4.0,7.0,14.0,20.0,0.0,2.0,6.0,0.0,6.0,16.05,0.0,1.5484712,229.0,8.0,51.0,15.9994,54.8,6.0,2.0,66.0,1.88,2.0,0.0,0.0,0.0,6.0,0.0,0.0,0.0,0.0,2.0,9.105,0.0,0.0,12.0,8.0,87.0,15.9994,54.8,16.0,2.0,66.0,3.44,2.0,4.0,0.0,0.0,6.0,0.0,2.0,0.0,0.0,2.0,9.105,0.0,0.0,12.0
400,W0.95O2.95Co0.1O0.15,-1.99746678,0,Mgaultois/Sparks,Peer-reviewed literature,97.8,323.95,230.1394595,3856.9300000000003,56.199999999999996,12.299999999999999,371.1,13.094,8.299999999999999,12.4,4.5,13.299999999999999,38.5,0.0,6.2,5.999999999999999,0.0,12.2,44.49750000000001,0.0,0.15484712,274.15,23.566265060240966,78.06024096385543,55.45529144578314,929.3807228915664,13.542168674698797,2.963855421686747,89.42168674698796,3.1551807228915663,2.0000000000000004,2.987951807228916,1.0843373493975905,3.204819277108434,9.277108433734941,0.0,1.493975903614458,1.4457831325301207,0.0,2.9397590361445785,10.722289156626507,0.0,0.03731255903614459,66.06024096385542,23.25562490927566,13.355784584119606,58.94615107562782,1306.6025257657136,3.6719407751487876,1.4399767745681524,34.9914356220061,0.425513136884889,4.440892098500627e-16,1.5119756132965596,1.6199738713891716,4.942371897227464,4.909275656844246,0.0,0.7559878066482798,2.1599651618522286,0.0,1.4039773552039485,2.439192916243287,0.0,0.07282692245608943,80.76469734359124,66.0,36.0,167.8406,3640.2,10.0,4.0,96.0,1.56,0.0,4.0,7.0,14.0,14.0,0.0,2.0,6.0,0.0,4.0,6.945,0.0,1.5484712,217.0,74.0,87.0,183.84,3695.0,16.0,6.0,162.0,3.44,2.0,4.0,7.0,14.0,20.0,0.0,2.0,6.0,0.0,6.0,16.05,0.0,1.5484712,229.0,8.0,51.0,15.9994,54.8,6.0,2.0,66.0,1.88,2.0,0.0,0.0,0.0,6.0,0.0,0.0,0.0,0.0,2.0,9.105,0.0,0.0,12.0,8.0,87.0,15.9994,54.8,16.0,2.0,66.0,3.44,2.0,4.0,0.0,0.0,6.0,0.0,2.0,0.0,0.0,2.0,9.105,0.0,0.0,12.0
700,W0.95O2.95Co0.1O0.15,-1.306147352,0,Mgaultois/Sparks,Peer-reviewed literature,97.8,323.95,230.1394595,3856.9300000000003,56.199999999999996,12.299999999999999,371.1,13.094,8.299999999999999,12.4,4.5,13.299999999999999,38.5,0.0,6.2,5.999999999999999,0.0,12.2,44.49750000000001,0.0,0.15484712,274.15,23.566265060240966,78.06024096385543,55.45529144578314,929.3807228915664,13.542168674698797,2.963855421686747,89.42168674698796,3.1551807228915663,2.0000000000000004,2.987951807228916,1.0843373493975905,3.204819277108434,9.277108433734941,0.0,1.493975903614458,1.4457831325301207,0.0,2.9397590361445785,10.722289156626507,0.0,0.03731255903614459,66.06024096385542,23.25562490927566,13.355784584119606,58.94615107562782,1306.6025257657136,3.6719407751487876,1.4399767745681524,34.9914356220061,0.425513136884889,4.440892098500627e-16,1.5119756132965596,1.6199738713891716,4.942371897227464,4.909275656844246,0.0,0.7559878066482798,2.1599651618522286,0.0,1.4039773552039485,2.439192916243287,0.0,0.07282692245608943,80.76469734359124,66.0,36.0,167.8406,3640.2,10.0,4.0,96.0,1.56,0.0,4.0,7.0,14.0,14.0,0.0,2.0,6.0,0.0,4.0,6.945,0.0,1.5484712,217.0,74.0,87.0,183.84,3695.0,16.0,6.0,162.0,3.44,2.0,4.0,7.0,14.0,20.0,0.0,2.0,6.0,0.0,6.0,16.05,0.0,1.5484712,229.0,8.0,51.0,15.9994,54.8,6.0,2.0,66.0,1.88,2.0,0.0,0.0,0.0,6.0,0.0,0.0,0.0,0.0,2.0,9.105,0.0,0.0,12.0,8.0,87.0,15.9994,54.8,16.0,2.0,66.0,3.44,2.0,4.0,0.0,0.0,6.0,0.0,2.0,0.0,0.0,2.0,9.105,0.0,0.0,12.0
1000,W0.95O2.95Co0.1O0.15,-1.201187819,0,Mgaultois/Sparks,Peer-reviewed literature,97.8,323.95,230.1394595,3856.9300000000003,56.199999999999996,12.299999999999999,371.1,13.094,8.299999999999999,12.4,4.5,13.299999999999999,38.5,0.0,6.2,5.999999999999999,0.0,12.2,44.49750000000001,0.0,0.15484712,274.15,23.566265060240966,78.06024096385543,55.45529144578314,929.3807228915664,13.542168674698797,2.963855421686747,89.42168674698796,3.1551807228915663,2.0000000000000004,2.987951807228916,1.0843373493975905,3.204819277108434,9.277108433734941,0.0,1.493975903614458,1.4457831325301207,0.0,2.9397590361445785,10.722289156626507,0.0,0.03731255903614459,66.06024096385542,23.25562490927566,13.355784584119606,58.94615107562782,1306.6025257657136,3.6719407751487876,1.4399767745681524,34.9914356220061,0.425513136884889,4.440892098500627e-16,1.5119756132965596,1.6199738713891716,4.942371897227464,4.909275656844246,0.0,0.7559878066482798,2.1599651618522286,0.0,1.4039773552039485,2.439192916243287,0.0,0.07282692245608943,80.76469734359124,66.0,36.0,167.8406,3640.2,10.0,4.0,96.0,1.56,0.0,4.0,7.0,14.0,14.0,0.0,2.0,6.0,0.0,4.0,6.945,0.0,1.5484712,217.0,74.0,87.0,183.84,3695.0,16.0,6.0,162.0,3.44,2.0,4.0,7.0,14.0,20.0,0.0,2.0,6.0,0.0,6.0,16.05,0.0,1.5484712,229.0,8.0,51.0,15.9994,54.8,6.0,2.0,66.0,1.88,2.0,0.0,0.0,0.0,6.0,0.0,0.0,0.0,0.0,2.0,9.105,0.0,0.0,12.0,8.0,87.0,15.9994,54.8,16.0,2.0,66.0,3.44,2.0,4.0,0.0,0.0,6.0,0.0,2.0,0.0,0.0,2.0,9.105,0.0,0.0,12.0
300,W0.9O2.7Co0.2O0.3,-2.748982644,0,Mgaultois/Sparks,Peer-reviewed literature,96.00000000000001,318.5,225.24083900000002,3843.5,55.199999999999996,12.200000000000001,369.0,12.82,8.2,12.0,5.0,12.6,37.8,0.0,6.0,6.0,0.0,12.0,43.809000000000005,0.0,0.30969424,280.9,23.414634146341466,77.6829268292683,54.93679,937.4390243902441,13.463414634146345,2.975609756097562,90.0,3.1268292682926835,2.0000000000000004,2.9268292682926833,1.2195121951219514,3.0731707317073176,9.219512195121952,0.0,1.4634146341463417,1.4634146341463419,0.0,2.9268292682926838,10.685121951219514,0.0,0.07553518048780489,68.51219512195122,22.558001189768,13.634741225461035,56.98154634146343,1291.6668649613327,3.712076145151695,1.4277215942891142,35.1219512195122,0.45829863176680524,4.440892098500627e-16,1.5704937537180248,1.7846519928613924,4.797144556811423,4.732897085068413,0.0,0.7852468768590124,2.141582391433671,0.0,1.3563355145746585,2.355312314098752,0.0,0.14370107507436053,82.70077334919692,66.0,36.0,167.8406,3640.2,10.0,4.0,96.0,1.56,0.0,4.0,7.0,14.0,14.0,0.0,2.0,6.0,0.0,4.0,6.945,0.0,1.5484712,217.0,74.0,87.0,183.84,3695.0,16.0,6.0,162.0,3.44,2.0,4.0,7.0,14.0,20.0,0.0,2.0,6.0,0.0,6.0,16.05,0.0,1.5484712,229.0,8.0,51.0,15.9994,54.8,6.0,2.0,66.0,1.88,2.0,0.0,0.0,0.0,6.0,0.0,0.0,0.0,0.0,2.0,9.105,0.0,0.0,12.0,8.0,87.0,15.9994,54.8,16.0,2.0,66.0,3.44,2.0,4.0,0.0,0.0,6.0,0.0,2.0,0.0,0.0,2.0,9.105,0.0,0.0,12.0
400,W0.9O2.7Co0.2O0.3,-2.244791573,0,Mgaultois/Sparks,Peer-reviewed literature,96.00000000000001,318.5,225.24083900000002,3843.5,55.199999999999996,12.200000000000001,369.0,12.82,8.2,12.0,5.0,12.6,37.8,0.0,6.0,6.0,0.0,12.0,43.809000000000005,0.0,0.30969424,280.9,23.414634146341466,77.6829268292683,54.93679,937.4390243902441,13.463414634146345,2.975609756097562,90.0,3.1268292682926835,2.0000000000000004,2.9268292682926833,1.2195121951219514,3.0731707317073176,9.219512195121952,0.0,1.4634146341463417,1.4634146341463419,0.0,2.9268292682926838,10.685121951219514,0.0,0.07553518048780489,68.51219512195122,22.558001189768,13.634741225461035,56.98154634146343,1291.6668649613327,3.712076145151695,1.4277215942891142,35.1219512195122,0.45829863176680524,4.440892098500627e-16,1.5704937537180248,1.7846519928613924,4.797144556811423,4.732897085068413,0.0,0.7852468768590124,2.141582391433671,0.0,1.3563355145746585,2.355312314098752,0.0,0.14370107507436053,82.70077334919692,66.0,36.0,167.8406,3640.2,10.0,4.0,96.0,1.56,0.0,4.0,7.0,14.0,14.0,0.0,2.0,6.0,0.0,4.0,6.945,0.0,1.5484712,217.0,74.0,87.0,183.84,3695.0,16.0,6.0,162.0,3.44,2.0,4.0,7.0,14.0,20.0,0.0,2.0,6.0,0.0,6.0,16.05,0.0,1.5484712,229.0,8.0,51.0,15.9994,54.8,6.0,2.0,66.0,1.88,2.0,0.0,0.0,0.0,6.0,0.0,0.0,0.0,0.0,2.0,9.105,0.0,0.0,12.0,8.0,87.0,15.9994,54.8,16.0,2.0,66.0,3.44,2.0,4.0,0.0,0.0,6.0,0.0,2.0,0.0,0.0,2.0,9.105,0.0,0.0,12.0
700,W0.9O2.7Co0.2O0.3,-1.716691985,0,Mgaultois/Sparks,Peer-reviewed literature,96.00000000000001,318.5,225.24083900000002,3843.5,55.199999999999996,12.200000000000001,369.0,12.82,8.2,12.0,5.0,12.6,37.8,0.0,6.0,6.0,0.0,12.0,43.809000000000005,0.0,0.30969424,280.9,23.414634146341466,77.6829268292683,54.93679,937.4390243902441,13.463414634146345,2.975609756097562,90.0,3.1268292682926835,2.0000000000000004,2.9268292682926833,1.2195121951219514,3.0731707317073176,9.219512195121952,0.0,1.4634146341463417,1.4634146341463419,0.0,2.9268292682926838,10.685121951219514,0.0,0.07553518048780489,68.51219512195122,22.558001189768,13.634741225461035,56.98154634146343,1291.6668649613327,3.712076145151695,1.4277215942891142,35.1219512195122,0.45829863176680524,4.440892098500627e-16,1.5704937537180248,1.7846519928613924,4.797144556811423,4.732897085068413,0.0,0.7852468768590124,2.141582391433671,0.0,1.3563355145746585,2.355312314098752,0.0,0.14370107507436053,82.70077334919692,66.0,36.0,167.8406,3640.2,10.0,4.0,96.0,1.56,0.0,4.0,7.0,14.0,14.0,0.0,2.0,6.0,0.0,4.0,6.945,0.0,1.5484712,217.0,74.0,87.0,183.84,3695.0,16.0,6.0,162.0,3.44,2.0,4.0,7.0,14.0,20.0,0.0,2.0,6.0,0.0,6.0,16.05,0.0,1.5484712,229.0,8.0,51.0,15.9994,54.8,6.0,2.0,66.0,1.88,2.0,0.0,0.0,0.0,6.0,0.0,0.0,0.0,0.0,2.0,9.105,0.0,0.0,12.0,8.0,87.0,15.9994,54.8,16.0,2.0,66.0,3.44,2.0,4.0,0.0,0.0,6.0,0.0,2.0,0.0,0.0,2.0,9.105,0.0,0.0,12.0
1000,W0.9O2.7Co0.2O0.3,-1.553066929,0,Mgaultois/Sparks,Peer-reviewed literature,96.00000000000001,318.5,225.24083900000002,3843.5,55.199999999999996,12.200000000000001,369.0,12.82,8.2,12.0,5.0,12.6,37.8,0.0,6.0,6.0,0.0,12.0,43.809000000000005,0.0,0.30969424,280.9,23.414634146341466,77.6829268292683,54.93679,937.4390243902441,13.463414634146345,2.975609756097562,90.0,3.1268292682926835,2.0000000000000004,2.9268292682926833,1.2195121951219514,3.0731707317073176,9.219512195121952,0.0,1.4634146341463417,1.4634146341463419,0.0,2.9268292682926838,10.685121951219514,0.0,0.07553518048780489,68.51219512195122,22.558001189768,13.634741225461035,56.98154634146343,1291.6668649613327,3.712076145151695,1.4277215942891142,35.1219512195122,0.45829863176680524,4.440892098500627e-16,1.5704937537180248,1.7846519928613924,4.797144556811423,4.732897085068413,0.0,0.7852468768590124,2.141582391433671,0.0,1.3563355145746585,2.355312314098752,0.0,0.14370107507436053,82.70077334919692,66.0,36.0,167.8406,3640.2,10.0,4.0,96.0,1.56,0.0,4.0,7.0,14.0,14.0,0.0,2.0,6.0,0.0,4.0,6.945,0.0,1.5484712,217.0,74.0,87.0,183.84,3695.0,16.0,6.0,162.0,3.44,2.0,4.0,7.0,14.0,20.0,0.0,2.0,6.0,0.0,6.0,16.05,0.0,1.5484712,229.0,8.0,51.0,15.9994,54.8,6.0,2.0,66.0,1.88,2.0,0.0,0.0,0.0,6.0,0.0,0.0,0.0,0.0,2.0,9.105,0.0,0.0,12.0,8.0,87.0,15.9994,54.8,16.0,2.0,66.0,3.44,2.0,4.0,0.0,0.0,6.0,0.0,2.0,0.0,0.0,2.0,9.105,0.0,0.0,12.0
300,CaMnO3,0.519224375,0,Mgaultois/Sparks,Peer-reviewed literature,69.0,320.0,143.01424500000002,2798.4,57.0,14.0,513.0,12.870000000000001,10.0,12.0,5.0,0.0,27.0,0.0,6.0,5.0,0.0,11.0,75.5725862069,0.0,0.000310120689655,478.0,13.8,64.0,28.602849,559.68,11.4,2.8,102.6,2.574,2.0,2.4,1.0,0.0,5.4,0.0,1.2,1.0,0.0,2.2,15.11451724138,0.0,6.2024137931e-05,95.60000000000001,6.96,27.6,15.1241388,605.856,5.52,0.96,43.92,1.0392000000000001,0.0,1.92,1.6,0.0,1.3599999999999999,0.0,0.96,1.6,0.0,1.12,9.062193103448,0.0,9.923862068959999e-05,100.32,17.0,80.0,38.938645,1464.2,14.0,2.0,110.0,2.44,0.0,4.0,5.0,0.0,5.0,0.0,2.0,5.0,0.0,5.0,28.665000000000003,0.0,0.000310120689655,213.0,25.0,87.0,54.938045,1519.0,16.0,4.0,176.0,3.44,2.0,4.0,5.0,0.0,7.0,0.0,2.0,5.0,0.0,5.0,37.77,0.0,0.000310120689655,225.0,8.0,7.0,15.9994,54.8,2.0,2.0,66.0,1.0,2.0,0.0,0.0,0.0,2.0,0.0,0.0,0.0,0.0,0.0,9.105,0.0,0.0,12.0,8.0,87.0,15.9994,54.8,16.0,2.0,66.0,3.44,2.0,4.0,0.0,0.0,6.0,0.0,2.0,0.0,0.0,2.0,9.105,0.0,0.0,12.0
400,CaMnO3,0.616741318,0,Mgaultois/Sparks,Peer-reviewed literature,69.0,320.0,143.01424500000002,2798.4,57.0,14.0,513.0,12.870000000000001,10.0,12.0,5.0,0.0,27.0,0.0,6.0,5.0,0.0,11.0,75.5725862069,0.0,0.000310120689655,478.0,13.8,64.0,28.602849,559.68,11.4,2.8,102.6,2.574,2.0,2.4,1.0,0.0,5.4,0.0,1.2,1.0,0.0,2.2,15.11451724138,0.0,6.2024137931e-05,95.60000000000001,6.96,27.6,15.1241388,605.856,5.52,0.96,43.92,1.0392000000000001,0.0,1.92,1.6,0.0,1.3599999999999999,0.0,0.96,1.6,0.0,1.12,9.062193103448,0.0,9.923862068959999e-05,100.32,17.0,80.0,38.938645,1464.2,14.0,2.0,110.0,2.44,0.0,4.0,5.0,0.0,5.0,0.0,2.0,5.0,0.0,5.0,28.665000000000003,0.0,0.000310120689655,213.0,25.0,87.0,54.938045,1519.0,16.0,4.0,176.0,3.44,2.0,4.0,5.0,0.0,7.0,0.0,2.0,5.0,0.0,5.0,37.77,0.0,0.000310120689655,225.0,8.0,7.0,15.9994,54.8,2.0,2.0,66.0,1.0,2.0,0.0,0.0,0.0,2.0,0.0,0.0,0.0,0.0,0.0,9.105,0.0,0.0,12.0,8.0,87.0,15.9994,54.8,16.0,2.0,66.0,3.44,2.0,4.0,0.0,0.0,6.0,0.0,2.0,0.0,0.0,2.0,9.105,0.0,0.0,12.0
700,CaMnO3,0.986745547,0,Mgaultois/Sparks,Peer-reviewed literature,69.0,320.0,143.01424500000002,2798.4,57.0,14.0,513.0,12.870000000000001,10.0,12.0,5.0,0.0,27.0,0.0,6.0,5.0,0.0,11.0,75.5725862069,0.0,0.000310120689655,478.0,13.8,64.0,28.602849,559.68,11.4,2.8,102.6,2.574,2.0,2.4,1.0,0.0,5.4,0.0,1.2,1.0,0.0,2.2,15.11451724138,0.0,6.2024137931e-05,95.60000000000001,6.96,27.6,15.1241388,605.856,5.52,0.96,43.92,1.0392000000000001,0.0,1.92,1.6,0.0,1.3599999999999999,0.0,0.96,1.6,0.0,1.12,9.062193103448,0.0,9.923862068959999e-05,100.32,17.0,80.0,38.938645,1464.2,14.0,2.0,110.0,2.44,0.0,4.0,5.0,0.0,5.0,0.0,2.0,5.0,0.0,5.0,28.665000000000003,0.0,0.000310120689655,213.0,25.0,87.0,54.938045,1519.0,16.0,4.0,176.0,3.44,2.0,4.0,5.0,0.0,7.0,0.0,2.0,5.0,0.0,5.0,37.77,0.0,0.000310120689655,225.0,8.0,7.0,15.9994,54.8,2.0,2.0,66.0,1.0,2.0,0.0,0.0,0.0,2.0,0.0,0.0,0.0,0.0,0.0,9.105,0.0,0.0,12.0,8.0,87.0,15.9994,54.8,16.0,2.0,66.0,3.44,2.0,4.0,0.0,0.0,6.0,0.0,2.0,0.0,0.0,2.0,9.105,0.0,0.0,12.0
1000,CaMnO3,1.073657553,0,Mgaultois/Sparks,Peer-reviewed literature,69.0,320.0,143.01424500000002,2798.4,57.0,14.0,513.0,12.870000000000001,10.0,12.0,5.0,0.0,27.0,0.0,6.0,5.0,0.0,11.0,75.5725862069,0.0,0.000310120689655,478.0,13.8,64.0,28.602849,559.68,11.4,2.8,102.6,2.574,2.0,2.4,1.0,0.0,5.4,0.0,1.2,1.0,0.0,2.2,15.11451724138,0.0,6.2024137931e-05,95.60000000000001,6.96,27.6,15.1241388,605.856,5.52,0.96,43.92,1.0392000000000001,0.0,1.92,1.6,0.0,1.3599999999999999,0.0,0.96,1.6,0.0,1.12,9.062193103448,0.0,9.923862068959999e-05,100.32,17.0,80.0,38.938645,1464.2,14.0,2.0,110.0,2.44,0.0,4.0,5.0,0.0,5.0,0.0,2.0,5.0,0.0,5.0,28.665000000000003,0.0,0.000310120689655,213.0,25.0,87.0,54.938045,1519.0,16.0,4.0,176.0,3.44,2.0,4.0,5.0,0.0,7.0,0.0,2.0,5.0,0.0,5.0,37.77,0.0,0.000310120689655,225.0,8.0,7.0,15.9994,54.8,2.0,2.0,66.0,1.0,2.0,0.0,0.0,0.0,2.0,0.0,0.0,0.0,0.0,0.0,9.105,0.0,0.0,12.0,8.0,87.0,15.9994,54.8,16.0,2.0,66.0,3.44,2.0,4.0,0.0,0.0,6.0,0.0,2.0,0.0,0.0,2.0,9.105,0.0,0.0,12.0
300,CaYb0.05Mn0.95O3,2.036607466,1,Mgaultois/Sparks,Peer-reviewed literature,71.25,319.35,148.92004275,2777.0499999999997,56.8,14.1,515.4,12.8555,10.0,12.0,4.75,0.7000000000000001,27.45,0.0,6.0,4.75,0.0,10.75,76.754206896555,0.0,0.00029461465517224996,478.4,14.25,63.87,29.784008550000003,555.41,11.36,2.8200000000000003,103.08000000000001,2.5711000000000004,2.0,2.4,0.95,0.14,5.49,0.0,1.2,0.95,0.0,2.15,15.350841379311,0.0,5.892293103445e-05,95.68,7.5,27.756,16.541530260000002,600.732,5.568,0.984,44.49600000000001,1.0426799999999998,0.0,1.92,1.539,0.2772,1.396,0.0,0.96,1.539,0.0,1.083,9.34304662068938,0.0,9.5455148275809e-05,100.416,62.0,80.0,157.0546,1464.2,14.0,4.0,121.0,2.44,0.0,4.0,5.0,14.0,14.0,0.0,2.0,5.0,0.0,5.0,28.665000000000003,0.0,0.000310120689655,213.0,70.0,87.0,173.054,1519.0,16.0,6.0,187.0,3.44,2.0,4.0,5.0,14.0,16.0,0.0,2.0,5.0,0.0,5.0,37.77,0.0,0.000310120689655,225.0,8.0,7.0,15.9994,54.8,2.0,2.0,66.0,1.0,2.0,0.0,0.0,0.0,2.0,0.0,0.0,0.0,0.0,0.0,9.105,0.0,0.0,12.0,8.0,87.0,15.9994,54.8,16.0,2.0,66.0,3.44,2.0,4.0,0.0,0.0,6.0,0.0,2.0,0.0,0.0,2.0,9.105,0.0,0.0,12.0
400,CaYb0.05Mn0.95O3,1.974305083,1,Mgaultois/Sparks,Peer-reviewed literature,71.25,319.35,148.92004275,2777.0499999999997,56.8,14.1,515.4,12.8555,10.0,12.0,4.75,0.7000000000000001,27.45,0.0,6.0,4.75,0.0,10.75,76.754206896555,0.0,0.00029461465517224996,478.4,14.25,63.87,29.784008550000003,555.41,11.36,2.8200000000000003,103.08000000000001,2.5711000000000004,2.0,2.4,0.95,0.14,5.49,0.0,1.2,0.95,0.0,2.15,15.350841379311,0.0,5.892293103445e-05,95.68,7.5,27.756,16.541530260000002,600.732,5.568,0.984,44.49600000000001,1.0426799999999998,0.0,1.92,1.539,0.2772,1.396,0.0,0.96,1.539,0.0,1.083,9.34304662068938,0.0,9.5455148275809e-05,100.416,62.0,80.0,157.0546,1464.2,14.0,4.0,121.0,2.44,0.0,4.0,5.0,14.0,14.0,0.0,2.0,5.0,0.0,5.0,28.665000000000003,0.0,0.000310120689655,213.0,70.0,87.0,173.054,1519.0,16.0,6.0,187.0,3.44,2.0,4.0,5.0,14.0,16.0,0.0,2.0,5.0,0.0,5.0,37.77,0.0,0.000310120689655,225.0,8.0,7.0,15.9994,54.8,2.0,2.0,66.0,1.0,2.0,0.0,0.0,0.0,2.0,0.0,0.0,0.0,0.0,0.0,9.105,0.0,0.0,12.0,8.0,87.0,15.9994,54.8,16.0,2.0,66.0,3.44,2.0,4.0,0.0,0.0,6.0,0.0,2.0,0.0,0.0,2.0,9.105,0.0,0.0,12.0
700,CaYb0.05Mn0.95O3,1.807689074,1,Mgaultois/Sparks,Peer-reviewed literature,71.25,319.35,148.92004275,2777.0499999999997,56.8,14.1,515.4,12.8555,10.0,12.0,4.75,0.7000000000000001,27.45,0.0,6.0,4.75,0.0,10.75,76.754206896555,0.0,0.00029461465517224996,478.4,14.25,63.87,29.784008550000003,555.41,11.36,2.8200000000000003,103.08000000000001,2.5711000000000004,2.0,2.4,0.95,0.14,5.49,0.0,1.2,0.95,0.0,2.15,15.350841379311,0.0,5.892293103445e-05,95.68,7.5,27.756,16.541530260000002,600.732,5.568,0.984,44.49600000000001,1.0426799999999998,0.0,1.92,1.539,0.2772,1.396,0.0,0.96,1.539,0.0,1.083,9.34304662068938,0.0,9.5455148275809e-05,100.416,62.0,80.0,157.0546,1464.2,14.0,4.0,121.0,2.44,0.0,4.0,5.0,14.0,14.0,0.0,2.0,5.0,0.0,5.0,28.665000000000003,0.0,0.000310120689655,213.0,70.0,87.0,173.054,1519.0,16.0,6.0,187.0,3.44,2.0,4.0,5.0,14.0,16.0,0.0,2.0,5.0,0.0,5.0,37.77,0.0,0.000310120689655,225.0,8.0,7.0,15.9994,54.8,2.0,2.0,66.0,1.0,2.0,0.0,0.0,0.0,2.0,0.0,0.0,0.0,0.0,0.0,9.105,0.0,0.0,12.0,8.0,87.0,15.9994,54.8,16.0,2.0,66.0,3.44,2.0,4.0,0.0,0.0,6.0,0.0,2.0,0.0,0.0,2.0,9.105,0.0,0.0,12.0
1000,CaYb0.05Mn0.95O3,1.72899062,1,Mgaultois/Sparks,Peer-reviewed literature,71.25,319.35,148.92004275,2777.0499999999997,56.8,14.1,515.4,12.8555,10.0,12.0,4.75,0.7000000000000001,27.45,0.0,6.0,4.75,0.0,10.75,76.754206896555,0.0,0.00029461465517224996,478.4,14.25,63.87,29.784008550000003,555.41,11.36,2.8200000000000003,103.08000000000001,2.5711000000000004,2.0,2.4,0.95,0.14,5.49,0.0,1.2,0.95,0.0,2.15,15.350841379311,0.0,5.892293103445e-05,95.68,7.5,27.756,16.541530260000002,600.732,5.568,0.984,44.49600000000001,1.0426799999999998,0.0,1.92,1.539,0.2772,1.396,0.0,0.96,1.539,0.0,1.083,9.34304662068938,0.0,9.5455148275809e-05,100.416,62.0,80.0,157.0546,1464.2,14.0,4.0,121.0,2.44,0.0,4.0,5.0,14.0,14.0,0.0,2.0,5.0,0.0,5.0,28.665000000000003,0.0,0.000310120689655,213.0,70.0,87.0,173.054,1519.0,16.0,6.0,187.0,3.44,2.0,4.0,5.0,14.0,16.0,0.0,2.0,5.0,0.0,5.0,37.77,0.0,0.000310120689655,225.0,8.0,7.0,15.9994,54.8,2.0,2.0,66.0,1.0,2.0,0.0,0.0,0.0,2.0,0.0,0.0,0.0,0.0,0.0,9.105,0.0,0.0,12.0,8.0,87.0,15.9994,54.8,16.0,2.0,66.0,3.44,2.0,4.0,0.0,0.0,6.0,0.0,2.0,0.0,0.0,2.0,9.105,0.0,0.0,12.0
300,CaYb0.1Mn0.9O3,2.409026716,1,Mgaultois/Sparks,Peer-reviewed literature,73.5,318.7,154.82584050000003,2755.7000000000003,56.6,14.2,517.8,12.841000000000001,10.0,12.0,4.5,1.4000000000000001,27.9,0.0,6.0,4.5,0.0,10.5,77.93582758621,0.0,0.0002791086206895,478.8,14.7,63.739999999999995,30.9651681,551.14,11.32,2.84,103.56,2.5682,2.0,2.4,0.8999999999999999,0.28,5.58,0.0,1.2,0.8999999999999999,0.0,2.0999999999999996,15.587165517242003,0.0,5.582172413789999e-05,95.76,8.04,27.912,17.95892172,595.608,5.616,1.008,45.072,1.04616,0.0,1.92,1.4759999999999998,0.5488000000000001,1.4320000000000002,0.0,0.96,1.4759999999999998,0.0,1.0439999999999998,9.614447172413522,0.0,9.154762758615599e-05,100.512,62.0,80.0,157.0546,1464.2,14.0,4.0,121.0,2.44,0.0,4.0,5.0,14.0,14.0,0.0,2.0,5.0,0.0,5.0,28.665000000000003,0.0,0.000310120689655,213.0,70.0,87.0,173.054,1519.0,16.0,6.0,187.0,3.44,2.0,4.0,5.0,14.0,16.0,0.0,2.0,5.0,0.0,5.0,37.77,0.0,0.000310120689655,225.0,8.0,7.0,15.9994,54.8,2.0,2.0,66.0,1.0,2.0,0.0,0.0,0.0,2.0,0.0,0.0,0.0,0.0,0.0,9.105,0.0,0.0,12.0,8.0,87.0,15.9994,54.8,16.0,2.0,66.0,3.44,2.0,4.0,0.0,0.0,6.0,0.0,2.0,0.0,0.0,2.0,9.105,0.0,0.0,12.0
400,CaYb0.1Mn0.9O3,2.358218621,1,Mgaultois/Sparks,Peer-reviewed literature,73.5,318.7,154.82584050000003,2755.7000000000003,56.6,14.2,517.8,12.841000000000001,10.0,12.0,4.5,1.4000000000000001,27.9,0.0,6.0,4.5,0.0,10.5,77.93582758621,0.0,0.0002791086206895,478.8,14.7,63.739999999999995,30.9651681,551.14,11.32,2.84,103.56,2.5682,2.0,2.4,0.8999999999999999,0.28,5.58,0.0,1.2,0.8999999999999999,0.0,2.0999999999999996,15.587165517242003,0.0,5.582172413789999e-05,95.76,8.04,27.912,17.95892172,595.608,5.616,1.008,45.072,1.04616,0.0,1.92,1.4759999999999998,0.5488000000000001,1.4320000000000002,0.0,0.96,1.4759999999999998,0.0,1.0439999999999998,9.614447172413522,0.0,9.154762758615599e-05,100.512,62.0,80.0,157.0546,1464.2,14.0,4.0,121.0,2.44,0.0,4.0,5.0,14.0,14.0,0.0,2.0,5.0,0.0,5.0,28.665000000000003,0.0,0.000310120689655,213.0,70.0,87.0,173.054,1519.0,16.0,6.0,187.0,3.44,2.0,4.0,5.0,14.0,16.0,0.0,2.0,5.0,0.0,5.0,37.77,0.0,0.000310120689655,225.0,8.0,7.0,15.9994,54.8,2.0,2.0,66.0,1.0,2.0,0.0,0.0,0.0,2.0,0.0,0.0,0.0,0.0,0.0,9.105,0.0,0.0,12.0,8.0,87.0,15.9994,54.8,16.0,2.0,66.0,3.44,2.0,4.0,0.0,0.0,6.0,0.0,2.0,0.0,0.0,2.0,9.105,0.0,0.0,12.0
700,CaYb0.1Mn0.9O3,2.211385539,1,Mgaultois/Sparks,Peer-reviewed literature,73.5,318.7,154.82584050000003,2755.7000000000003,56.6,14.2,517.8,12.841000000000001,10.0,12.0,4.5,1.4000000000000001,27.9,0.0,6.0,4.5,0.0,10.5,77.93582758621,0.0,0.0002791086206895,478.8,14.7,63.739999999999995,30.9651681,551.14,11.32,2.84,103.56,2.5682,2.0,2.4,0.8999999999999999,0.28,5.58,0.0,1.2,0.8999999999999999,0.0,2.0999999999999996,15.587165517242003,0.0,5.582172413789999e-05,95.76,8.04,27.912,17.95892172,595.608,5.616,1.008,45.072,1.04616,0.0,1.92,1.4759999999999998,0.5488000000000001,1.4320000000000002,0.0,0.96,1.4759999999999998,0.0,1.0439999999999998,9.614447172413522,0.0,9.154762758615599e-05,100.512,62.0,80.0,157.0546,1464.2,14.0,4.0,121.0,2.44,0.0,4.0,5.0,14.0,14.0,0.0,2.0,5.0,0.0,5.0,28.665000000000003,0.0,0.000310120689655,213.0,70.0,87.0,173.054,1519.0,16.0,6.0,187.0,3.44,2.0,4.0,5.0,14.0,16.0,0.0,2.0,5.0,0.0,5.0,37.77,0.0,0.000310120689655,225.0,8.0,7.0,15.9994,54.8,2.0,2.0,66.0,1.0,2.0,0.0,0.0,0.0,2.0,0.0,0.0,0.0,0.0,0.0,9.105,0.0,0.0,12.0,8.0,87.0,15.9994,54.8,16.0,2.0,66.0,3.44,2.0,4.0,0.0,0.0,6.0,0.0,2.0,0.0,0.0,2.0,9.105,0.0,0.0,12.0
1000,CaYb0.1Mn0.9O3,2.1065373,1,Mgaultois/Sparks,Peer-reviewed literature,73.5,318.7,154.82584050000003,2755.7000000000003,56.6,14.2,517.8,12.841000000000001,10.0,12.0,4.5,1.4000000000000001,27.9,0.0,6.0,4.5,0.0,10.5,77.93582758621,0.0,0.0002791086206895,478.8,14.7,63.739999999999995,30.9651681,551.14,11.32,2.84,103.56,2.5682,2.0,2.4,0.8999999999999999,0.28,5.58,0.0,1.2,0.8999999999999999,0.0,2.0999999999999996,15.587165517242003,0.0,5.582172413789999e-05,95.76,8.04,27.912,17.95892172,595.608,5.616,1.008,45.072,1.04616,0.0,1.92,1.4759999999999998,0.5488000000000001,1.4320000000000002,0.0,0.96,1.4759999999999998,0.0,1.0439999999999998,9.614447172413522,0.0,9.154762758615599e-05,100.512,62.0,80.0,157.0546,1464.2,14.0,4.0,121.0,2.44,0.0,4.0,5.0,14.0,14.0,0.0,2.0,5.0,0.0,5.0,28.665000000000003,0.0,0.000310120689655,213.0,70.0,87.0,173.054,1519.0,16.0,6.0,187.0,3.44,2.0,4.0,5.0,14.0,16.0,0.0,2.0,5.0,0.0,5.0,37.77,0.0,0.000310120689655,225.0,8.0,7.0,15.9994,54.8,2.0,2.0,66.0,1.0,2.0,0.0,0.0,0.0,2.0,0.0,0.0,0.0,0.0,0.0,9.105,0.0,0.0,12.0,8.0,87.0,15.9994,54.8,16.0,2.0,66.0,3.44,2.0,4.0,0.0,0.0,6.0,0.0,2.0,0.0,0.0,2.0,9.105,0.0,0.0,12.0
300,CaYb0.15Mn0.85O3,2.473473344,1,Mgaultois/Sparks,Peer-reviewed literature,75.75,318.05,160.73163825,2734.35,56.4,14.3,520.2,12.8265,10.0,12.0,4.25,2.1,28.35,0.0,6.0,4.25,0.0,10.25,79.117448275865,0.0,0.00026360258620674996,479.2,15.149999999999999,63.61,32.146327649999996,546.87,11.28,2.86,104.03999999999999,2.5653,2.0,2.4,0.8499999999999999,0.42,5.67,0.0,1.2,0.8499999999999999,0.0,2.05,15.823489655172999,0.0,5.2720517241349995e-05,95.83999999999999,8.58,28.068,19.376313179999997,590.4839999999999,5.664,1.032,45.647999999999996,1.04964,0.0,1.92,1.411,0.8148,1.468,0.0,0.96,1.411,0.0,1.0029999999999997,9.876394758620421,0.0,8.7516058620641e-05,100.608,62.0,80.0,157.0546,1464.2,14.0,4.0,121.0,2.44,0.0,4.0,5.0,14.0,14.0,0.0,2.0,5.0,0.0,5.0,28.665000000000003,0.0,0.000310120689655,213.0,70.0,87.0,173.054,1519.0,16.0,6.0,187.0,3.44,2.0,4.0,5.0,14.0,16.0,0.0,2.0,5.0,0.0,5.0,37.77,0.0,0.000310120689655,225.0,8.0,7.0,15.9994,54.8,2.0,2.0,66.0,1.0,2.0,0.0,0.0,0.0,2.0,0.0,0.0,0.0,0.0,0.0,9.105,0.0,0.0,12.0,8.0,87.0,15.9994,54.8,16.0,2.0,66.0,3.44,2.0,4.0,0.0,0.0,6.0,0.0,2.0,0.0,0.0,2.0,9.105,0.0,0.0,12.0
400,CaYb0.15Mn0.85O3,2.444826926,1,Mgaultois/Sparks,Peer-reviewed literature,75.75,318.05,160.73163825,2734.35,56.4,14.3,520.2,12.8265,10.0,12.0,4.25,2.1,28.35,0.0,6.0,4.25,0.0,10.25,79.117448275865,0.0,0.00026360258620674996,479.2,15.149999999999999,63.61,32.146327649999996,546.87,11.28,2.86,104.03999999999999,2.5653,2.0,2.4,0.8499999999999999,0.42,5.67,0.0,1.2,0.8499999999999999,0.0,2.05,15.823489655172999,0.0,5.2720517241349995e-05,95.83999999999999,8.58,28.068,19.376313179999997,590.4839999999999,5.664,1.032,45.647999999999996,1.04964,0.0,1.92,1.411,0.8148,1.468,0.0,0.96,1.411,0.0,1.0029999999999997,9.876394758620421,0.0,8.7516058620641e-05,100.608,62.0,80.0,157.0546,1464.2,14.0,4.0,121.0,2.44,0.0,4.0,5.0,14.0,14.0,0.0,2.0,5.0,0.0,5.0,28.665000000000003,0.0,0.000310120689655,213.0,70.0,87.0,173.054,1519.0,16.0,6.0,187.0,3.44,2.0,4.0,5.0,14.0,16.0,0.0,2.0,5.0,0.0,5.0,37.77,0.0,0.000310120689655,225.0,8.0,7.0,15.9994,54.8,2.0,2.0,66.0,1.0,2.0,0.0,0.0,0.0,2.0,0.0,0.0,0.0,0.0,0.0,9.105,0.0,0.0,12.0,8.0,87.0,15.9994,54.8,16.0,2.0,66.0,3.44,2.0,4.0,0.0,0.0,6.0,0.0,2.0,0.0,0.0,2.0,9.105,0.0,0.0,12.0
700,CaYb0.15Mn0.85O3,2.317299995,1,Mgaultois/Sparks,Peer-reviewed literature,75.75,318.05,160.73163825,2734.35,56.4,14.3,520.2,12.8265,10.0,12.0,4.25,2.1,28.35,0.0,6.0,4.25,0.0,10.25,79.117448275865,0.0,0.00026360258620674996,479.2,15.149999999999999,63.61,32.146327649999996,546.87,11.28,2.86,104.03999999999999,2.5653,2.0,2.4,0.8499999999999999,0.42,5.67,0.0,1.2,0.8499999999999999,0.0,2.05,15.823489655172999,0.0,5.2720517241349995e-05,95.83999999999999,8.58,28.068,19.376313179999997,590.4839999999999,5.664,1.032,45.647999999999996,1.04964,0.0,1.92,1.411,0.8148,1.468,0.0,0.96,1.411,0.0,1.0029999999999997,9.876394758620421,0.0,8.7516058620641e-05,100.608,62.0,80.0,157.0546,1464.2,14.0,4.0,121.0,2.44,0.0,4.0,5.0,14.0,14.0,0.0,2.0,5.0,0.0,5.0,28.665000000000003,0.0,0.000310120689655,213.0,70.0,87.0,173.054,1519.0,16.0,6.0,187.0,3.44,2.0,4.0,5.0,14.0,16.0,0.0,2.0,5.0,0.0,5.0,37.77,0.0,0.000310120689655,225.0,8.0,7.0,15.9994,54.8,2.0,2.0,66.0,1.0,2.0,0.0,0.0,0.0,2.0,0.0,0.0,0.0,0.0,0.0,9.105,0.0,0.0,12.0,8.0,87.0,15.9994,54.8,16.0,2.0,66.0,3.44,2.0,4.0,0.0,0.0,6.0,0.0,2.0,0.0,0.0,2.0,9.105,0.0,0.0,12.0
1000,CaYb0.15Mn0.85O3,2.224992814,1,Mgaultois/Sparks,Peer-reviewed literature,75.75,318.05,160.73163825,2734.35,56.4,14.3,520.2,12.8265,10.0,12.0,4.25,2.1,28.35,0.0,6.0,4.25,0.0,10.25,79.117448275865,0.0,0.00026360258620674996,479.2,15.149999999999999,63.61,32.146327649999996,546.87,11.28,2.86,104.03999999999999,2.5653,2.0,2.4,0.8499999999999999,0.42,5.67,0.0,1.2,0.8499999999999999,0.0,2.05,15.823489655172999,0.0,5.2720517241349995e-05,95.83999999999999,8.58,28.068,19.376313179999997,590.4839999999999,5.664,1.032,45.647999999999996,1.04964,0.0,1.92,1.411,0.8148,1.468,0.0,0.96,1.411,0.0,1.0029999999999997,9.876394758620421,0.0,8.7516058620641e-05,100.608,62.0,80.0,157.0546,1464.2,14.0,4.0,121.0,2.44,0.0,4.0,5.0,14.0,14.0,0.0,2.0,5.0,0.0,5.0,28.665000000000003,0.0,0.000310120689655,213.0,70.0,87.0,173.054,1519.0,16.0,6.0,187.0,3.44,2.0,4.0,5.0,14.0,16.0,0.0,2.0,5.0,0.0,5.0,37.77,0.0,0.000310120689655,225.0,8.0,7.0,15.9994,54.8,2.0,2.0,66.0,1.0,2.0,0.0,0.0,0.0,2.0,0.0,0.0,0.0,0.0,0.0,9.105,0.0,0.0,12.0,8.0,87.0,15.9994,54.8,16.0,2.0,66.0,3.44,2.0,4.0,0.0,0.0,6.0,0.0,2.0,0.0,0.0,2.0,9.105,0.0,0.0,12.0
300,CaYb0.4Mn0.6O3,1.817588201,0,Mgaultois/Sparks,Peer-reviewed literature,87.0,314.8,190.260627,2627.6,55.4,14.8,532.2,12.754000000000001,10.0,12.0,3.0,5.6000000000000005,30.6,0.0,6.0,3.0,0.0,9.0,85.02555172414,0.0,0.000186072413793,481.2,17.400000000000002,62.959999999999994,38.0521254,525.52,11.08,2.96,106.44,2.5508,2.0,2.4,0.6,1.12,6.119999999999999,0.0,1.2,0.6,0.0,1.7999999999999998,17.005110344828,0.0,3.7214482758599995e-05,96.24,11.280000000000001,28.848000000000003,26.46327048,564.864,5.904,1.1520000000000001,48.528,1.06704,0.0,1.92,1.056,2.0608,1.7919999999999996,0.0,0.96,1.056,0.0,1.008,11.04433820689632,0.0,6.549748965513599e-05,101.088,62.0,80.0,157.0546,1464.2,14.0,4.0,121.0,2.44,0.0,4.0,5.0,14.0,14.0,0.0,2.0,5.0,0.0,5.0,28.665000000000003,0.0,0.000310120689655,213.0,70.0,87.0,173.054,1519.0,16.0,6.0,187.0,3.44,2.0,4.0,5.0,14.0,16.0,0.0,2.0,5.0,0.0,5.0,37.77,0.0,0.000310120689655,225.0,8.0,7.0,15.9994,54.8,2.0,2.0,66.0,1.0,2.0,0.0,0.0,0.0,2.0,0.0,0.0,0.0,0.0,0.0,9.105,0.0,0.0,12.0,8.0,87.0,15.9994,54.8,16.0,2.0,66.0,3.44,2.0,4.0,0.0,0.0,6.0,0.0,2.0,0.0,0.0,2.0,9.105,0.0,0.0,12.0
400,CaYb0.4Mn0.6O3,1.917889926,0,Mgaultois/Sparks,Peer-reviewed literature,87.0,314.8,190.260627,2627.6,55.4,14.8,532.2,12.754000000000001,10.0,12.0,3.0,5.6000000000000005,30.6,0.0,6.0,3.0,0.0,9.0,85.02555172414,0.0,0.000186072413793,481.2,17.400000000000002,62.959999999999994,38.0521254,525.52,11.08,2.96,106.44,2.5508,2.0,2.4,0.6,1.12,6.119999999999999,0.0,1.2,0.6,0.0,1.7999999999999998,17.005110344828,0.0,3.7214482758599995e-05,96.24,11.280000000000001,28.848000000000003,26.46327048,564.864,5.904,1.1520000000000001,48.528,1.06704,0.0,1.92,1.056,2.0608,1.7919999999999996,0.0,0.96,1.056,0.0,1.008,11.04433820689632,0.0,6.549748965513599e-05,101.088,62.0,80.0,157.0546,1464.2,14.0,4.0,121.0,2.44,0.0,4.0,5.0,14.0,14.0,0.0,2.0,5.0,0.0,5.0,28.665000000000003,0.0,0.000310120689655,213.0,70.0,87.0,173.054,1519.0,16.0,6.0,187.0,3.44,2.0,4.0,5.0,14.0,16.0,0.0,2.0,5.0,0.0,5.0,37.77,0.0,0.000310120689655,225.0,8.0,7.0,15.9994,54.8,2.0,2.0,66.0,1.0,2.0,0.0,0.0,0.0,2.0,0.0,0.0,0.0,0.0,0.0,9.105,0.0,0.0,12.0,8.0,87.0,15.9994,54.8,16.0,2.0,66.0,3.44,2.0,4.0,0.0,0.0,6.0,0.0,2.0,0.0,0.0,2.0,9.105,0.0,0.0,12.0
700,CaYb0.4Mn0.6O3,1.973953189,0,Mgaultois/Sparks,Peer-reviewed literature,87.0,314.8,190.260627,2627.6,55.4,14.8,532.2,12.754000000000001,10.0,12.0,3.0,5.6000000000000005,30.6,0.0,6.0,3.0,0.0,9.0,85.02555172414,0.0,0.000186072413793,481.2,17.400000000000002,62.959999999999994,38.0521254,525.52,11.08,2.96,106.44,2.5508,2.0,2.4,0.6,1.12,6.119999999999999,0.0,1.2,0.6,0.0,1.7999999999999998,17.005110344828,0.0,3.7214482758599995e-05,96.24,11.280000000000001,28.848000000000003,26.46327048,564.864,5.904,1.1520000000000001,48.528,1.06704,0.0,1.92,1.056,2.0608,1.7919999999999996,0.0,0.96,1.056,0.0,1.008,11.04433820689632,0.0,6.549748965513599e-05,101.088,62.0,80.0,157.0546,1464.2,14.0,4.0,121.0,2.44,0.0,4.0,5.0,14.0,14.0,0.0,2.0,5.0,0.0,5.0,28.665000000000003,0.0,0.000310120689655,213.0,70.0,87.0,173.054,1519.0,16.0,6.0,187.0,3.44,2.0,4.0,5.0,14.0,16.0,0.0,2.0,5.0,0.0,5.0,37.77,0.0,0.000310120689655,225.0,8.0,7.0,15.9994,54.8,2.0,2.0,66.0,1.0,2.0,0.0,0.0,0.0,2.0,0.0,0.0,0.0,0.0,0.0,9.105,0.0,0.0,12.0,8.0,87.0,15.9994,54.8,16.0,2.0,66.0,3.44,2.0,4.0,0.0,0.0,6.0,0.0,2.0,0.0,0.0,2.0,9.105,0.0,0.0,12.0
1000,CaYb0.4Mn0.6O3,1.955483758,0,Mgaultois/Sparks,Peer-reviewed literature,87.0,314.8,190.260627,2627.6,55.4,14.8,532.2,12.754000000000001,10.0,12.0,3.0,5.6000000000000005,30.6,0.0,6.0,3.0,0.0,9.0,85.02555172414,0.0,0.000186072413793,481.2,17.400000000000002,62.959999999999994,38.0521254,525.52,11.08,2.96,106.44,2.5508,2.0,2.4,0.6,1.12,6.119999999999999,0.0,1.2,0.6,0.0,1.7999999999999998,17.005110344828,0.0,3.7214482758599995e-05,96.24,11.280000000000001,28.848000000000003,26.46327048,564.864,5.904,1.1520000000000001,48.528,1.06704,0.0,1.92,1.056,2.0608,1.7919999999999996,0.0,0.96,1.056,0.0,1.008,11.04433820689632,0.0,6.549748965513599e-05,101.088,62.0,80.0,157.0546,1464.2,14.0,4.0,121.0,2.44,0.0,4.0,5.0,14.0,14.0,0.0,2.0,5.0,0.0,5.0,28.665000000000003,0.0,0.000310120689655,213.0,70.0,87.0,173.054,1519.0,16.0,6.0,187.0,3.44,2.0,4.0,5.0,14.0,16.0,0.0,2.0,5.0,0.0,5.0,37.77,0.0,0.000310120689655,225.0,8.0,7.0,15.9994,54.8,2.0,2.0,66.0,1.0,2.0,0.0,0.0,0.0,2.0,0.0,0.0,0.0,0.0,0.0,9.105,0.0,0.0,12.0,8.0,87.0,15.9994,54.8,16.0,2.0,66.0,3.44,2.0,4.0,0.0,0.0,6.0,0.0,2.0,0.0,0.0,2.0,9.105,0.0,0.0,12.0
300,In2O3,1.869049007,1,Mgaultois/Sparks,Peer-reviewed literature,122.0,411.0,277.63419999999996,1023.9,74.0,16.0,482.0,13.88,10.0,14.0,20.0,0.0,44.0,0.0,16.0,0.0,0.0,16.0,75.83500000000001,0.0,0.0,314.0,24.400000000000002,82.19999999999999,55.52684,204.78,14.8,3.2,96.4,2.7760000000000002,2.0,2.8,4.0,0.0,8.8,0.0,3.2,0.0,0.0,3.2,15.167000000000002,0.0,0.0,62.8,19.68,5.760000000000002,47.432928000000004,179.976,1.44,1.44,36.480000000000004,0.7968,0.0,1.44,4.800000000000001,0.0,3.3600000000000003,0.0,1.44,0.0,0.0,1.44,7.2744,0.0,0.0,60.96,41.0,12.0,98.8186,374.95,3.0,3.0,76.0,1.66,0.0,3.0,10.0,0.0,7.0,0.0,3.0,0.0,0.0,3.0,15.155000000000001,0.0,0.0,127.0,49.0,87.0,114.818,429.75,16.0,5.0,142.0,3.44,2.0,4.0,10.0,0.0,13.0,0.0,5.0,0.0,0.0,5.0,24.26,0.0,0.0,139.0,8.0,75.0,15.9994,54.8,13.0,2.0,66.0,1.78,2.0,1.0,0.0,0.0,6.0,0.0,2.0,0.0,0.0,2.0,9.105,0.0,0.0,12.0,8.0,87.0,15.9994,54.8,16.0,2.0,66.0,3.44,2.0,4.0,0.0,0.0,6.0,0.0,2.0,0.0,0.0,2.0,9.105,0.0,0.0,12.0
400,In2O3,1.825396574,1,Mgaultois/Sparks,Peer-reviewed literature,122.0,411.0,277.63419999999996,1023.9,74.0,16.0,482.0,13.88,10.0,14.0,20.0,0.0,44.0,0.0,16.0,0.0,0.0,16.0,75.83500000000001,0.0,0.0,314.0,24.400000000000002,82.19999999999999,55.52684,204.78,14.8,3.2,96.4,2.7760000000000002,2.0,2.8,4.0,0.0,8.8,0.0,3.2,0.0,0.0,3.2,15.167000000000002,0.0,0.0,62.8,19.68,5.760000000000002,47.432928000000004,179.976,1.44,1.44,36.480000000000004,0.7968,0.0,1.44,4.800000000000001,0.0,3.3600000000000003,0.0,1.44,0.0,0.0,1.44,7.2744,0.0,0.0,60.96,41.0,12.0,98.8186,374.95,3.0,3.0,76.0,1.66,0.0,3.0,10.0,0.0,7.0,0.0,3.0,0.0,0.0,3.0,15.155000000000001,0.0,0.0,127.0,49.0,87.0,114.818,429.75,16.0,5.0,142.0,3.44,2.0,4.0,10.0,0.0,13.0,0.0,5.0,0.0,0.0,5.0,24.26,0.0,0.0,139.0,8.0,75.0,15.9994,54.8,13.0,2.0,66.0,1.78,2.0,1.0,0.0,0.0,6.0,0.0,2.0,0.0,0.0,2.0,9.105,0.0,0.0,12.0,8.0,87.0,15.9994,54.8,16.0,2.0,66.0,3.44,2.0,4.0,0.0,0.0,6.0,0.0,2.0,0.0,0.0,2.0,9.105,0.0,0.0,12.0
700,In2O3,1.710317421,1,Mgaultois/Sparks,Peer-reviewed literature,122.0,411.0,277.63419999999996,1023.9,74.0,16.0,482.0,13.88,10.0,14.0,20.0,0.0,44.0,0.0,16.0,0.0,0.0,16.0,75.83500000000001,0.0,0.0,314.0,24.400000000000002,82.19999999999999,55.52684,204.78,14.8,3.2,96.4,2.7760000000000002,2.0,2.8,4.0,0.0,8.8,0.0,3.2,0.0,0.0,3.2,15.167000000000002,0.0,0.0,62.8,19.68,5.760000000000002,47.432928000000004,179.976,1.44,1.44,36.480000000000004,0.7968,0.0,1.44,4.800000000000001,0.0,3.3600000000000003,0.0,1.44,0.0,0.0,1.44,7.2744,0.0,0.0,60.96,41.0,12.0,98.8186,374.95,3.0,3.0,76.0,1.66,0.0,3.0,10.0,0.0,7.0,0.0,3.0,0.0,0.0,3.0,15.155000000000001,0.0,0.0,127.0,49.0,87.0,114.818,429.75,16.0,5.0,142.0,3.44,2.0,4.0,10.0,0.0,13.0,0.0,5.0,0.0,0.0,5.0,24.26,0.0,0.0,139.0,8.0,75.0,15.9994,54.8,13.0,2.0,66.0,1.78,2.0,1.0,0.0,0.0,6.0,0.0,2.0,0.0,0.0,2.0,9.105,0.0,0.0,12.0,8.0,87.0,15.9994,54.8,16.0,2.0,66.0,3.44,2.0,4.0,0.0,0.0,6.0,0.0,2.0,0.0,0.0,2.0,9.105,0.0,0.0,12.0
1000,In2O3,1.638888166,1,Mgaultois/Sparks,Peer-reviewed literature,122.0,411.0,277.63419999999996,1023.9,74.0,16.0,482.0,13.88,10.0,14.0,20.0,0.0,44.0,0.0,16.0,0.0,0.0,16.0,75.83500000000001,0.0,0.0,314.0,24.400000000000002,82.19999999999999,55.52684,204.78,14.8,3.2,96.4,2.7760000000000002,2.0,2.8,4.0,0.0,8.8,0.0,3.2,0.0,0.0,3.2,15.167000000000002,0.0,0.0,62.8,19.68,5.760000000000002,47.432928000000004,179.976,1.44,1.44,36.480000000000004,0.7968,0.0,1.44,4.800000000000001,0.0,3.3600000000000003,0.0,1.44,0.0,0.0,1.44,7.2744,0.0,0.0,60.96,41.0,12.0,98.8186,374.95,3.0,3.0,76.0,1.66,0.0,3.0,10.0,0.0,7.0,0.0,3.0,0.0,0.0,3.0,15.155000000000001,0.0,0.0,127.0,49.0,87.0,114.818,429.75,16.0,5.0,142.0,3.44,2.0,4.0,10.0,0.0,13.0,0.0,5.0,0.0,0.0,5.0,24.26,0.0,0.0,139.0,8.0,75.0,15.9994,54.8,13.0,2.0,66.0,1.78,2.0,1.0,0.0,0.0,6.0,0.0,2.0,0.0,0.0,2.0,9.105,0.0,0.0,12.0,8.0,87.0,15.9994,54.8,16.0,2.0,66.0,3.44,2.0,4.0,0.0,0.0,6.0,0.0,2.0,0.0,0.0,2.0,9.105,0.0,0.0,12.0
300,In1.998Ge0.002O3,2.676587003,1,Mgaultois/Sparks,Peer-reviewed literature,121.966,411.008,277.549844,1025.4633,74.002,15.998,481.956,13.880460000000001,10.0,14.001999999999999,20.0,0.0,44.001999999999995,0.0,15.998,0.0,0.0,15.998,75.83249,0.0007660000000000001,0.0,314.17199999999997,24.3932,82.2016,55.509968799999996,205.09266,14.8004,3.1996,96.3912,2.7760920000000002,2.0,2.8004,4.0,0.0,8.8004,0.0,3.1996,0.0,0.0,3.1996,15.166498,0.0001532,0.0,62.8344,19.67184,5.75808,47.41268255999999,180.351192,1.43952,1.43952,36.469440000000006,0.7966895999999999,0.0,1.43952,4.800000000000001,0.0,3.36048,0.0,1.43952,0.0,0.0,1.43952,7.2737976,0.00030627744,0.0,61.00128,41.0,12.0,98.8186,1156.6000000000001,3.0,3.0,76.0,1.66,0.0,3.0,10.0,0.0,8.0,0.0,3.0,0.0,0.0,3.0,15.155000000000001,0.383,0.0,213.0,49.0,87.0,114.818,1211.4,16.0,5.0,142.0,3.44,2.0,4.0,10.0,0.0,14.0,0.0,5.0,0.0,0.0,5.0,24.26,0.383,0.0,225.0,8.0,75.0,15.9994,54.8,13.0,2.0,66.0,1.78,2.0,1.0,0.0,0.0,6.0,0.0,2.0,0.0,0.0,2.0,9.105,0.0,0.0,12.0,8.0,87.0,15.9994,54.8,16.0,2.0,66.0,3.44,2.0,4.0,0.0,0.0,6.0,0.0,2.0,0.0,0.0,2.0,9.105,0.0,0.0,12.0
400,In1.998Ge0.002O3,2.628969101,1,Mgaultois/Sparks,Peer-reviewed literature,121.966,411.008,277.549844,1025.4633,74.002,15.998,481.956,13.880460000000001,10.0,14.001999999999999,20.0,0.0,44.001999999999995,0.0,15.998,0.0,0.0,15.998,75.83249,0.0007660000000000001,0.0,314.17199999999997,24.3932,82.2016,55.509968799999996,205.09266,14.8004,3.1996,96.3912,2.7760920000000002,2.0,2.8004,4.0,0.0,8.8004,0.0,3.1996,0.0,0.0,3.1996,15.166498,0.0001532,0.0,62.8344,19.67184,5.75808,47.41268255999999,180.351192,1.43952,1.43952,36.469440000000006,0.7966895999999999,0.0,1.43952,4.800000000000001,0.0,3.36048,0.0,1.43952,0.0,0.0,1.43952,7.2737976,0.00030627744,0.0,61.00128,41.0,12.0,98.8186,1156.6000000000001,3.0,3.0,76.0,1.66,0.0,3.0,10.0,0.0,8.0,0.0,3.0,0.0,0.0,3.0,15.155000000000001,0.383,0.0,213.0,49.0,87.0,114.818,1211.4,16.0,5.0,142.0,3.44,2.0,4.0,10.0,0.0,14.0,0.0,5.0,0.0,0.0,5.0,24.26,0.383,0.0,225.0,8.0,75.0,15.9994,54.8,13.0,2.0,66.0,1.78,2.0,1.0,0.0,0.0,6.0,0.0,2.0,0.0,0.0,2.0,9.105,0.0,0.0,12.0,8.0,87.0,15.9994,54.8,16.0,2.0,66.0,3.44,2.0,4.0,0.0,0.0,6.0,0.0,2.0,0.0,0.0,2.0,9.105,0.0,0.0,12.0
700,In1.998Ge0.002O3,2.472221923,1,Mgaultois/Sparks,Peer-reviewed literature,121.966,411.008,277.549844,1025.4633,74.002,15.998,481.956,13.880460000000001,10.0,14.001999999999999,20.0,0.0,44.001999999999995,0.0,15.998,0.0,0.0,15.998,75.83249,0.0007660000000000001,0.0,314.17199999999997,24.3932,82.2016,55.509968799999996,205.09266,14.8004,3.1996,96.3912,2.7760920000000002,2.0,2.8004,4.0,0.0,8.8004,0.0,3.1996,0.0,0.0,3.1996,15.166498,0.0001532,0.0,62.8344,19.67184,5.75808,47.41268255999999,180.351192,1.43952,1.43952,36.469440000000006,0.7966895999999999,0.0,1.43952,4.800000000000001,0.0,3.36048,0.0,1.43952,0.0,0.0,1.43952,7.2737976,0.00030627744,0.0,61.00128,41.0,12.0,98.8186,1156.6000000000001,3.0,3.0,76.0,1.66,0.0,3.0,10.0,0.0,8.0,0.0,3.0,0.0,0.0,3.0,15.155000000000001,0.383,0.0,213.0,49.0,87.0,114.818,1211.4,16.0,5.0,142.0,3.44,2.0,4.0,10.0,0.0,14.0,0.0,5.0,0.0,0.0,5.0,24.26,0.383,0.0,225.0,8.0,75.0,15.9994,54.8,13.0,2.0,66.0,1.78,2.0,1.0,0.0,0.0,6.0,0.0,2.0,0.0,0.0,2.0,9.105,0.0,0.0,12.0,8.0,87.0,15.9994,54.8,16.0,2.0,66.0,3.44,2.0,4.0,0.0,0.0,6.0,0.0,2.0,0.0,0.0,2.0,9.105,0.0,0.0,12.0
1000,In1.998Ge0.002O3,2.347221998,1,Mgaultois/Sparks,Peer-reviewed literature,121.966,411.008,277.549844,1025.4633,74.002,15.998,481.956,13.880460000000001,10.0,14.001999999999999,20.0,0.0,44.001999999999995,0.0,15.998,0.0,0.0,15.998,75.83249,0.0007660000000000001,0.0,314.17199999999997,24.3932,82.2016,55.509968799999996,205.09266,14.8004,3.1996,96.3912,2.7760920000000002,2.0,2.8004,4.0,0.0,8.8004,0.0,3.1996,0.0,0.0,3.1996,15.166498,0.0001532,0.0,62.8344,19.67184,5.75808,47.41268255999999,180.351192,1.43952,1.43952,36.469440000000006,0.7966895999999999,0.0,1.43952,4.800000000000001,0.0,3.36048,0.0,1.43952,0.0,0.0,1.43952,7.2737976,0.00030627744,0.0,61.00128,41.0,12.0,98.8186,1156.6000000000001,3.0,3.0,76.0,1.66,0.0,3.0,10.0,0.0,8.0,0.0,3.0,0.0,0.0,3.0,15.155000000000001,0.383,0.0,213.0,49.0,87.0,114.818,1211.4,16.0,5.0,142.0,3.44,2.0,4.0,10.0,0.0,14.0,0.0,5.0,0.0,0.0,5.0,24.26,0.383,0.0,225.0,8.0,75.0,15.9994,54.8,13.0,2.0,66.0,1.78,2.0,1.0,0.0,0.0,6.0,0.0,2.0,0.0,0.0,2.0,9.105,0.0,0.0,12.0,8.0,87.0,15.9994,54.8,16.0,2.0,66.0,3.44,2.0,4.0,0.0,0.0,6.0,0.0,2.0,0.0,0.0,2.0,9.105,0.0,0.0,12.0
300,In1.994Ge0.006O3,3.077380923,1,Mgaultois/Sparks,Peer-reviewed literature,121.898,411.024,277.381132,1028.5899,74.006,15.994,481.86800000000005,13.88138,10.0,14.006,20.0,0.0,44.006,0.0,15.994,0.0,0.0,15.994,75.82747,0.002298,0.0,314.516,24.3796,82.20479999999999,55.476226399999994,205.71797999999998,14.8012,3.1988,96.3736,2.776276,2.0,2.8011999999999997,4.0,0.0,8.8012,0.0,3.1988,0.0,0.0,3.1988,15.165494000000002,0.00045960000000000006,0.0,62.9032,19.65552,5.754240000000001,47.37219168,181.10157600000002,1.4385599999999998,1.4385599999999998,36.448319999999995,0.7964687999999999,0.0,1.4385599999999998,4.8,0.0,3.36144,0.0,1.4385599999999998,0.0,0.0,1.4385599999999998,7.2725928,0.00091809696,0.0,61.083839999999995,41.0,12.0,98.8186,1156.6000000000001,3.0,3.0,76.0,1.66,0.0,3.0,10.0,0.0,8.0,0.0,3.0,0.0,0.0,3.0,15.155000000000001,0.383,0.0,213.0,49.0,87.0,114.818,1211.4,16.0,5.0,142.0,3.44,2.0,4.0,10.0,0.0,14.0,0.0,5.0,0.0,0.0,5.0,24.26,0.383,0.0,225.0,8.0,75.0,15.9994,54.8,13.0,2.0,66.0,1.78,2.0,1.0,0.0,0.0,6.0,0.0,2.0,0.0,0.0,2.0,9.105,0.0,0.0,12.0,8.0,87.0,15.9994,54.8,16.0,2.0,66.0,3.44,2.0,4.0,0.0,0.0,6.0,0.0,2.0,0.0,0.0,2.0,9.105,0.0,0.0,12.0
400,In1.994Ge0.006O3,3.025793756,1,Mgaultois/Sparks,Peer-reviewed literature,121.898,411.024,277.381132,1028.5899,74.006,15.994,481.86800000000005,13.88138,10.0,14.006,20.0,0.0,44.006,0.0,15.994,0.0,0.0,15.994,75.82747,0.002298,0.0,314.516,24.3796,82.20479999999999,55.476226399999994,205.71797999999998,14.8012,3.1988,96.3736,2.776276,2.0,2.8011999999999997,4.0,0.0,8.8012,0.0,3.1988,0.0,0.0,3.1988,15.165494000000002,0.00045960000000000006,0.0,62.9032,19.65552,5.754240000000001,47.37219168,181.10157600000002,1.4385599999999998,1.4385599999999998,36.448319999999995,0.7964687999999999,0.0,1.4385599999999998,4.8,0.0,3.36144,0.0,1.4385599999999998,0.0,0.0,1.4385599999999998,7.2725928,0.00091809696,0.0,61.083839999999995,41.0,12.0,98.8186,1156.6000000000001,3.0,3.0,76.0,1.66,0.0,3.0,10.0,0.0,8.0,0.0,3.0,0.0,0.0,3.0,15.155000000000001,0.383,0.0,213.0,49.0,87.0,114.818,1211.4,16.0,5.0,142.0,3.44,2.0,4.0,10.0,0.0,14.0,0.0,5.0,0.0,0.0,5.0,24.26,0.383,0.0,225.0,8.0,75.0,15.9994,54.8,13.0,2.0,66.0,1.78,2.0,1.0,0.0,0.0,6.0,0.0,2.0,0.0,0.0,2.0,9.105,0.0,0.0,12.0,8.0,87.0,15.9994,54.8,16.0,2.0,66.0,3.44,2.0,4.0,0.0,0.0,6.0,0.0,2.0,0.0,0.0,2.0,9.105,0.0,0.0,12.0
700,In1.994Ge0.006O3,2.888888776,1,Mgaultois/Sparks,Peer-reviewed literature,121.898,411.024,277.381132,1028.5899,74.006,15.994,481.86800000000005,13.88138,10.0,14.006,20.0,0.0,44.006,0.0,15.994,0.0,0.0,15.994,75.82747,0.002298,0.0,314.516,24.3796,82.20479999999999,55.476226399999994,205.71797999999998,14.8012,3.1988,96.3736,2.776276,2.0,2.8011999999999997,4.0,0.0,8.8012,0.0,3.1988,0.0,0.0,3.1988,15.165494000000002,0.00045960000000000006,0.0,62.9032,19.65552,5.754240000000001,47.37219168,181.10157600000002,1.4385599999999998,1.4385599999999998,36.448319999999995,0.7964687999999999,0.0,1.4385599999999998,4.8,0.0,3.36144,0.0,1.4385599999999998,0.0,0.0,1.4385599999999998,7.2725928,0.00091809696,0.0,61.083839999999995,41.0,12.0,98.8186,1156.6000000000001,3.0,3.0,76.0,1.66,0.0,3.0,10.0,0.0,8.0,0.0,3.0,0.0,0.0,3.0,15.155000000000001,0.383,0.0,213.0,49.0,87.0,114.818,1211.4,16.0,5.0,142.0,3.44,2.0,4.0,10.0,0.0,14.0,0.0,5.0,0.0,0.0,5.0,24.26,0.383,0.0,225.0,8.0,75.0,15.9994,54.8,13.0,2.0,66.0,1.78,2.0,1.0,0.0,0.0,6.0,0.0,2.0,0.0,0.0,2.0,9.105,0.0,0.0,12.0,8.0,87.0,15.9994,54.8,16.0,2.0,66.0,3.44,2.0,4.0,0.0,0.0,6.0,0.0,2.0,0.0,0.0,2.0,9.105,0.0,0.0,12.0
1000,In1.994Ge0.006O3,2.773810097,1,Mgaultois/Sparks,Peer-reviewed literature,121.898,411.024,277.381132,1028.5899,74.006,15.994,481.86800000000005,13.88138,10.0,14.006,20.0,0.0,44.006,0.0,15.994,0.0,0.0,15.994,75.82747,0.002298,0.0,314.516,24.3796,82.20479999999999,55.476226399999994,205.71797999999998,14.8012,3.1988,96.3736,2.776276,2.0,2.8011999999999997,4.0,0.0,8.8012,0.0,3.1988,0.0,0.0,3.1988,15.165494000000002,0.00045960000000000006,0.0,62.9032,19.65552,5.754240000000001,47.37219168,181.10157600000002,1.4385599999999998,1.4385599999999998,36.448319999999995,0.7964687999999999,0.0,1.4385599999999998,4.8,0.0,3.36144,0.0,1.4385599999999998,0.0,0.0,1.4385599999999998,7.2725928,0.00091809696,0.0,61.083839999999995,41.0,12.0,98.8186,1156.6000000000001,3.0,3.0,76.0,1.66,0.0,3.0,10.0,0.0,8.0,0.0,3.0,0.0,0.0,3.0,15.155000000000001,0.383,0.0,213.0,49.0,87.0,114.818,1211.4,16.0,5.0,142.0,3.44,2.0,4.0,10.0,0.0,14.0,0.0,5.0,0.0,0.0,5.0,24.26,0.383,0.0,225.0,8.0,75.0,15.9994,54.8,13.0,2.0,66.0,1.78,2.0,1.0,0.0,0.0,6.0,0.0,2.0,0.0,0.0,2.0,9.105,0.0,0.0,12.0,8.0,87.0,15.9994,54.8,16.0,2.0,66.0,3.44,2.0,4.0,0.0,0.0,6.0,0.0,2.0,0.0,0.0,2.0,9.105,0.0,0.0,12.0
300,In1.985Ge0.015O3,3.140873116,1,Mgaultois/Sparks,Peer-reviewed literature,121.745,411.06,277.00153,1035.62475,74.015,15.985000000000001,481.67,13.88345,10.0,14.015,20.0,0.0,44.015,0.0,15.985000000000001,0.0,0.0,15.985000000000001,75.816175,0.005745,0.0,315.29,24.349,82.21199999999999,55.400306,207.12494999999998,14.803,3.197,96.334,2.7766900000000003,2.0,2.803,4.0,0.0,8.803,0.0,3.197,0.0,0.0,3.197,15.163235,0.001149,0.0,63.05799999999999,19.6188,5.745600000000002,47.2810872,182.78994,1.4364,1.4364,36.400800000000004,0.7959719999999999,0.0,1.4364,4.8,0.0,3.3636,0.0,1.4364,0.0,0.0,1.4364,7.269882,0.0022911060000000002,0.0,61.2696,41.0,12.0,98.8186,1156.6000000000001,3.0,3.0,76.0,1.66,0.0,3.0,10.0,0.0,8.0,0.0,3.0,0.0,0.0,3.0,15.155000000000001,0.383,0.0,213.0,49.0,87.0,114.818,1211.4,16.0,5.0,142.0,3.44,2.0,4.0,10.0,0.0,14.0,0.0,5.0,0.0,0.0,5.0,24.26,0.383,0.0,225.0,8.0,75.0,15.9994,54.8,13.0,2.0,66.0,1.78,2.0,1.0,0.0,0.0,6.0,0.0,2.0,0.0,0.0,2.0,9.105,0.0,0.0,12.0,8.0,87.0,15.9994,54.8,16.0,2.0,66.0,3.44,2.0,4.0,0.0,0.0,6.0,0.0,2.0,0.0,0.0,2.0,9.105,0.0,0.0,12.0
400,In1.985Ge0.015O3,3.087301385,1,Mgaultois/Sparks,Peer-reviewed literature,121.745,411.06,277.00153,1035.62475,74.015,15.985000000000001,481.67,13.88345,10.0,14.015,20.0,0.0,44.015,0.0,15.985000000000001,0.0,0.0,15.985000000000001,75.816175,0.005745,0.0,315.29,24.349,82.21199999999999,55.400306,207.12494999999998,14.803,3.197,96.334,2.7766900000000003,2.0,2.803,4.0,0.0,8.803,0.0,3.197,0.0,0.0,3.197,15.163235,0.001149,0.0,63.05799999999999,19.6188,5.745600000000002,47.2810872,182.78994,1.4364,1.4364,36.400800000000004,0.7959719999999999,0.0,1.4364,4.8,0.0,3.3636,0.0,1.4364,0.0,0.0,1.4364,7.269882,0.0022911060000000002,0.0,61.2696,41.0,12.0,98.8186,1156.6000000000001,3.0,3.0,76.0,1.66,0.0,3.0,10.0,0.0,8.0,0.0,3.0,0.0,0.0,3.0,15.155000000000001,0.383,0.0,213.0,49.0,87.0,114.818,1211.4,16.0,5.0,142.0,3.44,2.0,4.0,10.0,0.0,14.0,0.0,5.0,0.0,0.0,5.0,24.26,0.383,0.0,225.0,8.0,75.0,15.9994,54.8,13.0,2.0,66.0,1.78,2.0,1.0,0.0,0.0,6.0,0.0,2.0,0.0,0.0,2.0,9.105,0.0,0.0,12.0,8.0,87.0,15.9994,54.8,16.0,2.0,66.0,3.44,2.0,4.0,0.0,0.0,6.0,0.0,2.0,0.0,0.0,2.0,9.105,0.0,0.0,12.0
700,In1.985Ge0.015O3,2.946429891,1,Mgaultois/Sparks,Peer-reviewed literature,121.745,411.06,277.00153,1035.62475,74.015,15.985000000000001,481.67,13.88345,10.0,14.015,20.0,0.0,44.015,0.0,15.985000000000001,0.0,0.0,15.985000000000001,75.816175,0.005745,0.0,315.29,24.349,82.21199999999999,55.400306,207.12494999999998,14.803,3.197,96.334,2.7766900000000003,2.0,2.803,4.0,0.0,8.803,0.0,3.197,0.0,0.0,3.197,15.163235,0.001149,0.0,63.05799999999999,19.6188,5.745600000000002,47.2810872,182.78994,1.4364,1.4364,36.400800000000004,0.7959719999999999,0.0,1.4364,4.8,0.0,3.3636,0.0,1.4364,0.0,0.0,1.4364,7.269882,0.0022911060000000002,0.0,61.2696,41.0,12.0,98.8186,1156.6000000000001,3.0,3.0,76.0,1.66,0.0,3.0,10.0,0.0,8.0,0.0,3.0,0.0,0.0,3.0,15.155000000000001,0.383,0.0,213.0,49.0,87.0,114.818,1211.4,16.0,5.0,142.0,3.44,2.0,4.0,10.0,0.0,14.0,0.0,5.0,0.0,0.0,5.0,24.26,0.383,0.0,225.0,8.0,75.0,15.9994,54.8,13.0,2.0,66.0,1.78,2.0,1.0,0.0,0.0,6.0,0.0,2.0,0.0,0.0,2.0,9.105,0.0,0.0,12.0,8.0,87.0,15.9994,54.8,16.0,2.0,66.0,3.44,2.0,4.0,0.0,0.0,6.0,0.0,2.0,0.0,0.0,2.0,9.105,0.0,0.0,12.0
1000,In1.985Ge0.015O3,2.843254037,1,Mgaultois/Sparks,Peer-reviewed literature,121.745,411.06,277.00153,1035.62475,74.015,15.985000000000001,481.67,13.88345,10.0,14.015,20.0,0.0,44.015,0.0,15.985000000000001,0.0,0.0,15.985000000000001,75.816175,0.005745,0.0,315.29,24.349,82.21199999999999,55.400306,207.12494999999998,14.803,3.197,96.334,2.7766900000000003,2.0,2.803,4.0,0.0,8.803,0.0,3.197,0.0,0.0,3.197,15.163235,0.001149,0.0,63.05799999999999,19.6188,5.745600000000002,47.2810872,182.78994,1.4364,1.4364,36.400800000000004,0.7959719999999999,0.0,1.4364,4.8,0.0,3.3636,0.0,1.4364,0.0,0.0,1.4364,7.269882,0.0022911060000000002,0.0,61.2696,41.0,12.0,98.8186,1156.6000000000001,3.0,3.0,76.0,1.66,0.0,3.0,10.0,0.0,8.0,0.0,3.0,0.0,0.0,3.0,15.155000000000001,0.383,0.0,213.0,49.0,87.0,114.818,1211.4,16.0,5.0,142.0,3.44,2.0,4.0,10.0,0.0,14.0,0.0,5.0,0.0,0.0,5.0,24.26,0.383,0.0,225.0,8.0,75.0,15.9994,54.8,13.0,2.0,66.0,1.78,2.0,1.0,0.0,0.0,6.0,0.0,2.0,0.0,0.0,2.0,9.105,0.0,0.0,12.0,8.0,87.0,15.9994,54.8,16.0,2.0,66.0,3.44,2.0,4.0,0.0,0.0,6.0,0.0,2.0,0.0,0.0,2.0,9.105,0.0,0.0,12.0
300,In1.94Ge0.06O3,3.047618806,1,Mgaultois/Sparks,Peer-reviewed literature,120.98,411.24,275.10352,1070.799,74.06,15.94,480.68,13.8938,10.0,14.06,20.0,0.0,44.06,0.0,15.94,0.0,0.0,15.94,75.7597,0.02298,0.0,319.15999999999997,24.196,82.24799999999999,55.020704,214.1598,14.812000000000001,3.1879999999999997,96.136,2.77876,2.0,2.812,4.0,0.0,8.812000000000001,0.0,3.1879999999999997,0.0,0.0,3.1879999999999997,15.15194,0.004596,0.0,63.83200000000001,19.435200000000002,5.702400000000003,46.8255648,191.23176,1.4255999999999998,1.4255999999999998,36.1632,0.793488,0.0,1.4256,4.800000000000001,0.0,3.3744000000000005,0.0,1.4255999999999998,0.0,0.0,1.4255999999999998,7.256328,0.009081696,0.0,62.1984,41.0,12.0,98.8186,1156.6000000000001,3.0,3.0,76.0,1.66,0.0,3.0,10.0,0.0,8.0,0.0,3.0,0.0,0.0,3.0,15.155000000000001,0.383,0.0,213.0,49.0,87.0,114.818,1211.4,16.0,5.0,142.0,3.44,2.0,4.0,10.0,0.0,14.0,0.0,5.0,0.0,0.0,5.0,24.26,0.383,0.0,225.0,8.0,75.0,15.9994,54.8,13.0,2.0,66.0,1.78,2.0,1.0,0.0,0.0,6.0,0.0,2.0,0.0,0.0,2.0,9.105,0.0,0.0,12.0,8.0,87.0,15.9994,54.8,16.0,2.0,66.0,3.44,2.0,4.0,0.0,0.0,6.0,0.0,2.0,0.0,0.0,2.0,9.105,0.0,0.0,12.0
400,In1.94Ge0.06O3,3.001984039,1,Mgaultois/Sparks,Peer-reviewed literature,120.98,411.24,275.10352,1070.799,74.06,15.94,480.68,13.8938,10.0,14.06,20.0,0.0,44.06,0.0,15.94,0.0,0.0,15.94,75.7597,0.02298,0.0,319.15999999999997,24.196,82.24799999999999,55.020704,214.1598,14.812000000000001,3.1879999999999997,96.136,2.77876,2.0,2.812,4.0,0.0,8.812000000000001,0.0,3.1879999999999997,0.0,0.0,3.1879999999999997,15.15194,0.004596,0.0,63.83200000000001,19.435200000000002,5.702400000000003,46.8255648,191.23176,1.4255999999999998,1.4255999999999998,36.1632,0.793488,0.0,1.4256,4.800000000000001,0.0,3.3744000000000005,0.0,1.4255999999999998,0.0,0.0,1.4255999999999998,7.256328,0.009081696,0.0,62.1984,41.0,12.0,98.8186,1156.6000000000001,3.0,3.0,76.0,1.66,0.0,3.0,10.0,0.0,8.0,0.0,3.0,0.0,0.0,3.0,15.155000000000001,0.383,0.0,213.0,49.0,87.0,114.818,1211.4,16.0,5.0,142.0,3.44,2.0,4.0,10.0,0.0,14.0,0.0,5.0,0.0,0.0,5.0,24.26,0.383,0.0,225.0,8.0,75.0,15.9994,54.8,13.0,2.0,66.0,1.78,2.0,1.0,0.0,0.0,6.0,0.0,2.0,0.0,0.0,2.0,9.105,0.0,0.0,12.0,8.0,87.0,15.9994,54.8,16.0,2.0,66.0,3.44,2.0,4.0,0.0,0.0,6.0,0.0,2.0,0.0,0.0,2.0,9.105,0.0,0.0,12.0
700,In1.94Ge0.06O3,2.855158138,1,Mgaultois/Sparks,Peer-reviewed literature,120.98,411.24,275.10352,1070.799,74.06,15.94,480.68,13.8938,10.0,14.06,20.0,0.0,44.06,0.0,15.94,0.0,0.0,15.94,75.7597,0.02298,0.0,319.15999999999997,24.196,82.24799999999999,55.020704,214.1598,14.812000000000001,3.1879999999999997,96.136,2.77876,2.0,2.812,4.0,0.0,8.812000000000001,0.0,3.1879999999999997,0.0,0.0,3.1879999999999997,15.15194,0.004596,0.0,63.83200000000001,19.435200000000002,5.702400000000003,46.8255648,191.23176,1.4255999999999998,1.4255999999999998,36.1632,0.793488,0.0,1.4256,4.800000000000001,0.0,3.3744000000000005,0.0,1.4255999999999998,0.0,0.0,1.4255999999999998,7.256328,0.009081696,0.0,62.1984,41.0,12.0,98.8186,1156.6000000000001,3.0,3.0,76.0,1.66,0.0,3.0,10.0,0.0,8.0,0.0,3.0,0.0,0.0,3.0,15.155000000000001,0.383,0.0,213.0,49.0,87.0,114.818,1211.4,16.0,5.0,142.0,3.44,2.0,4.0,10.0,0.0,14.0,0.0,5.0,0.0,0.0,5.0,24.26,0.383,0.0,225.0,8.0,75.0,15.9994,54.8,13.0,2.0,66.0,1.78,2.0,1.0,0.0,0.0,6.0,0.0,2.0,0.0,0.0,2.0,9.105,0.0,0.0,12.0,8.0,87.0,15.9994,54.8,16.0,2.0,66.0,3.44,2.0,4.0,0.0,0.0,6.0,0.0,2.0,0.0,0.0,2.0,9.105,0.0,0.0,12.0
1000,In1.94Ge0.06O3,2.749999856,1,Mgaultois/Sparks,Peer-reviewed literature,120.98,411.24,275.10352,1070.799,74.06,15.94,480.68,13.8938,10.0,14.06,20.0,0.0,44.06,0.0,15.94,0.0,0.0,15.94,75.7597,0.02298,0.0,319.15999999999997,24.196,82.24799999999999,55.020704,214.1598,14.812000000000001,3.1879999999999997,96.136,2.77876,2.0,2.812,4.0,0.0,8.812000000000001,0.0,3.1879999999999997,0.0,0.0,3.1879999999999997,15.15194,0.004596,0.0,63.83200000000001,19.435200000000002,5.702400000000003,46.8255648,191.23176,1.4255999999999998,1.4255999999999998,36.1632,0.793488,0.0,1.4256,4.800000000000001,0.0,3.3744000000000005,0.0,1.4255999999999998,0.0,0.0,1.4255999999999998,7.256328,0.009081696,0.0,62.1984,41.0,12.0,98.8186,1156.6000000000001,3.0,3.0,76.0,1.66,0.0,3.0,10.0,0.0,8.0,0.0,3.0,0.0,0.0,3.0,15.155000000000001,0.383,0.0,213.0,49.0,87.0,114.818,1211.4,16.0,5.0,142.0,3.44,2.0,4.0,10.0,0.0,14.0,0.0,5.0,0.0,0.0,5.0,24.26,0.383,0.0,225.0,8.0,75.0,15.9994,54.8,13.0,2.0,66.0,1.78,2.0,1.0,0.0,0.0,6.0,0.0,2.0,0.0,0.0,2.0,9.105,0.0,0.0,12.0,8.0,87.0,15.9994,54.8,16.0,2.0,66.0,3.44,2.0,4.0,0.0,0.0,6.0,0.0,2.0,0.0,0.0,2.0,9.105,0.0,0.0,12.0
300,In1.9Ge0.1O3,2.878968984,1,Mgaultois/Sparks,Peer-reviewed literature,120.3,411.4,273.41639999999995,1102.065,74.1,15.9,479.8,13.903,10.0,14.1,20.0,0.0,44.099999999999994,0.0,15.9,0.0,0.0,15.9,75.7095,0.0383,0.0,322.59999999999997,24.060000000000002,82.28,54.68328,220.413,14.82,3.1799999999999997,95.96000000000001,2.7806,2.0,2.82,4.0,0.0,8.82,0.0,3.1799999999999997,0.0,0.0,3.1799999999999997,15.1419,0.00766,0.0,64.52,19.272,5.664,46.420655999999994,198.73559999999998,1.416,1.416,35.952,0.79128,0.0,1.416,4.800000000000001,0.0,3.384,0.0,1.416,0.0,0.0,1.416,7.24428,0.015013600000000002,0.0,63.024,41.0,12.0,98.8186,1156.6000000000001,3.0,3.0,76.0,1.66,0.0,3.0,10.0,0.0,8.0,0.0,3.0,0.0,0.0,3.0,15.155000000000001,0.383,0.0,213.0,49.0,87.0,114.818,1211.4,16.0,5.0,142.0,3.44,2.0,4.0,10.0,0.0,14.0,0.0,5.0,0.0,0.0,5.0,24.26,0.383,0.0,225.0,8.0,75.0,15.9994,54.8,13.0,2.0,66.0,1.78,2.0,1.0,0.0,0.0,6.0,0.0,2.0,0.0,0.0,2.0,9.105,0.0,0.0,12.0,8.0,87.0,15.9994,54.8,16.0,2.0,66.0,3.44,2.0,4.0,0.0,0.0,6.0,0.0,2.0,0.0,0.0,2.0,9.105,0.0,0.0,12.0
400,In1.9Ge0.1O3,2.843254037,1,Mgaultois/Sparks,Peer-reviewed literature,120.3,411.4,273.41639999999995,1102.065,74.1,15.9,479.8,13.903,10.0,14.1,20.0,0.0,44.099999999999994,0.0,15.9,0.0,0.0,15.9,75.7095,0.0383,0.0,322.59999999999997,24.060000000000002,82.28,54.68328,220.413,14.82,3.1799999999999997,95.96000000000001,2.7806,2.0,2.82,4.0,0.0,8.82,0.0,3.1799999999999997,0.0,0.0,3.1799999999999997,15.1419,0.00766,0.0,64.52,19.272,5.664,46.420655999999994,198.73559999999998,1.416,1.416,35.952,0.79128,0.0,1.416,4.800000000000001,0.0,3.384,0.0,1.416,0.0,0.0,1.416,7.24428,0.015013600000000002,0.0,63.024,41.0,12.0,98.8186,1156.6000000000001,3.0,3.0,76.0,1.66,0.0,3.0,10.0,0.0,8.0,0.0,3.0,0.0,0.0,3.0,15.155000000000001,0.383,0.0,213.0,49.0,87.0,114.818,1211.4,16.0,5.0,142.0,3.44,2.0,4.0,10.0,0.0,14.0,0.0,5.0,0.0,0.0,5.0,24.26,0.383,0.0,225.0,8.0,75.0,15.9994,54.8,13.0,2.0,66.0,1.78,2.0,1.0,0.0,0.0,6.0,0.0,2.0,0.0,0.0,2.0,9.105,0.0,0.0,12.0,8.0,87.0,15.9994,54.8,16.0,2.0,66.0,3.44,2.0,4.0,0.0,0.0,6.0,0.0,2.0,0.0,0.0,2.0,9.105,0.0,0.0,12.0
700,In1.9Ge0.1O3,2.761903692,1,Mgaultois/Sparks,Peer-reviewed literature,120.3,411.4,273.41639999999995,1102.065,74.1,15.9,479.8,13.903,10.0,14.1,20.0,0.0,44.099999999999994,0.0,15.9,0.0,0.0,15.9,75.7095,0.0383,0.0,322.59999999999997,24.060000000000002,82.28,54.68328,220.413,14.82,3.1799999999999997,95.96000000000001,2.7806,2.0,2.82,4.0,0.0,8.82,0.0,3.1799999999999997,0.0,0.0,3.1799999999999997,15.1419,0.00766,0.0,64.52,19.272,5.664,46.420655999999994,198.73559999999998,1.416,1.416,35.952,0.79128,0.0,1.416,4.800000000000001,0.0,3.384,0.0,1.416,0.0,0.0,1.416,7.24428,0.015013600000000002,0.0,63.024,41.0,12.0,98.8186,1156.6000000000001,3.0,3.0,76.0,1.66,0.0,3.0,10.0,0.0,8.0,0.0,3.0,0.0,0.0,3.0,15.155000000000001,0.383,0.0,213.0,49.0,87.0,114.818,1211.4,16.0,5.0,142.0,3.44,2.0,4.0,10.0,0.0,14.0,0.0,5.0,0.0,0.0,5.0,24.26,0.383,0.0,225.0,8.0,75.0,15.9994,54.8,13.0,2.0,66.0,1.78,2.0,1.0,0.0,0.0,6.0,0.0,2.0,0.0,0.0,2.0,9.105,0.0,0.0,12.0,8.0,87.0,15.9994,54.8,16.0,2.0,66.0,3.44,2.0,4.0,0.0,0.0,6.0,0.0,2.0,0.0,0.0,2.0,9.105,0.0,0.0,12.0
1000,In1.9Ge0.1O3,2.680554553,1,Mgaultois/Sparks,Peer-reviewed literature,120.3,411.4,273.41639999999995,1102.065,74.1,15.9,479.8,13.903,10.0,14.1,20.0,0.0,44.099999999999994,0.0,15.9,0.0,0.0,15.9,75.7095,0.0383,0.0,322.59999999999997,24.060000000000002,82.28,54.68328,220.413,14.82,3.1799999999999997,95.96000000000001,2.7806,2.0,2.82,4.0,0.0,8.82,0.0,3.1799999999999997,0.0,0.0,3.1799999999999997,15.1419,0.00766,0.0,64.52,19.272,5.664,46.420655999999994,198.73559999999998,1.416,1.416,35.952,0.79128,0.0,1.416,4.800000000000001,0.0,3.384,0.0,1.416,0.0,0.0,1.416,7.24428,0.015013600000000002,0.0,63.024,41.0,12.0,98.8186,1156.6000000000001,3.0,3.0,76.0,1.66,0.0,3.0,10.0,0.0,8.0,0.0,3.0,0.0,0.0,3.0,15.155000000000001,0.383,0.0,213.0,49.0,87.0,114.818,1211.4,16.0,5.0,142.0,3.44,2.0,4.0,10.0,0.0,14.0,0.0,5.0,0.0,0.0,5.0,24.26,0.383,0.0,225.0,8.0,75.0,15.9994,54.8,13.0,2.0,66.0,1.78,2.0,1.0,0.0,0.0,6.0,0.0,2.0,0.0,0.0,2.0,9.105,0.0,0.0,12.0,8.0,87.0,15.9994,54.8,16.0,2.0,66.0,3.44,2.0,4.0,0.0,0.0,6.0,0.0,2.0,0.0,0.0,2.0,9.105,0.0,0.0,12.0
300,LaCoO3,-0.8875,0,Mgaultois/Sparks,Peer-reviewed literature,108.0,332.0,245.836865,3125.4,60.0,16.0,531.0,13.3,10.0,12.0,8.0,0.0,30.0,0.0,6.0,12.0,0.0,18.0,74.4575,0.0,1.5484712,424.0,21.6,66.39999999999999,49.167373000000005,625.08,12.0,3.2,106.20000000000002,2.66,2.0,2.4,1.6,0.0,6.0,0.0,1.2,2.4000000000000004,0.0,3.6000000000000005,14.8915,0.0,0.30969424,84.80000000000001,16.32,24.720000000000002,39.801567600000006,684.336,4.800000000000001,1.44,48.24,0.9359999999999999,0.0,1.92,2.16,0.0,1.2000000000000002,0.0,0.96,2.88,0.0,2.16,8.8024,0.0,0.49551078400000004,87.36000000000001,49.0,74.0,122.90607000000001,1713.2,13.0,4.0,141.0,2.34,0.0,4.0,7.0,0.0,6.0,0.0,2.0,9.0,0.0,7.0,27.7925,0.0,1.5484712,182.0,57.0,87.0,138.90547,1768.0,16.0,6.0,207.0,3.44,2.0,4.0,7.0,0.0,9.0,0.0,2.0,9.0,0.0,9.0,36.8975,0.0,1.5484712,194.0,8.0,13.0,15.9994,54.8,3.0,2.0,66.0,1.1,2.0,0.0,0.0,0.0,3.0,0.0,0.0,0.0,0.0,2.0,9.105,0.0,0.0,12.0,8.0,87.0,15.9994,54.8,16.0,2.0,66.0,3.44,2.0,4.0,0.0,0.0,6.0,0.0,2.0,0.0,0.0,2.0,9.105,0.0,0.0,12.0
400,LaCoO3,0.4158,0,Mgaultois/Sparks,Peer-reviewed literature,108.0,332.0,245.836865,3125.4,60.0,16.0,531.0,13.3,10.0,12.0,8.0,0.0,30.0,0.0,6.0,12.0,0.0,18.0,74.4575,0.0,1.5484712,424.0,21.6,66.39999999999999,49.167373000000005,625.08,12.0,3.2,106.20000000000002,2.66,2.0,2.4,1.6,0.0,6.0,0.0,1.2,2.4000000000000004,0.0,3.6000000000000005,14.8915,0.0,0.30969424,84.80000000000001,16.32,24.720000000000002,39.801567600000006,684.336,4.800000000000001,1.44,48.24,0.9359999999999999,0.0,1.92,2.16,0.0,1.2000000000000002,0.0,0.96,2.88,0.0,2.16,8.8024,0.0,0.49551078400000004,87.36000000000001,49.0,74.0,122.90607000000001,1713.2,13.0,4.0,141.0,2.34,0.0,4.0,7.0,0.0,6.0,0.0,2.0,9.0,0.0,7.0,27.7925,0.0,1.5484712,182.0,57.0,87.0,138.90547,1768.0,16.0,6.0,207.0,3.44,2.0,4.0,7.0,0.0,9.0,0.0,2.0,9.0,0.0,9.0,36.8975,0.0,1.5484712,194.0,8.0,13.0,15.9994,54.8,3.0,2.0,66.0,1.1,2.0,0.0,0.0,0.0,3.0,0.0,0.0,0.0,0.0,2.0,9.105,0.0,0.0,12.0,8.0,87.0,15.9994,54.8,16.0,2.0,66.0,3.44,2.0,4.0,0.0,0.0,6.0,0.0,2.0,0.0,0.0,2.0,9.105,0.0,0.0,12.0
700,LaCoO3,2.867000143,0,Mgaultois/Sparks,Peer-reviewed literature,108.0,332.0,245.836865,3125.4,60.0,16.0,531.0,13.3,10.0,12.0,8.0,0.0,30.0,0.0,6.0,12.0,0.0,18.0,74.4575,0.0,1.5484712,424.0,21.6,66.39999999999999,49.167373000000005,625.08,12.0,3.2,106.20000000000002,2.66,2.0,2.4,1.6,0.0,6.0,0.0,1.2,2.4000000000000004,0.0,3.6000000000000005,14.8915,0.0,0.30969424,84.80000000000001,16.32,24.720000000000002,39.801567600000006,684.336,4.800000000000001,1.44,48.24,0.9359999999999999,0.0,1.92,2.16,0.0,1.2000000000000002,0.0,0.96,2.88,0.0,2.16,8.8024,0.0,0.49551078400000004,87.36000000000001,49.0,74.0,122.90607000000001,1713.2,13.0,4.0,141.0,2.34,0.0,4.0,7.0,0.0,6.0,0.0,2.0,9.0,0.0,7.0,27.7925,0.0,1.5484712,182.0,57.0,87.0,138.90547,1768.0,16.0,6.0,207.0,3.44,2.0,4.0,7.0,0.0,9.0,0.0,2.0,9.0,0.0,9.0,36.8975,0.0,1.5484712,194.0,8.0,13.0,15.9994,54.8,3.0,2.0,66.0,1.1,2.0,0.0,0.0,0.0,3.0,0.0,0.0,0.0,0.0,2.0,9.105,0.0,0.0,12.0,8.0,87.0,15.9994,54.8,16.0,2.0,66.0,3.44,2.0,4.0,0.0,0.0,6.0,0.0,2.0,0.0,0.0,2.0,9.105,0.0,0.0,12.0
1000,LaCoO3,3.007000047,0,Mgaultois/Sparks,Peer-reviewed literature,108.0,332.0,245.836865,3125.4,60.0,16.0,531.0,13.3,10.0,12.0,8.0,0.0,30.0,0.0,6.0,12.0,0.0,18.0,74.4575,0.0,1.5484712,424.0,21.6,66.39999999999999,49.167373000000005,625.08,12.0,3.2,106.20000000000002,2.66,2.0,2.4,1.6,0.0,6.0,0.0,1.2,2.4000000000000004,0.0,3.6000000000000005,14.8915,0.0,0.30969424,84.80000000000001,16.32,24.720000000000002,39.801567600000006,684.336,4.800000000000001,1.44,48.24,0.9359999999999999,0.0,1.92,2.16,0.0,1.2000000000000002,0.0,0.96,2.88,0.0,2.16,8.8024,0.0,0.49551078400000004,87.36000000000001,49.0,74.0,122.90607000000001,1713.2,13.0,4.0,141.0,2.34,0.0,4.0,7.0,0.0,6.0,0.0,2.0,9.0,0.0,7.0,27.7925,0.0,1.5484712,182.0,57.0,87.0,138.90547,1768.0,16.0,6.0,207.0,3.44,2.0,4.0,7.0,0.0,9.0,0.0,2.0,9.0,0.0,9.0,36.8975,0.0,1.5484712,194.0,8.0,13.0,15.9994,54.8,3.0,2.0,66.0,1.1,2.0,0.0,0.0,0.0,3.0,0.0,0.0,0.0,0.0,2.0,9.105,0.0,0.0,12.0,8.0,87.0,15.9994,54.8,16.0,2.0,66.0,3.44,2.0,4.0,0.0,0.0,6.0,0.0,2.0,0.0,0.0,2.0,9.105,0.0,0.0,12.0
300,La0.99Sr0.01CoO3,0.804000001,0,Mgaultois/Sparks,Peer-reviewed literature,107.81,331.95,245.3240103,3123.97,59.99,15.989999999999998,530.88,13.2985,10.0,12.0,7.99,0.0,29.990000000000002,0.0,6.0,11.91,0.0,17.91,74.630825,0.0,1.5484712,424.31,21.562,66.39,49.064802060000005,624.794,11.998,3.1980000000000004,106.17600000000002,2.6597,2.0,2.4,1.598,0.0,5.997999999999999,0.0,1.2,2.382,0.0,3.582,14.926165000000001,0.0,0.30969424,84.86200000000001,16.2744,24.732,39.678482472,683.9928,4.8024000000000004,1.4376000000000002,48.211200000000005,0.9363600000000001,0.0,1.92,2.1608,0.0,1.2032000000000003,0.0,0.96,2.867928,0.0,2.1455279999999997,8.857864000000001,0.0,0.49551078400000004,87.43440000000001,49.0,79.0,122.90607000000001,1713.2,14.0,4.0,141.0,2.49,0.0,4.0,7.0,0.0,7.0,0.0,2.0,9.0,0.0,9.0,45.125,0.0,1.5484712,213.0,57.0,87.0,138.90547,1768.0,16.0,6.0,207.0,3.44,2.0,4.0,7.0,0.0,9.0,0.0,2.0,9.0,0.0,9.0,54.23,0.0,1.5484712,225.0,8.0,8.0,15.9994,54.8,2.0,2.0,66.0,0.95,2.0,0.0,0.0,0.0,2.0,0.0,0.0,0.0,0.0,0.0,9.105,0.0,0.0,12.0,8.0,87.0,15.9994,54.8,16.0,2.0,66.0,3.44,2.0,4.0,0.0,0.0,6.0,0.0,2.0,0.0,0.0,2.0,9.105,0.0,0.0,12.0
400,La0.99Sr0.01CoO3,1.130000001,0,Mgaultois/Sparks,Peer-reviewed literature,107.81,331.95,245.3240103,3123.97,59.99,15.989999999999998,530.88,13.2985,10.0,12.0,7.99,0.0,29.990000000000002,0.0,6.0,11.91,0.0,17.91,74.630825,0.0,1.5484712,424.31,21.562,66.39,49.064802060000005,624.794,11.998,3.1980000000000004,106.17600000000002,2.6597,2.0,2.4,1.598,0.0,5.997999999999999,0.0,1.2,2.382,0.0,3.582,14.926165000000001,0.0,0.30969424,84.86200000000001,16.2744,24.732,39.678482472,683.9928,4.8024000000000004,1.4376000000000002,48.211200000000005,0.9363600000000001,0.0,1.92,2.1608,0.0,1.2032000000000003,0.0,0.96,2.867928,0.0,2.1455279999999997,8.857864000000001,0.0,0.49551078400000004,87.43440000000001,49.0,79.0,122.90607000000001,1713.2,14.0,4.0,141.0,2.49,0.0,4.0,7.0,0.0,7.0,0.0,2.0,9.0,0.0,9.0,45.125,0.0,1.5484712,213.0,57.0,87.0,138.90547,1768.0,16.0,6.0,207.0,3.44,2.0,4.0,7.0,0.0,9.0,0.0,2.0,9.0,0.0,9.0,54.23,0.0,1.5484712,225.0,8.0,8.0,15.9994,54.8,2.0,2.0,66.0,0.95,2.0,0.0,0.0,0.0,2.0,0.0,0.0,0.0,0.0,0.0,9.105,0.0,0.0,12.0,8.0,87.0,15.9994,54.8,16.0,2.0,66.0,3.44,2.0,4.0,0.0,0.0,6.0,0.0,2.0,0.0,0.0,2.0,9.105,0.0,0.0,12.0
700,La0.99Sr0.01CoO3,2.909999919,0,Mgaultois/Sparks,Peer-reviewed literature,107.81,331.95,245.3240103,3123.97,59.99,15.989999999999998,530.88,13.2985,10.0,12.0,7.99,0.0,29.990000000000002,0.0,6.0,11.91,0.0,17.91,74.630825,0.0,1.5484712,424.31,21.562,66.39,49.064802060000005,624.794,11.998,3.1980000000000004,106.17600000000002,2.6597,2.0,2.4,1.598,0.0,5.997999999999999,0.0,1.2,2.382,0.0,3.582,14.926165000000001,0.0,0.30969424,84.86200000000001,16.2744,24.732,39.678482472,683.9928,4.8024000000000004,1.4376000000000002,48.211200000000005,0.9363600000000001,0.0,1.92,2.1608,0.0,1.2032000000000003,0.0,0.96,2.867928,0.0,2.1455279999999997,8.857864000000001,0.0,0.49551078400000004,87.43440000000001,49.0,79.0,122.90607000000001,1713.2,14.0,4.0,141.0,2.49,0.0,4.0,7.0,0.0,7.0,0.0,2.0,9.0,0.0,9.0,45.125,0.0,1.5484712,213.0,57.0,87.0,138.90547,1768.0,16.0,6.0,207.0,3.44,2.0,4.0,7.0,0.0,9.0,0.0,2.0,9.0,0.0,9.0,54.23,0.0,1.5484712,225.0,8.0,8.0,15.9994,54.8,2.0,2.0,66.0,0.95,2.0,0.0,0.0,0.0,2.0,0.0,0.0,0.0,0.0,0.0,9.105,0.0,0.0,12.0,8.0,87.0,15.9994,54.8,16.0,2.0,66.0,3.44,2.0,4.0,0.0,0.0,6.0,0.0,2.0,0.0,0.0,2.0,9.105,0.0,0.0,12.0
1000,La0.99Sr0.01CoO3,3.021999906,0,Mgaultois/Sparks,Peer-reviewed literature,107.81,331.95,245.3240103,3123.97,59.99,15.989999999999998,530.88,13.2985,10.0,12.0,7.99,0.0,29.990000000000002,0.0,6.0,11.91,0.0,17.91,74.630825,0.0,1.5484712,424.31,21.562,66.39,49.064802060000005,624.794,11.998,3.1980000000000004,106.17600000000002,2.6597,2.0,2.4,1.598,0.0,5.997999999999999,0.0,1.2,2.382,0.0,3.582,14.926165000000001,0.0,0.30969424,84.86200000000001,16.2744,24.732,39.678482472,683.9928,4.8024000000000004,1.4376000000000002,48.211200000000005,0.9363600000000001,0.0,1.92,2.1608,0.0,1.2032000000000003,0.0,0.96,2.867928,0.0,2.1455279999999997,8.857864000000001,0.0,0.49551078400000004,87.43440000000001,49.0,79.0,122.90607000000001,1713.2,14.0,4.0,141.0,2.49,0.0,4.0,7.0,0.0,7.0,0.0,2.0,9.0,0.0,9.0,45.125,0.0,1.5484712,213.0,57.0,87.0,138.90547,1768.0,16.0,6.0,207.0,3.44,2.0,4.0,7.0,0.0,9.0,0.0,2.0,9.0,0.0,9.0,54.23,0.0,1.5484712,225.0,8.0,8.0,15.9994,54.8,2.0,2.0,66.0,0.95,2.0,0.0,0.0,0.0,2.0,0.0,0.0,0.0,0.0,0.0,9.105,0.0,0.0,12.0,8.0,87.0,15.9994,54.8,16.0,2.0,66.0,3.44,2.0,4.0,0.0,0.0,6.0,0.0,2.0,0.0,0.0,2.0,9.105,0.0,0.0,12.0
300,La0.98Sr0.02CoO3,1.160000001,0,Mgaultois/Sparks,Peer-reviewed literature,107.62,331.9,244.8111556,3122.54,59.980000000000004,15.98,530.76,13.297,10.0,12.0,7.98,0.0,29.98,0.0,6.0,11.82,0.0,17.82,74.80415,0.0,1.5484712,424.62,21.524,66.38,48.962231120000006,624.508,11.995999999999999,3.196,106.15200000000002,2.6594,2.0,2.4,1.596,0.0,5.9959999999999996,0.0,1.2,2.364,0.0,3.564,14.960830000000001,0.0,0.30969424,84.924,16.2288,24.744,39.555397344,683.6496,4.8048,1.4352,48.1824,0.93672,0.0,1.92,2.1616,0.0,1.2064000000000004,0.0,0.96,2.8557119999999996,0.0,2.130912,8.913328000000002,0.0,0.49551078400000004,87.50880000000001,49.0,79.0,122.90607000000001,1713.2,14.0,4.0,141.0,2.49,0.0,4.0,7.0,0.0,7.0,0.0,2.0,9.0,0.0,9.0,45.125,0.0,1.5484712,213.0,57.0,87.0,138.90547,1768.0,16.0,6.0,207.0,3.44,2.0,4.0,7.0,0.0,9.0,0.0,2.0,9.0,0.0,9.0,54.23,0.0,1.5484712,225.0,8.0,8.0,15.9994,54.8,2.0,2.0,66.0,0.95,2.0,0.0,0.0,0.0,2.0,0.0,0.0,0.0,0.0,0.0,9.105,0.0,0.0,12.0,8.0,87.0,15.9994,54.8,16.0,2.0,66.0,3.44,2.0,4.0,0.0,0.0,6.0,0.0,2.0,0.0,0.0,2.0,9.105,0.0,0.0,12.0
400,La0.98Sr0.02CoO3,1.470999995,0,Mgaultois/Sparks,Peer-reviewed literature,107.62,331.9,244.8111556,3122.54,59.980000000000004,15.98,530.76,13.297,10.0,12.0,7.98,0.0,29.98,0.0,6.0,11.82,0.0,17.82,74.80415,0.0,1.5484712,424.62,21.524,66.38,48.962231120000006,624.508,11.995999999999999,3.196,106.15200000000002,2.6594,2.0,2.4,1.596,0.0,5.9959999999999996,0.0,1.2,2.364,0.0,3.564,14.960830000000001,0.0,0.30969424,84.924,16.2288,24.744,39.555397344,683.6496,4.8048,1.4352,48.1824,0.93672,0.0,1.92,2.1616,0.0,1.2064000000000004,0.0,0.96,2.8557119999999996,0.0,2.130912,8.913328000000002,0.0,0.49551078400000004,87.50880000000001,49.0,79.0,122.90607000000001,1713.2,14.0,4.0,141.0,2.49,0.0,4.0,7.0,0.0,7.0,0.0,2.0,9.0,0.0,9.0,45.125,0.0,1.5484712,213.0,57.0,87.0,138.90547,1768.0,16.0,6.0,207.0,3.44,2.0,4.0,7.0,0.0,9.0,0.0,2.0,9.0,0.0,9.0,54.23,0.0,1.5484712,225.0,8.0,8.0,15.9994,54.8,2.0,2.0,66.0,0.95,2.0,0.0,0.0,0.0,2.0,0.0,0.0,0.0,0.0,0.0,9.105,0.0,0.0,12.0,8.0,87.0,15.9994,54.8,16.0,2.0,66.0,3.44,2.0,4.0,0.0,0.0,6.0,0.0,2.0,0.0,0.0,2.0,9.105,0.0,0.0,12.0
700,La0.98Sr0.02CoO3,2.960000078,0,Mgaultois/Sparks,Peer-reviewed literature,107.62,331.9,244.8111556,3122.54,59.980000000000004,15.98,530.76,13.297,10.0,12.0,7.98,0.0,29.98,0.0,6.0,11.82,0.0,17.82,74.80415,0.0,1.5484712,424.62,21.524,66.38,48.962231120000006,624.508,11.995999999999999,3.196,106.15200000000002,2.6594,2.0,2.4,1.596,0.0,5.9959999999999996,0.0,1.2,2.364,0.0,3.564,14.960830000000001,0.0,0.30969424,84.924,16.2288,24.744,39.555397344,683.6496,4.8048,1.4352,48.1824,0.93672,0.0,1.92,2.1616,0.0,1.2064000000000004,0.0,0.96,2.8557119999999996,0.0,2.130912,8.913328000000002,0.0,0.49551078400000004,87.50880000000001,49.0,79.0,122.90607000000001,1713.2,14.0,4.0,141.0,2.49,0.0,4.0,7.0,0.0,7.0,0.0,2.0,9.0,0.0,9.0,45.125,0.0,1.5484712,213.0,57.0,87.0,138.90547,1768.0,16.0,6.0,207.0,3.44,2.0,4.0,7.0,0.0,9.0,0.0,2.0,9.0,0.0,9.0,54.23,0.0,1.5484712,225.0,8.0,8.0,15.9994,54.8,2.0,2.0,66.0,0.95,2.0,0.0,0.0,0.0,2.0,0.0,0.0,0.0,0.0,0.0,9.105,0.0,0.0,12.0,8.0,87.0,15.9994,54.8,16.0,2.0,66.0,3.44,2.0,4.0,0.0,0.0,6.0,0.0,2.0,0.0,0.0,2.0,9.105,0.0,0.0,12.0
1000,La0.98Sr0.02CoO3,3.038000232,0,Mgaultois/Sparks,Peer-reviewed literature,107.62,331.9,244.8111556,3122.54,59.980000000000004,15.98,530.76,13.297,10.0,12.0,7.98,0.0,29.98,0.0,6.0,11.82,0.0,17.82,74.80415,0.0,1.5484712,424.62,21.524,66.38,48.962231120000006,624.508,11.995999999999999,3.196,106.15200000000002,2.6594,2.0,2.4,1.596,0.0,5.9959999999999996,0.0,1.2,2.364,0.0,3.564,14.960830000000001,0.0,0.30969424,84.924,16.2288,24.744,39.555397344,683.6496,4.8048,1.4352,48.1824,0.93672,0.0,1.92,2.1616,0.0,1.2064000000000004,0.0,0.96,2.8557119999999996,0.0,2.130912,8.913328000000002,0.0,0.49551078400000004,87.50880000000001,49.0,79.0,122.90607000000001,1713.2,14.0,4.0,141.0,2.49,0.0,4.0,7.0,0.0,7.0,0.0,2.0,9.0,0.0,9.0,45.125,0.0,1.5484712,213.0,57.0,87.0,138.90547,1768.0,16.0,6.0,207.0,3.44,2.0,4.0,7.0,0.0,9.0,0.0,2.0,9.0,0.0,9.0,54.23,0.0,1.5484712,225.0,8.0,8.0,15.9994,54.8,2.0,2.0,66.0,0.95,2.0,0.0,0.0,0.0,2.0,0.0,0.0,0.0,0.0,0.0,9.105,0.0,0.0,12.0,8.0,87.0,15.9994,54.8,16.0,2.0,66.0,3.44,2.0,4.0,0.0,0.0,6.0,0.0,2.0,0.0,0.0,2.0,9.105,0.0,0.0,12.0
300,La0.95Sr0.05CoO3,1.797000013,0,Mgaultois/Sparks,Peer-reviewed literature,107.05,331.75,243.27259149999998,3118.25,59.95,15.95,530.4,13.2925,10.0,12.0,7.95,0.0,29.95,0.0,6.0,11.549999999999999,0.0,17.549999999999997,75.324125,0.0,1.5484712,425.54999999999995,21.41,66.35,48.6545183,623.65,11.99,3.1900000000000004,106.08000000000001,2.6585,2.0,2.4,1.59,0.0,5.99,0.0,1.2,2.31,0.0,3.51,15.064824999999999,0.0,0.30969424,85.11,16.092,24.78,39.18614196,682.62,4.811999999999999,1.428,48.096000000000004,0.9378,0.0,1.92,2.164,0.0,1.2159999999999997,0.0,0.96,2.8181999999999996,0.0,2.0862,9.07972,0.0,0.49551078400000004,87.732,49.0,79.0,122.90607000000001,1713.2,14.0,4.0,141.0,2.49,0.0,4.0,7.0,0.0,7.0,0.0,2.0,9.0,0.0,9.0,45.125,0.0,1.5484712,213.0,57.0,87.0,138.90547,1768.0,16.0,6.0,207.0,3.44,2.0,4.0,7.0,0.0,9.0,0.0,2.0,9.0,0.0,9.0,54.23,0.0,1.5484712,225.0,8.0,8.0,15.9994,54.8,2.0,2.0,66.0,0.95,2.0,0.0,0.0,0.0,2.0,0.0,0.0,0.0,0.0,0.0,9.105,0.0,0.0,12.0,8.0,87.0,15.9994,54.8,16.0,2.0,66.0,3.44,2.0,4.0,0.0,0.0,6.0,0.0,2.0,0.0,0.0,2.0,9.105,0.0,0.0,12.0
400,La0.95Sr0.05CoO3,2.138000003,0,Mgaultois/Sparks,Peer-reviewed literature,107.05,331.75,243.27259149999998,3118.25,59.95,15.95,530.4,13.2925,10.0,12.0,7.95,0.0,29.95,0.0,6.0,11.549999999999999,0.0,17.549999999999997,75.324125,0.0,1.5484712,425.54999999999995,21.41,66.35,48.6545183,623.65,11.99,3.1900000000000004,106.08000000000001,2.6585,2.0,2.4,1.59,0.0,5.99,0.0,1.2,2.31,0.0,3.51,15.064824999999999,0.0,0.30969424,85.11,16.092,24.78,39.18614196,682.62,4.811999999999999,1.428,48.096000000000004,0.9378,0.0,1.92,2.164,0.0,1.2159999999999997,0.0,0.96,2.8181999999999996,0.0,2.0862,9.07972,0.0,0.49551078400000004,87.732,49.0,79.0,122.90607000000001,1713.2,14.0,4.0,141.0,2.49,0.0,4.0,7.0,0.0,7.0,0.0,2.0,9.0,0.0,9.0,45.125,0.0,1.5484712,213.0,57.0,87.0,138.90547,1768.0,16.0,6.0,207.0,3.44,2.0,4.0,7.0,0.0,9.0,0.0,2.0,9.0,0.0,9.0,54.23,0.0,1.5484712,225.0,8.0,8.0,15.9994,54.8,2.0,2.0,66.0,0.95,2.0,0.0,0.0,0.0,2.0,0.0,0.0,0.0,0.0,0.0,9.105,0.0,0.0,12.0,8.0,87.0,15.9994,54.8,16.0,2.0,66.0,3.44,2.0,4.0,0.0,0.0,6.0,0.0,2.0,0.0,0.0,2.0,9.105,0.0,0.0,12.0
700,La0.95Sr0.05CoO3,3.0225,0,Mgaultois/Sparks,Peer-reviewed literature,107.05,331.75,243.27259149999998,3118.25,59.95,15.95,530.4,13.2925,10.0,12.0,7.95,0.0,29.95,0.0,6.0,11.549999999999999,0.0,17.549999999999997,75.324125,0.0,1.5484712,425.54999999999995,21.41,66.35,48.6545183,623.65,11.99,3.1900000000000004,106.08000000000001,2.6585,2.0,2.4,1.59,0.0,5.99,0.0,1.2,2.31,0.0,3.51,15.064824999999999,0.0,0.30969424,85.11,16.092,24.78,39.18614196,682.62,4.811999999999999,1.428,48.096000000000004,0.9378,0.0,1.92,2.164,0.0,1.2159999999999997,0.0,0.96,2.8181999999999996,0.0,2.0862,9.07972,0.0,0.49551078400000004,87.732,49.0,79.0,122.90607000000001,1713.2,14.0,4.0,141.0,2.49,0.0,4.0,7.0,0.0,7.0,0.0,2.0,9.0,0.0,9.0,45.125,0.0,1.5484712,213.0,57.0,87.0,138.90547,1768.0,16.0,6.0,207.0,3.44,2.0,4.0,7.0,0.0,9.0,0.0,2.0,9.0,0.0,9.0,54.23,0.0,1.5484712,225.0,8.0,8.0,15.9994,54.8,2.0,2.0,66.0,0.95,2.0,0.0,0.0,0.0,2.0,0.0,0.0,0.0,0.0,0.0,9.105,0.0,0.0,12.0,8.0,87.0,15.9994,54.8,16.0,2.0,66.0,3.44,2.0,4.0,0.0,0.0,6.0,0.0,2.0,0.0,0.0,2.0,9.105,0.0,0.0,12.0
1000,La0.95Sr0.05CoO3,3.07999988,0,Mgaultois/Sparks,Peer-reviewed literature,107.05,331.75,243.27259149999998,3118.25,59.95,15.95,530.4,13.2925,10.0,12.0,7.95,0.0,29.95,0.0,6.0,11.549999999999999,0.0,17.549999999999997,75.324125,0.0,1.5484712,425.54999999999995,21.41,66.35,48.6545183,623.65,11.99,3.1900000000000004,106.08000000000001,2.6585,2.0,2.4,1.59,0.0,5.99,0.0,1.2,2.31,0.0,3.51,15.064824999999999,0.0,0.30969424,85.11,16.092,24.78,39.18614196,682.62,4.811999999999999,1.428,48.096000000000004,0.9378,0.0,1.92,2.164,0.0,1.2159999999999997,0.0,0.96,2.8181999999999996,0.0,2.0862,9.07972,0.0,0.49551078400000004,87.732,49.0,79.0,122.90607000000001,1713.2,14.0,4.0,141.0,2.49,0.0,4.0,7.0,0.0,7.0,0.0,2.0,9.0,0.0,9.0,45.125,0.0,1.5484712,213.0,57.0,87.0,138.90547,1768.0,16.0,6.0,207.0,3.44,2.0,4.0,7.0,0.0,9.0,0.0,2.0,9.0,0.0,9.0,54.23,0.0,1.5484712,225.0,8.0,8.0,15.9994,54.8,2.0,2.0,66.0,0.95,2.0,0.0,0.0,0.0,2.0,0.0,0.0,0.0,0.0,0.0,9.105,0.0,0.0,12.0,8.0,87.0,15.9994,54.8,16.0,2.0,66.0,3.44,2.0,4.0,0.0,0.0,6.0,0.0,2.0,0.0,0.0,2.0,9.105,0.0,0.0,12.0
300,Zn0.9975Al0.0025O,1.2915774,0,Mgaultois/Sparks,Peer-reviewed literature,37.957499999999996,156.01,81.2834038465,748.0819749999999,28.0025,5.9975000000000005,187.9975,5.0899,4.0,4.0025,9.975000000000001,0.0,17.9775,0.0,2.0125,0.0,0.0,2.0125,23.0713,0.0,0.0,206.07750000000001,18.978749999999998,78.005,40.64170192325,374.04098749999997,14.00125,2.9987500000000002,93.99875,2.54495,2.0,2.00125,4.987500000000001,0.0,8.98875,0.0,1.00625,0.0,0.0,1.00625,11.53565,0.0,0.0,103.03875000000001,10.993696875000001,8.995000000000001,24.676452331558124,319.24098749999996,1.99875,0.99875,27.99875,0.89505,0.0,1.99875,4.999968750000001,0.0,3.003721875,0.0,1.003734375,0.0,0.0,1.003734375,2.4306500000000004,0.0,0.0,91.03875,22.0,18.0,49.380599999999994,878.6700000000001,4.0,2.0,56.0,1.8299999999999998,0.0,4.0,10.0,0.0,9.0,0.0,5.0,0.0,0.0,5.0,7.375,0.0,0.0,213.0,30.0,87.0,65.38,933.47,16.0,4.0,122.0,3.44,2.0,4.0,10.0,0.0,12.0,0.0,5.0,0.0,0.0,5.0,16.48,0.0,0.0,225.0,8.0,69.0,15.9994,54.8,12.0,2.0,66.0,1.61,2.0,0.0,0.0,0.0,3.0,0.0,0.0,0.0,0.0,0.0,9.105,0.0,0.0,12.0,8.0,87.0,15.9994,54.8,16.0,2.0,66.0,3.44,2.0,4.0,0.0,0.0,6.0,0.0,2.0,0.0,0.0,2.0,9.105,0.0,0.0,12.0
400,Zn0.9975Al0.0025O,1.296953788,0,Mgaultois/Sparks,Peer-reviewed literature,37.957499999999996,156.01,81.2834038465,748.0819749999999,28.0025,5.9975000000000005,187.9975,5.0899,4.0,4.0025,9.975000000000001,0.0,17.9775,0.0,2.0125,0.0,0.0,2.0125,23.0713,0.0,0.0,206.07750000000001,18.978749999999998,78.005,40.64170192325,374.04098749999997,14.00125,2.9987500000000002,93.99875,2.54495,2.0,2.00125,4.987500000000001,0.0,8.98875,0.0,1.00625,0.0,0.0,1.00625,11.53565,0.0,0.0,103.03875000000001,10.993696875000001,8.995000000000001,24.676452331558124,319.24098749999996,1.99875,0.99875,27.99875,0.89505,0.0,1.99875,4.999968750000001,0.0,3.003721875,0.0,1.003734375,0.0,0.0,1.003734375,2.4306500000000004,0.0,0.0,91.03875,22.0,18.0,49.380599999999994,878.6700000000001,4.0,2.0,56.0,1.8299999999999998,0.0,4.0,10.0,0.0,9.0,0.0,5.0,0.0,0.0,5.0,7.375,0.0,0.0,213.0,30.0,87.0,65.38,933.47,16.0,4.0,122.0,3.44,2.0,4.0,10.0,0.0,12.0,0.0,5.0,0.0,0.0,5.0,16.48,0.0,0.0,225.0,8.0,69.0,15.9994,54.8,12.0,2.0,66.0,1.61,2.0,0.0,0.0,0.0,3.0,0.0,0.0,0.0,0.0,0.0,9.105,0.0,0.0,12.0,8.0,87.0,15.9994,54.8,16.0,2.0,66.0,3.44,2.0,4.0,0.0,0.0,6.0,0.0,2.0,0.0,0.0,2.0,9.105,0.0,0.0,12.0
700,Zn0.9975Al0.0025O,1.384291875,0,Mgaultois/Sparks,Peer-reviewed literature,37.957499999999996,156.01,81.2834038465,748.0819749999999,28.0025,5.9975000000000005,187.9975,5.0899,4.0,4.0025,9.975000000000001,0.0,17.9775,0.0,2.0125,0.0,0.0,2.0125,23.0713,0.0,0.0,206.07750000000001,18.978749999999998,78.005,40.64170192325,374.04098749999997,14.00125,2.9987500000000002,93.99875,2.54495,2.0,2.00125,4.987500000000001,0.0,8.98875,0.0,1.00625,0.0,0.0,1.00625,11.53565,0.0,0.0,103.03875000000001,10.993696875000001,8.995000000000001,24.676452331558124,319.24098749999996,1.99875,0.99875,27.99875,0.89505,0.0,1.99875,4.999968750000001,0.0,3.003721875,0.0,1.003734375,0.0,0.0,1.003734375,2.4306500000000004,0.0,0.0,91.03875,22.0,18.0,49.380599999999994,878.6700000000001,4.0,2.0,56.0,1.8299999999999998,0.0,4.0,10.0,0.0,9.0,0.0,5.0,0.0,0.0,5.0,7.375,0.0,0.0,213.0,30.0,87.0,65.38,933.47,16.0,4.0,122.0,3.44,2.0,4.0,10.0,0.0,12.0,0.0,5.0,0.0,0.0,5.0,16.48,0.0,0.0,225.0,8.0,69.0,15.9994,54.8,12.0,2.0,66.0,1.61,2.0,0.0,0.0,0.0,3.0,0.0,0.0,0.0,0.0,0.0,9.105,0.0,0.0,12.0,8.0,87.0,15.9994,54.8,16.0,2.0,66.0,3.44,2.0,4.0,0.0,0.0,6.0,0.0,2.0,0.0,0.0,2.0,9.105,0.0,0.0,12.0
1000,Zn0.9975Al0.0025O,1.621427689,0,Mgaultois/Sparks,Peer-reviewed literature,37.957499999999996,156.01,81.2834038465,748.0819749999999,28.0025,5.9975000000000005,187.9975,5.0899,4.0,4.0025,9.975000000000001,0.0,17.9775,0.0,2.0125,0.0,0.0,2.0125,23.0713,0.0,0.0,206.07750000000001,18.978749999999998,78.005,40.64170192325,374.04098749999997,14.00125,2.9987500000000002,93.99875,2.54495,2.0,2.00125,4.987500000000001,0.0,8.98875,0.0,1.00625,0.0,0.0,1.00625,11.53565,0.0,0.0,103.03875000000001,10.993696875000001,8.995000000000001,24.676452331558124,319.24098749999996,1.99875,0.99875,27.99875,0.89505,0.0,1.99875,4.999968750000001,0.0,3.003721875,0.0,1.003734375,0.0,0.0,1.003734375,2.4306500000000004,0.0,0.0,91.03875,22.0,18.0,49.380599999999994,878.6700000000001,4.0,2.0,56.0,1.8299999999999998,0.0,4.0,10.0,0.0,9.0,0.0,5.0,0.0,0.0,5.0,7.375,0.0,0.0,213.0,30.0,87.0,65.38,933.47,16.0,4.0,122.0,3.44,2.0,4.0,10.0,0.0,12.0,0.0,5.0,0.0,0.0,5.0,16.48,0.0,0.0,225.0,8.0,69.0,15.9994,54.8,12.0,2.0,66.0,1.61,2.0,0.0,0.0,0.0,3.0,0.0,0.0,0.0,0.0,0.0,9.105,0.0,0.0,12.0,8.0,87.0,15.9994,54.8,16.0,2.0,66.0,3.44,2.0,4.0,0.0,0.0,6.0,0.0,2.0,0.0,0.0,2.0,9.105,0.0,0.0,12.0
300,Zn0.995Al0.005O,1.820790149,0,Mgaultois/Sparks,Peer-reviewed literature,37.915000000000006,156.01999999999998,81.187407693,748.68395,28.005,5.995,187.995,5.089799999999999,4.0,4.005,9.95,0.0,17.955,0.0,2.025,0.0,0.0,2.025,23.0776,0.0,0.0,206.155,18.957500000000003,78.00999999999999,40.5937038465,374.341975,14.0025,2.9975,93.9975,2.5448999999999997,2.0,2.0025,4.975,0.0,8.9775,0.0,1.0125,0.0,0.0,1.0125,11.5388,0.0,0.0,103.0775,10.9872875,8.99,24.662364672732497,319.541975,1.9975,0.9975,27.9975,0.8951,0.0,1.9975,4.999874999999999,0.0,3.0073875,0.0,1.0074375,0.0,0.0,1.0074375,2.4338,0.0,0.0,91.0775,22.0,18.0,49.380599999999994,878.6700000000001,4.0,2.0,56.0,1.8299999999999998,0.0,4.0,10.0,0.0,9.0,0.0,5.0,0.0,0.0,5.0,7.375,0.0,0.0,213.0,30.0,87.0,65.38,933.47,16.0,4.0,122.0,3.44,2.0,4.0,10.0,0.0,12.0,0.0,5.0,0.0,0.0,5.0,16.48,0.0,0.0,225.0,8.0,69.0,15.9994,54.8,12.0,2.0,66.0,1.61,2.0,0.0,0.0,0.0,3.0,0.0,0.0,0.0,0.0,0.0,9.105,0.0,0.0,12.0,8.0,87.0,15.9994,54.8,16.0,2.0,66.0,3.44,2.0,4.0,0.0,0.0,6.0,0.0,2.0,0.0,0.0,2.0,9.105,0.0,0.0,12.0
400,Zn0.995Al0.005O,1.823055467,0,Mgaultois/Sparks,Peer-reviewed literature,37.915000000000006,156.01999999999998,81.187407693,748.68395,28.005,5.995,187.995,5.089799999999999,4.0,4.005,9.95,0.0,17.955,0.0,2.025,0.0,0.0,2.025,23.0776,0.0,0.0,206.155,18.957500000000003,78.00999999999999,40.5937038465,374.341975,14.0025,2.9975,93.9975,2.5448999999999997,2.0,2.0025,4.975,0.0,8.9775,0.0,1.0125,0.0,0.0,1.0125,11.5388,0.0,0.0,103.0775,10.9872875,8.99,24.662364672732497,319.541975,1.9975,0.9975,27.9975,0.8951,0.0,1.9975,4.999874999999999,0.0,3.0073875,0.0,1.0074375,0.0,0.0,1.0074375,2.4338,0.0,0.0,91.0775,22.0,18.0,49.380599999999994,878.6700000000001,4.0,2.0,56.0,1.8299999999999998,0.0,4.0,10.0,0.0,9.0,0.0,5.0,0.0,0.0,5.0,7.375,0.0,0.0,213.0,30.0,87.0,65.38,933.47,16.0,4.0,122.0,3.44,2.0,4.0,10.0,0.0,12.0,0.0,5.0,0.0,0.0,5.0,16.48,0.0,0.0,225.0,8.0,69.0,15.9994,54.8,12.0,2.0,66.0,1.61,2.0,0.0,0.0,0.0,3.0,0.0,0.0,0.0,0.0,0.0,9.105,0.0,0.0,12.0,8.0,87.0,15.9994,54.8,16.0,2.0,66.0,3.44,2.0,4.0,0.0,0.0,6.0,0.0,2.0,0.0,0.0,2.0,9.105,0.0,0.0,12.0
700,Zn0.995Al0.005O,1.811848037,0,Mgaultois/Sparks,Peer-reviewed literature,37.915000000000006,156.01999999999998,81.187407693,748.68395,28.005,5.995,187.995,5.089799999999999,4.0,4.005,9.95,0.0,17.955,0.0,2.025,0.0,0.0,2.025,23.0776,0.0,0.0,206.155,18.957500000000003,78.00999999999999,40.5937038465,374.341975,14.0025,2.9975,93.9975,2.5448999999999997,2.0,2.0025,4.975,0.0,8.9775,0.0,1.0125,0.0,0.0,1.0125,11.5388,0.0,0.0,103.0775,10.9872875,8.99,24.662364672732497,319.541975,1.9975,0.9975,27.9975,0.8951,0.0,1.9975,4.999874999999999,0.0,3.0073875,0.0,1.0074375,0.0,0.0,1.0074375,2.4338,0.0,0.0,91.0775,22.0,18.0,49.380599999999994,878.6700000000001,4.0,2.0,56.0,1.8299999999999998,0.0,4.0,10.0,0.0,9.0,0.0,5.0,0.0,0.0,5.0,7.375,0.0,0.0,213.0,30.0,87.0,65.38,933.47,16.0,4.0,122.0,3.44,2.0,4.0,10.0,0.0,12.0,0.0,5.0,0.0,0.0,5.0,16.48,0.0,0.0,225.0,8.0,69.0,15.9994,54.8,12.0,2.0,66.0,1.61,2.0,0.0,0.0,0.0,3.0,0.0,0.0,0.0,0.0,0.0,9.105,0.0,0.0,12.0,8.0,87.0,15.9994,54.8,16.0,2.0,66.0,3.44,2.0,4.0,0.0,0.0,6.0,0.0,2.0,0.0,0.0,2.0,9.105,0.0,0.0,12.0
1000,Zn0.995Al0.005O,1.960863601,0,Mgaultois/Sparks,Peer-reviewed literature,37.915000000000006,156.01999999999998,81.187407693,748.68395,28.005,5.995,187.995,5.089799999999999,4.0,4.005,9.95,0.0,17.955,0.0,2.025,0.0,0.0,2.025,23.0776,0.0,0.0,206.155,18.957500000000003,78.00999999999999,40.5937038465,374.341975,14.0025,2.9975,93.9975,2.5448999999999997,2.0,2.0025,4.975,0.0,8.9775,0.0,1.0125,0.0,0.0,1.0125,11.5388,0.0,0.0,103.0775,10.9872875,8.99,24.662364672732497,319.541975,1.9975,0.9975,27.9975,0.8951,0.0,1.9975,4.999874999999999,0.0,3.0073875,0.0,1.0074375,0.0,0.0,1.0074375,2.4338,0.0,0.0,91.0775,22.0,18.0,49.380599999999994,878.6700000000001,4.0,2.0,56.0,1.8299999999999998,0.0,4.0,10.0,0.0,9.0,0.0,5.0,0.0,0.0,5.0,7.375,0.0,0.0,213.0,30.0,87.0,65.38,933.47,16.0,4.0,122.0,3.44,2.0,4.0,10.0,0.0,12.0,0.0,5.0,0.0,0.0,5.0,16.48,0.0,0.0,225.0,8.0,69.0,15.9994,54.8,12.0,2.0,66.0,1.61,2.0,0.0,0.0,0.0,3.0,0.0,0.0,0.0,0.0,0.0,9.105,0.0,0.0,12.0,8.0,87.0,15.9994,54.8,16.0,2.0,66.0,3.44,2.0,4.0,0.0,0.0,6.0,0.0,2.0,0.0,0.0,2.0,9.105,0.0,0.0,12.0
300,Zn0.9925Al0.0075O,1.986560241,0,Mgaultois/Sparks,Peer-reviewed literature,37.8725,156.03,81.0914115395,749.285925,28.0075,5.9925,187.9925,5.0897,4.0,4.0075,9.925,0.0,17.9325,0.0,2.0375,0.0,0.0,2.0375,23.0839,0.0,0.0,206.23250000000002,18.93625,78.015,40.54570576975,374.6429625,14.00375,2.99625,93.99625,2.54485,2.0,2.00375,4.9625,0.0,8.96625,0.0,1.01875,0.0,0.0,1.01875,11.54195,0.0,0.0,103.11625000000001,10.980771875,8.985,24.648037023523123,319.8429625,1.99625,0.9962500000000001,27.996250000000003,0.8951500000000001,0.0,1.99625,4.9997187499999995,0.0,3.010996875,0.0,1.0111093750000002,0.0,0.0,1.0111093750000002,2.4369500000000004,0.0,0.0,91.11625000000001,22.0,18.0,49.380599999999994,878.6700000000001,4.0,2.0,56.0,1.8299999999999998,0.0,4.0,10.0,0.0,9.0,0.0,5.0,0.0,0.0,5.0,7.375,0.0,0.0,213.0,30.0,87.0,65.38,933.47,16.0,4.0,122.0,3.44,2.0,4.0,10.0,0.0,12.0,0.0,5.0,0.0,0.0,5.0,16.48,0.0,0.0,225.0,8.0,69.0,15.9994,54.8,12.0,2.0,66.0,1.61,2.0,0.0,0.0,0.0,3.0,0.0,0.0,0.0,0.0,0.0,9.105,0.0,0.0,12.0,8.0,87.0,15.9994,54.8,16.0,2.0,66.0,3.44,2.0,4.0,0.0,0.0,6.0,0.0,2.0,0.0,0.0,2.0,9.105,0.0,0.0,12.0
400,Zn0.9925Al0.0075O,1.986560241,0,Mgaultois/Sparks,Peer-reviewed literature,37.8725,156.03,81.0914115395,749.285925,28.0075,5.9925,187.9925,5.0897,4.0,4.0075,9.925,0.0,17.9325,0.0,2.0375,0.0,0.0,2.0375,23.0839,0.0,0.0,206.23250000000002,18.93625,78.015,40.54570576975,374.6429625,14.00375,2.99625,93.99625,2.54485,2.0,2.00375,4.9625,0.0,8.96625,0.0,1.01875,0.0,0.0,1.01875,11.54195,0.0,0.0,103.11625000000001,10.980771875,8.985,24.648037023523123,319.8429625,1.99625,0.9962500000000001,27.996250000000003,0.8951500000000001,0.0,1.99625,4.9997187499999995,0.0,3.010996875,0.0,1.0111093750000002,0.0,0.0,1.0111093750000002,2.4369500000000004,0.0,0.0,91.11625000000001,22.0,18.0,49.380599999999994,878.6700000000001,4.0,2.0,56.0,1.8299999999999998,0.0,4.0,10.0,0.0,9.0,0.0,5.0,0.0,0.0,5.0,7.375,0.0,0.0,213.0,30.0,87.0,65.38,933.47,16.0,4.0,122.0,3.44,2.0,4.0,10.0,0.0,12.0,0.0,5.0,0.0,0.0,5.0,16.48,0.0,0.0,225.0,8.0,69.0,15.9994,54.8,12.0,2.0,66.0,1.61,2.0,0.0,0.0,0.0,3.0,0.0,0.0,0.0,0.0,0.0,9.105,0.0,0.0,12.0,8.0,87.0,15.9994,54.8,16.0,2.0,66.0,3.44,2.0,4.0,0.0,0.0,6.0,0.0,2.0,0.0,0.0,2.0,9.105,0.0,0.0,12.0
700,Zn0.9925Al0.0075O,1.954669196,0,Mgaultois/Sparks,Peer-reviewed literature,37.8725,156.03,81.0914115395,749.285925,28.0075,5.9925,187.9925,5.0897,4.0,4.0075,9.925,0.0,17.9325,0.0,2.0375,0.0,0.0,2.0375,23.0839,0.0,0.0,206.23250000000002,18.93625,78.015,40.54570576975,374.6429625,14.00375,2.99625,93.99625,2.54485,2.0,2.00375,4.9625,0.0,8.96625,0.0,1.01875,0.0,0.0,1.01875,11.54195,0.0,0.0,103.11625000000001,10.980771875,8.985,24.648037023523123,319.8429625,1.99625,0.9962500000000001,27.996250000000003,0.8951500000000001,0.0,1.99625,4.9997187499999995,0.0,3.010996875,0.0,1.0111093750000002,0.0,0.0,1.0111093750000002,2.4369500000000004,0.0,0.0,91.11625000000001,22.0,18.0,49.380599999999994,878.6700000000001,4.0,2.0,56.0,1.8299999999999998,0.0,4.0,10.0,0.0,9.0,0.0,5.0,0.0,0.0,5.0,7.375,0.0,0.0,213.0,30.0,87.0,65.38,933.47,16.0,4.0,122.0,3.44,2.0,4.0,10.0,0.0,12.0,0.0,5.0,0.0,0.0,5.0,16.48,0.0,0.0,225.0,8.0,69.0,15.9994,54.8,12.0,2.0,66.0,1.61,2.0,0.0,0.0,0.0,3.0,0.0,0.0,0.0,0.0,0.0,9.105,0.0,0.0,12.0,8.0,87.0,15.9994,54.8,16.0,2.0,66.0,3.44,2.0,4.0,0.0,0.0,6.0,0.0,2.0,0.0,0.0,2.0,9.105,0.0,0.0,12.0
1000,Zn0.9925Al0.0075O,2.020975917,0,Mgaultois/Sparks,Peer-reviewed literature,37.8725,156.03,81.0914115395,749.285925,28.0075,5.9925,187.9925,5.0897,4.0,4.0075,9.925,0.0,17.9325,0.0,2.0375,0.0,0.0,2.0375,23.0839,0.0,0.0,206.23250000000002,18.93625,78.015,40.54570576975,374.6429625,14.00375,2.99625,93.99625,2.54485,2.0,2.00375,4.9625,0.0,8.96625,0.0,1.01875,0.0,0.0,1.01875,11.54195,0.0,0.0,103.11625000000001,10.980771875,8.985,24.648037023523123,319.8429625,1.99625,0.9962500000000001,27.996250000000003,0.8951500000000001,0.0,1.99625,4.9997187499999995,0.0,3.010996875,0.0,1.0111093750000002,0.0,0.0,1.0111093750000002,2.4369500000000004,0.0,0.0,91.11625000000001,22.0,18.0,49.380599999999994,878.6700000000001,4.0,2.0,56.0,1.8299999999999998,0.0,4.0,10.0,0.0,9.0,0.0,5.0,0.0,0.0,5.0,7.375,0.0,0.0,213.0,30.0,87.0,65.38,933.47,16.0,4.0,122.0,3.44,2.0,4.0,10.0,0.0,12.0,0.0,5.0,0.0,0.0,5.0,16.48,0.0,0.0,225.0,8.0,69.0,15.9994,54.8,12.0,2.0,66.0,1.61,2.0,0.0,0.0,0.0,3.0,0.0,0.0,0.0,0.0,0.0,9.105,0.0,0.0,12.0,8.0,87.0,15.9994,54.8,16.0,2.0,66.0,3.44,2.0,4.0,0.0,0.0,6.0,0.0,2.0,0.0,0.0,2.0,9.105,0.0,0.0,12.0
300,Zn0.97Al0.03O,1.669689739,0,Mgaultois/Sparks,Peer-reviewed literature,37.489999999999995,156.12,80.22744615799998,754.7036999999999,28.03,5.97,187.97,5.0888,4.0,4.03,9.7,0.0,17.73,0.0,2.15,0.0,0.0,2.15,23.1406,0.0,0.0,206.93,18.744999999999997,78.06,40.11372307899999,377.35184999999996,14.015,2.985,93.985,2.5444,2.0,2.015,4.85,0.0,8.865,0.0,1.075,0.0,0.0,1.075,11.5703,0.0,0.0,103.465,10.917349999999999,8.94,24.50828861337,322.55184999999994,1.9849999999999999,0.985,27.985,0.8956,0.0,1.9849999999999999,4.9955,0.0,3.0409499999999996,0.0,1.0427499999999998,0.0,0.0,1.0427499999999998,2.4653,0.0,0.0,91.465,22.0,18.0,49.380599999999994,878.6700000000001,4.0,2.0,56.0,1.8299999999999998,0.0,4.0,10.0,0.0,9.0,0.0,5.0,0.0,0.0,5.0,7.375,0.0,0.0,213.0,30.0,87.0,65.38,933.47,16.0,4.0,122.0,3.44,2.0,4.0,10.0,0.0,12.0,0.0,5.0,0.0,0.0,5.0,16.48,0.0,0.0,225.0,8.0,69.0,15.9994,54.8,12.0,2.0,66.0,1.61,2.0,0.0,0.0,0.0,3.0,0.0,0.0,0.0,0.0,0.0,9.105,0.0,0.0,12.0,8.0,87.0,15.9994,54.8,16.0,2.0,66.0,3.44,2.0,4.0,0.0,0.0,6.0,0.0,2.0,0.0,0.0,2.0,9.105,0.0,0.0,12.0
400,Zn0.97Al0.03O,1.668097163,0,Mgaultois/Sparks,Peer-reviewed literature,37.489999999999995,156.12,80.22744615799998,754.7036999999999,28.03,5.97,187.97,5.0888,4.0,4.03,9.7,0.0,17.73,0.0,2.15,0.0,0.0,2.15,23.1406,0.0,0.0,206.93,18.744999999999997,78.06,40.11372307899999,377.35184999999996,14.015,2.985,93.985,2.5444,2.0,2.015,4.85,0.0,8.865,0.0,1.075,0.0,0.0,1.075,11.5703,0.0,0.0,103.465,10.917349999999999,8.94,24.50828861337,322.55184999999994,1.9849999999999999,0.985,27.985,0.8956,0.0,1.9849999999999999,4.9955,0.0,3.0409499999999996,0.0,1.0427499999999998,0.0,0.0,1.0427499999999998,2.4653,0.0,0.0,91.465,22.0,18.0,49.380599999999994,878.6700000000001,4.0,2.0,56.0,1.8299999999999998,0.0,4.0,10.0,0.0,9.0,0.0,5.0,0.0,0.0,5.0,7.375,0.0,0.0,213.0,30.0,87.0,65.38,933.47,16.0,4.0,122.0,3.44,2.0,4.0,10.0,0.0,12.0,0.0,5.0,0.0,0.0,5.0,16.48,0.0,0.0,225.0,8.0,69.0,15.9994,54.8,12.0,2.0,66.0,1.61,2.0,0.0,0.0,0.0,3.0,0.0,0.0,0.0,0.0,0.0,9.105,0.0,0.0,12.0,8.0,87.0,15.9994,54.8,16.0,2.0,66.0,3.44,2.0,4.0,0.0,0.0,6.0,0.0,2.0,0.0,0.0,2.0,9.105,0.0,0.0,12.0
700,Zn0.97Al0.03O,1.655564496,0,Mgaultois/Sparks,Peer-reviewed literature,37.489999999999995,156.12,80.22744615799998,754.7036999999999,28.03,5.97,187.97,5.0888,4.0,4.03,9.7,0.0,17.73,0.0,2.15,0.0,0.0,2.15,23.1406,0.0,0.0,206.93,18.744999999999997,78.06,40.11372307899999,377.35184999999996,14.015,2.985,93.985,2.5444,2.0,2.015,4.85,0.0,8.865,0.0,1.075,0.0,0.0,1.075,11.5703,0.0,0.0,103.465,10.917349999999999,8.94,24.50828861337,322.55184999999994,1.9849999999999999,0.985,27.985,0.8956,0.0,1.9849999999999999,4.9955,0.0,3.0409499999999996,0.0,1.0427499999999998,0.0,0.0,1.0427499999999998,2.4653,0.0,0.0,91.465,22.0,18.0,49.380599999999994,878.6700000000001,4.0,2.0,56.0,1.8299999999999998,0.0,4.0,10.0,0.0,9.0,0.0,5.0,0.0,0.0,5.0,7.375,0.0,0.0,213.0,30.0,87.0,65.38,933.47,16.0,4.0,122.0,3.44,2.0,4.0,10.0,0.0,12.0,0.0,5.0,0.0,0.0,5.0,16.48,0.0,0.0,225.0,8.0,69.0,15.9994,54.8,12.0,2.0,66.0,1.61,2.0,0.0,0.0,0.0,3.0,0.0,0.0,0.0,0.0,0.0,9.105,0.0,0.0,12.0,8.0,87.0,15.9994,54.8,16.0,2.0,66.0,3.44,2.0,4.0,0.0,0.0,6.0,0.0,2.0,0.0,0.0,2.0,9.105,0.0,0.0,12.0
1000,Zn0.97Al0.03O,1.767697791,0,Mgaultois/Sparks,Peer-reviewed literature,37.489999999999995,156.12,80.22744615799998,754.7036999999999,28.03,5.97,187.97,5.0888,4.0,4.03,9.7,0.0,17.73,0.0,2.15,0.0,0.0,2.15,23.1406,0.0,0.0,206.93,18.744999999999997,78.06,40.11372307899999,377.35184999999996,14.015,2.985,93.985,2.5444,2.0,2.015,4.85,0.0,8.865,0.0,1.075,0.0,0.0,1.075,11.5703,0.0,0.0,103.465,10.917349999999999,8.94,24.50828861337,322.55184999999994,1.9849999999999999,0.985,27.985,0.8956,0.0,1.9849999999999999,4.9955,0.0,3.0409499999999996,0.0,1.0427499999999998,0.0,0.0,1.0427499999999998,2.4653,0.0,0.0,91.465,22.0,18.0,49.380599999999994,878.6700000000001,4.0,2.0,56.0,1.8299999999999998,0.0,4.0,10.0,0.0,9.0,0.0,5.0,0.0,0.0,5.0,7.375,0.0,0.0,213.0,30.0,87.0,65.38,933.47,16.0,4.0,122.0,3.44,2.0,4.0,10.0,0.0,12.0,0.0,5.0,0.0,0.0,5.0,16.48,0.0,0.0,225.0,8.0,69.0,15.9994,54.8,12.0,2.0,66.0,1.61,2.0,0.0,0.0,0.0,3.0,0.0,0.0,0.0,0.0,0.0,9.105,0.0,0.0,12.0,8.0,87.0,15.9994,54.8,16.0,2.0,66.0,3.44,2.0,4.0,0.0,0.0,6.0,0.0,2.0,0.0,0.0,2.0,9.105,0.0,0.0,12.0
300,SrMn0.98Mo0.02O3,1.588964796,0,Mgaultois/Sparks,Peer-reviewed literature,87.34,320.96,191.37668409999998,2760.94,56.98,15.02,532.3,12.8322,9.98,12.0,5.0,0.0,26.979999999999997,0.02,6.0,5.0,0.0,11.02,92.13663448276199,0.0,0.0003039182758619,478.23999999999995,17.468,64.192,38.27533682,552.188,11.396,3.004,106.46000000000001,2.56644,1.996,2.4,1.0,0.0,5.396,0.004,1.2,1.0,0.0,2.2039999999999997,18.4273268965524,0.0,6.0783655172379996e-05,95.64800000000001,11.3616,27.369600000000002,26.731124184000002,596.8656000000001,5.5248,1.2048,48.552,1.0482719999999999,0.007968000000000003,1.92,1.6,0.0,1.3584,0.007968,0.96,1.6,0.0,1.1263999999999998,14.321069241379039,0.0,9.774011751718703e-05,100.3776,34.0,79.0,79.9606,2841.2,14.0,3.0,129.0,2.49,1.0,4.0,5.0,0.0,5.0,1.0,2.0,5.0,0.0,6.0,45.125,0.0,0.000310120689655,217.0,42.0,87.0,95.96,2896.0,16.0,5.0,195.0,3.44,2.0,4.0,5.0,0.0,7.0,1.0,2.0,5.0,0.0,6.0,54.23,0.0,0.000310120689655,229.0,8.0,8.0,15.9994,54.8,2.0,2.0,66.0,0.95,1.0,0.0,0.0,0.0,2.0,0.0,0.0,0.0,0.0,0.0,9.105,0.0,0.0,12.0,8.0,87.0,15.9994,54.8,16.0,2.0,66.0,3.44,2.0,4.0,0.0,0.0,6.0,0.0,2.0,0.0,0.0,2.0,9.105,0.0,0.0,12.0
400,SrMn0.98Mo0.02O3,1.584187271,0,Mgaultois/Sparks,Peer-reviewed literature,87.34,320.96,191.37668409999998,2760.94,56.98,15.02,532.3,12.8322,9.98,12.0,5.0,0.0,26.979999999999997,0.02,6.0,5.0,0.0,11.02,92.13663448276199,0.0,0.0003039182758619,478.23999999999995,17.468,64.192,38.27533682,552.188,11.396,3.004,106.46000000000001,2.56644,1.996,2.4,1.0,0.0,5.396,0.004,1.2,1.0,0.0,2.2039999999999997,18.4273268965524,0.0,6.0783655172379996e-05,95.64800000000001,11.3616,27.369600000000002,26.731124184000002,596.8656000000001,5.5248,1.2048,48.552,1.0482719999999999,0.007968000000000003,1.92,1.6,0.0,1.3584,0.007968,0.96,1.6,0.0,1.1263999999999998,14.321069241379039,0.0,9.774011751718703e-05,100.3776,34.0,79.0,79.9606,2841.2,14.0,3.0,129.0,2.49,1.0,4.0,5.0,0.0,5.0,1.0,2.0,5.0,0.0,6.0,45.125,0.0,0.000310120689655,217.0,42.0,87.0,95.96,2896.0,16.0,5.0,195.0,3.44,2.0,4.0,5.0,0.0,7.0,1.0,2.0,5.0,0.0,6.0,54.23,0.0,0.000310120689655,229.0,8.0,8.0,15.9994,54.8,2.0,2.0,66.0,0.95,1.0,0.0,0.0,0.0,2.0,0.0,0.0,0.0,0.0,0.0,9.105,0.0,0.0,12.0,8.0,87.0,15.9994,54.8,16.0,2.0,66.0,3.44,2.0,4.0,0.0,0.0,6.0,0.0,2.0,0.0,0.0,2.0,9.105,0.0,0.0,12.0
700,SrMn0.98Mo0.02O3,1.474845013,0,Mgaultois/Sparks,Peer-reviewed literature,87.34,320.96,191.37668409999998,2760.94,56.98,15.02,532.3,12.8322,9.98,12.0,5.0,0.0,26.979999999999997,0.02,6.0,5.0,0.0,11.02,92.13663448276199,0.0,0.0003039182758619,478.23999999999995,17.468,64.192,38.27533682,552.188,11.396,3.004,106.46000000000001,2.56644,1.996,2.4,1.0,0.0,5.396,0.004,1.2,1.0,0.0,2.2039999999999997,18.4273268965524,0.0,6.0783655172379996e-05,95.64800000000001,11.3616,27.369600000000002,26.731124184000002,596.8656000000001,5.5248,1.2048,48.552,1.0482719999999999,0.007968000000000003,1.92,1.6,0.0,1.3584,0.007968,0.96,1.6,0.0,1.1263999999999998,14.321069241379039,0.0,9.774011751718703e-05,100.3776,34.0,79.0,79.9606,2841.2,14.0,3.0,129.0,2.49,1.0,4.0,5.0,0.0,5.0,1.0,2.0,5.0,0.0,6.0,45.125,0.0,0.000310120689655,217.0,42.0,87.0,95.96,2896.0,16.0,5.0,195.0,3.44,2.0,4.0,5.0,0.0,7.0,1.0,2.0,5.0,0.0,6.0,54.23,0.0,0.000310120689655,229.0,8.0,8.0,15.9994,54.8,2.0,2.0,66.0,0.95,1.0,0.0,0.0,0.0,2.0,0.0,0.0,0.0,0.0,0.0,9.105,0.0,0.0,12.0,8.0,87.0,15.9994,54.8,16.0,2.0,66.0,3.44,2.0,4.0,0.0,0.0,6.0,0.0,2.0,0.0,0.0,2.0,9.105,0.0,0.0,12.0
1000,SrMn0.98Mo0.02O3,1.449327792,0,Mgaultois/Sparks,Peer-reviewed literature,87.34,320.96,191.37668409999998,2760.94,56.98,15.02,532.3,12.8322,9.98,12.0,5.0,0.0,26.979999999999997,0.02,6.0,5.0,0.0,11.02,92.13663448276199,0.0,0.0003039182758619,478.23999999999995,17.468,64.192,38.27533682,552.188,11.396,3.004,106.46000000000001,2.56644,1.996,2.4,1.0,0.0,5.396,0.004,1.2,1.0,0.0,2.2039999999999997,18.4273268965524,0.0,6.0783655172379996e-05,95.64800000000001,11.3616,27.369600000000002,26.731124184000002,596.8656000000001,5.5248,1.2048,48.552,1.0482719999999999,0.007968000000000003,1.92,1.6,0.0,1.3584,0.007968,0.96,1.6,0.0,1.1263999999999998,14.321069241379039,0.0,9.774011751718703e-05,100.3776,34.0,79.0,79.9606,2841.2,14.0,3.0,129.0,2.49,1.0,4.0,5.0,0.0,5.0,1.0,2.0,5.0,0.0,6.0,45.125,0.0,0.000310120689655,217.0,42.0,87.0,95.96,2896.0,16.0,5.0,195.0,3.44,2.0,4.0,5.0,0.0,7.0,1.0,2.0,5.0,0.0,6.0,54.23,0.0,0.000310120689655,229.0,8.0,8.0,15.9994,54.8,2.0,2.0,66.0,0.95,1.0,0.0,0.0,0.0,2.0,0.0,0.0,0.0,0.0,0.0,9.105,0.0,0.0,12.0,8.0,87.0,15.9994,54.8,16.0,2.0,66.0,3.44,2.0,4.0,0.0,0.0,6.0,0.0,2.0,0.0,0.0,2.0,9.105,0.0,0.0,12.0
300,SrMn0.96Mo0.04O3,1.812425701,0,Mgaultois/Sparks,Peer-reviewed literature,87.68,320.92,192.1971232,2788.48,56.96,15.04,532.6,12.8444,9.96,12.0,5.0,0.0,26.96,0.04,6.0,5.0,0.0,11.04,92.24068275862399,0.0,0.00029771586206879996,478.48,17.536,64.184,38.43942464,557.696,11.392,3.008,106.52000000000001,2.56888,1.992,2.4,1.0,0.0,5.3919999999999995,0.008,1.2,1.0,0.0,2.208,18.4481365517248,0.0,5.9543172413759995e-05,95.696,11.443200000000001,27.3792,26.928029568,603.4752,5.5296,1.2096,48.624,1.045344,0.015872000000000008,1.92,1.6,0.0,1.3568000000000002,0.015872,0.96,1.6,0.0,1.1328,14.31274537931008,0.0,9.622176662063615e-05,100.4352,34.0,79.0,79.9606,2841.2,14.0,3.0,129.0,2.49,1.0,4.0,5.0,0.0,5.0,1.0,2.0,5.0,0.0,6.0,45.125,0.0,0.000310120689655,217.0,42.0,87.0,95.96,2896.0,16.0,5.0,195.0,3.44,2.0,4.0,5.0,0.0,7.0,1.0,2.0,5.0,0.0,6.0,54.23,0.0,0.000310120689655,229.0,8.0,8.0,15.9994,54.8,2.0,2.0,66.0,0.95,1.0,0.0,0.0,0.0,2.0,0.0,0.0,0.0,0.0,0.0,9.105,0.0,0.0,12.0,8.0,87.0,15.9994,54.8,16.0,2.0,66.0,3.44,2.0,4.0,0.0,0.0,6.0,0.0,2.0,0.0,0.0,2.0,9.105,0.0,0.0,12.0
400,SrMn0.96Mo0.04O3,1.818819789,0,Mgaultois/Sparks,Peer-reviewed literature,87.68,320.92,192.1971232,2788.48,56.96,15.04,532.6,12.8444,9.96,12.0,5.0,0.0,26.96,0.04,6.0,5.0,0.0,11.04,92.24068275862399,0.0,0.00029771586206879996,478.48,17.536,64.184,38.43942464,557.696,11.392,3.008,106.52000000000001,2.56888,1.992,2.4,1.0,0.0,5.3919999999999995,0.008,1.2,1.0,0.0,2.208,18.4481365517248,0.0,5.9543172413759995e-05,95.696,11.443200000000001,27.3792,26.928029568,603.4752,5.5296,1.2096,48.624,1.045344,0.015872000000000008,1.92,1.6,0.0,1.3568000000000002,0.015872,0.96,1.6,0.0,1.1328,14.31274537931008,0.0,9.622176662063615e-05,100.4352,34.0,79.0,79.9606,2841.2,14.0,3.0,129.0,2.49,1.0,4.0,5.0,0.0,5.0,1.0,2.0,5.0,0.0,6.0,45.125,0.0,0.000310120689655,217.0,42.0,87.0,95.96,2896.0,16.0,5.0,195.0,3.44,2.0,4.0,5.0,0.0,7.0,1.0,2.0,5.0,0.0,6.0,54.23,0.0,0.000310120689655,229.0,8.0,8.0,15.9994,54.8,2.0,2.0,66.0,0.95,1.0,0.0,0.0,0.0,2.0,0.0,0.0,0.0,0.0,0.0,9.105,0.0,0.0,12.0,8.0,87.0,15.9994,54.8,16.0,2.0,66.0,3.44,2.0,4.0,0.0,0.0,6.0,0.0,2.0,0.0,0.0,2.0,9.105,0.0,0.0,12.0
700,SrMn0.96Mo0.04O3,1.759762857,0,Mgaultois/Sparks,Peer-reviewed literature,87.68,320.92,192.1971232,2788.48,56.96,15.04,532.6,12.8444,9.96,12.0,5.0,0.0,26.96,0.04,6.0,5.0,0.0,11.04,92.24068275862399,0.0,0.00029771586206879996,478.48,17.536,64.184,38.43942464,557.696,11.392,3.008,106.52000000000001,2.56888,1.992,2.4,1.0,0.0,5.3919999999999995,0.008,1.2,1.0,0.0,2.208,18.4481365517248,0.0,5.9543172413759995e-05,95.696,11.443200000000001,27.3792,26.928029568,603.4752,5.5296,1.2096,48.624,1.045344,0.015872000000000008,1.92,1.6,0.0,1.3568000000000002,0.015872,0.96,1.6,0.0,1.1328,14.31274537931008,0.0,9.622176662063615e-05,100.4352,34.0,79.0,79.9606,2841.2,14.0,3.0,129.0,2.49,1.0,4.0,5.0,0.0,5.0,1.0,2.0,5.0,0.0,6.0,45.125,0.0,0.000310120689655,217.0,42.0,87.0,95.96,2896.0,16.0,5.0,195.0,3.44,2.0,4.0,5.0,0.0,7.0,1.0,2.0,5.0,0.0,6.0,54.23,0.0,0.000310120689655,229.0,8.0,8.0,15.9994,54.8,2.0,2.0,66.0,0.95,1.0,0.0,0.0,0.0,2.0,0.0,0.0,0.0,0.0,0.0,9.105,0.0,0.0,12.0,8.0,87.0,15.9994,54.8,16.0,2.0,66.0,3.44,2.0,4.0,0.0,0.0,6.0,0.0,2.0,0.0,0.0,2.0,9.105,0.0,0.0,12.0
1000,SrMn0.96Mo0.04O3,1.639264621,0,Mgaultois/Sparks,Peer-reviewed literature,87.68,320.92,192.1971232,2788.48,56.96,15.04,532.6,12.8444,9.96,12.0,5.0,0.0,26.96,0.04,6.0,5.0,0.0,11.04,92.24068275862399,0.0,0.00029771586206879996,478.48,17.536,64.184,38.43942464,557.696,11.392,3.008,106.52000000000001,2.56888,1.992,2.4,1.0,0.0,5.3919999999999995,0.008,1.2,1.0,0.0,2.208,18.4481365517248,0.0,5.9543172413759995e-05,95.696,11.443200000000001,27.3792,26.928029568,603.4752,5.5296,1.2096,48.624,1.045344,0.015872000000000008,1.92,1.6,0.0,1.3568000000000002,0.015872,0.96,1.6,0.0,1.1328,14.31274537931008,0.0,9.622176662063615e-05,100.4352,34.0,79.0,79.9606,2841.2,14.0,3.0,129.0,2.49,1.0,4.0,5.0,0.0,5.0,1.0,2.0,5.0,0.0,6.0,45.125,0.0,0.000310120689655,217.0,42.0,87.0,95.96,2896.0,16.0,5.0,195.0,3.44,2.0,4.0,5.0,0.0,7.0,1.0,2.0,5.0,0.0,6.0,54.23,0.0,0.000310120689655,229.0,8.0,8.0,15.9994,54.8,2.0,2.0,66.0,0.95,1.0,0.0,0.0,0.0,2.0,0.0,0.0,0.0,0.0,0.0,9.105,0.0,0.0,12.0,8.0,87.0,15.9994,54.8,16.0,2.0,66.0,3.44,2.0,4.0,0.0,0.0,6.0,0.0,2.0,0.0,0.0,2.0,9.105,0.0,0.0,12.0
300,Sm1.7Ca0.3MnO3,0.604016982,0,Mgaultois/Sparks,Peer-reviewed literature,160.39999999999998,354.2,370.571645,4304.4,60.7,21.4,726.4,14.158999999999999,12.0,12.0,5.0,10.2,39.2,0.0,6.0,5.0,13.6,24.6,105.62458620689999,0.0,0.000310120689655,602.7,26.733333333333334,59.03333333333333,61.761940833333334,717.4,10.116666666666667,3.5666666666666664,121.06666666666666,2.3598333333333334,2.0,2.0,0.8333333333333333,1.7,6.533333333333333,0.0,1.0,0.8333333333333333,2.2666666666666666,4.1,17.60409770115,0.0,5.1686781609166664e-05,100.44999999999999,19.984444444444442,27.96666666666667,50.20556686111111,662.5999999999999,5.883333333333333,1.5666666666666669,55.06666666666666,1.0801666666666665,0.0,2.0,1.3888888888888888,2.4366666666666665,0.9866666666666667,0.0,1.0,1.3888888888888888,3.2488888888888887,2.51,10.871268199233333,0.0,8.614463601527776e-05,88.44999999999999,54.0,80.0,134.3606,1464.2,14.0,4.0,132.0,2.44,0.0,4.0,5.0,6.0,6.0,0.0,2.0,5.0,8.0,8.0,28.665000000000003,0.0,0.000310120689655,213.0,62.0,87.0,150.36,1519.0,16.0,6.0,198.0,3.44,2.0,4.0,5.0,6.0,8.0,0.0,2.0,5.0,8.0,8.0,37.77,0.0,0.000310120689655,225.0,8.0,7.0,15.9994,54.8,2.0,2.0,66.0,1.0,2.0,0.0,0.0,0.0,2.0,0.0,0.0,0.0,0.0,0.0,9.105,0.0,0.0,12.0,8.0,87.0,15.9994,54.8,16.0,2.0,66.0,3.44,2.0,4.0,0.0,0.0,6.0,0.0,2.0,0.0,0.0,2.0,9.105,0.0,0.0,12.0
300,Sm0.5Ca0.5MnO3,2.01988068,0,Mgaultois/Sparks,Peer-reviewed literature,90.0,328.0,198.155245,2913.4,57.5,15.0,524.0,12.955,10.0,12.0,5.0,3.0,30.0,0.0,6.0,5.0,4.0,15.0,73.3025862069,0.0,0.000310120689655,448.5,18.0,65.6,39.631049000000004,582.68,11.5,3.0,104.80000000000001,2.591,2.0,2.4,1.0,0.6000000000000001,6.0,0.0,1.2,1.0,0.8,3.0,14.66051724138,0.0,6.2024137931e-05,89.7,12.0,25.68,28.357978800000005,633.4560000000001,5.4,1.2000000000000002,46.56,1.0188,0.0,1.92,1.6,1.08,0.8,0.0,0.96,1.6,1.44,1.8000000000000003,8.335793103448,0.0,9.923862068959999e-05,93.24000000000001,54.0,80.0,134.3606,1464.2,14.0,4.0,132.0,2.44,0.0,4.0,5.0,6.0,6.0,0.0,2.0,5.0,8.0,8.0,28.665000000000003,0.0,0.000310120689655,213.0,62.0,87.0,150.36,1519.0,16.0,6.0,198.0,3.44,2.0,4.0,5.0,6.0,8.0,0.0,2.0,5.0,8.0,8.0,37.77,0.0,0.000310120689655,225.0,8.0,7.0,15.9994,54.8,2.0,2.0,66.0,1.0,2.0,0.0,0.0,0.0,2.0,0.0,0.0,0.0,0.0,0.0,9.105,0.0,0.0,12.0,8.0,87.0,15.9994,54.8,16.0,2.0,66.0,3.44,2.0,4.0,0.0,0.0,6.0,0.0,2.0,0.0,0.0,2.0,9.105,0.0,0.0,12.0
300,CaMnO3,1.544634299,0,Mgaultois/Sparks,Peer-reviewed literature,69.0,320.0,143.01424500000002,2798.4,57.0,14.0,513.0,12.870000000000001,10.0,12.0,5.0,0.0,27.0,0.0,6.0,5.0,0.0,11.0,75.5725862069,0.0,0.000310120689655,478.0,13.8,64.0,28.602849,559.68,11.4,2.8,102.6,2.574,2.0,2.4,1.0,0.0,5.4,0.0,1.2,1.0,0.0,2.2,15.11451724138,0.0,6.2024137931e-05,95.60000000000001,6.96,27.6,15.1241388,605.856,5.52,0.96,43.92,1.0392000000000001,0.0,1.92,1.6,0.0,1.3599999999999999,0.0,0.96,1.6,0.0,1.12,9.062193103448,0.0,9.923862068959999e-05,100.32,17.0,80.0,38.938645,1464.2,14.0,2.0,110.0,2.44,0.0,4.0,5.0,0.0,5.0,0.0,2.0,5.0,0.0,5.0,28.665000000000003,0.0,0.000310120689655,213.0,25.0,87.0,54.938045,1519.0,16.0,4.0,176.0,3.44,2.0,4.0,5.0,0.0,7.0,0.0,2.0,5.0,0.0,5.0,37.77,0.0,0.000310120689655,225.0,8.0,7.0,15.9994,54.8,2.0,2.0,66.0,1.0,2.0,0.0,0.0,0.0,2.0,0.0,0.0,0.0,0.0,0.0,9.105,0.0,0.0,12.0,8.0,87.0,15.9994,54.8,16.0,2.0,66.0,3.44,2.0,4.0,0.0,0.0,6.0,0.0,2.0,0.0,0.0,2.0,9.105,0.0,0.0,12.0
700,CaMn7O12,1.049099911,0,Mgaultois/Sparks,Peer-reviewed literature,291.0,1415.0,616.637115,12405.6,243.0,56.0,1941.0,53.13,40.0,48.0,35.0,0.0,123.0,0.0,24.0,35.0,0.0,59.0,220.4431034483,0.0,0.002170844827585,1888.0,14.55,70.75,30.831855750000003,620.28,12.149999999999999,2.8,97.05000000000001,2.6565000000000003,2.0,2.4,1.75,0.0,6.1499999999999995,0.0,1.2,1.75,0.0,2.95,11.022155172415001,0.0,0.00010854224137924998,94.39999999999999,7.859999999999999,19.5,17.798946900000004,678.576,4.62,0.96,37.260000000000005,0.9401999999999999,0.0,1.92,2.275,0.0,0.5949999999999998,0.0,0.96,2.275,0.0,1.435,2.674784482758501,0.0,0.000141104913793025,98.88,17.0,80.0,38.938645,1464.2,14.0,2.0,110.0,2.44,0.0,4.0,5.0,0.0,5.0,0.0,2.0,5.0,0.0,5.0,28.665000000000003,0.0,0.000310120689655,213.0,25.0,87.0,54.938045,1519.0,16.0,4.0,176.0,3.44,2.0,4.0,5.0,0.0,7.0,0.0,2.0,5.0,0.0,5.0,37.77,0.0,0.000310120689655,225.0,8.0,7.0,15.9994,54.8,2.0,2.0,66.0,1.0,2.0,0.0,0.0,0.0,2.0,0.0,0.0,0.0,0.0,0.0,9.105,0.0,0.0,12.0,8.0,87.0,15.9994,54.8,16.0,2.0,66.0,3.44,2.0,4.0,0.0,0.0,6.0,0.0,2.0,0.0,0.0,2.0,9.105,0.0,0.0,12.0
1000,CaMn7O12,1.392537471,0,Mgaultois/Sparks,Peer-reviewed literature,291.0,1415.0,616.637115,12405.6,243.0,56.0,1941.0,53.13,40.0,48.0,35.0,0.0,123.0,0.0,24.0,35.0,0.0,59.0,220.4431034483,0.0,0.002170844827585,1888.0,14.55,70.75,30.831855750000003,620.28,12.149999999999999,2.8,97.05000000000001,2.6565000000000003,2.0,2.4,1.75,0.0,6.1499999999999995,0.0,1.2,1.75,0.0,2.95,11.022155172415001,0.0,0.00010854224137924998,94.39999999999999,7.859999999999999,19.5,17.798946900000004,678.576,4.62,0.96,37.260000000000005,0.9401999999999999,0.0,1.92,2.275,0.0,0.5949999999999998,0.0,0.96,2.275,0.0,1.435,2.674784482758501,0.0,0.000141104913793025,98.88,17.0,80.0,38.938645,1464.2,14.0,2.0,110.0,2.44,0.0,4.0,5.0,0.0,5.0,0.0,2.0,5.0,0.0,5.0,28.665000000000003,0.0,0.000310120689655,213.0,25.0,87.0,54.938045,1519.0,16.0,4.0,176.0,3.44,2.0,4.0,5.0,0.0,7.0,0.0,2.0,5.0,0.0,5.0,37.77,0.0,0.000310120689655,225.0,8.0,7.0,15.9994,54.8,2.0,2.0,66.0,1.0,2.0,0.0,0.0,0.0,2.0,0.0,0.0,0.0,0.0,0.0,9.105,0.0,0.0,12.0,8.0,87.0,15.9994,54.8,16.0,2.0,66.0,3.44,2.0,4.0,0.0,0.0,6.0,0.0,2.0,0.0,0.0,2.0,9.105,0.0,0.0,12.0
300,CaMn6.5Cu0.5O12,0.289864857,0,Mgaultois/Sparks,Peer-reviewed literature,293.0,1421.0,620.9410925000001,12324.985,245.0,56.0,1937.5,53.305,39.5,48.0,37.5,0.0,125.0,0.5,24.0,32.5,0.0,57.0,220.73431034485003,0.0,0.0020157844827575,1892.0,14.649999999999999,71.05,31.047054625,616.24925,12.25,2.8,96.875,2.6652500000000003,1.975,2.4,1.875,0.0,6.25,0.025,1.2,1.625,0.0,2.8499999999999996,11.0367155172425,0.0,0.000100789224137875,94.60000000000001,7.9799999999999995,19.14,18.05718555,673.7391,4.5,0.96,37.05,0.9296999999999999,0.04874999999999992,1.92,2.4375,0.0,0.7250000000000001,0.04875,0.96,2.19375,0.0,1.3975,2.6749926724136257,0.0,0.00013606545258613124,99.12,21.0,80.0,47.5466,1464.2,14.0,2.0,110.0,2.44,1.0,4.0,10.0,0.0,9.0,1.0,2.0,5.0,0.0,5.0,28.665000000000003,0.0,0.000310120689655,213.0,29.0,87.0,63.546,1519.0,16.0,4.0,176.0,3.44,2.0,4.0,10.0,0.0,11.0,1.0,2.0,5.0,0.0,5.0,37.77,0.0,0.000310120689655,225.0,8.0,7.0,15.9994,54.8,2.0,2.0,66.0,1.0,1.0,0.0,0.0,0.0,2.0,0.0,0.0,0.0,0.0,0.0,9.105,0.0,0.0,12.0,8.0,87.0,15.9994,54.8,16.0,2.0,66.0,3.44,2.0,4.0,0.0,0.0,6.0,0.0,2.0,0.0,0.0,2.0,9.105,0.0,0.0,12.0
400,CaMn6.5Cu0.5O12,0.762873667,0,Mgaultois/Sparks,Peer-reviewed literature,293.0,1421.0,620.9410925000001,12324.985,245.0,56.0,1937.5,53.305,39.5,48.0,37.5,0.0,125.0,0.5,24.0,32.5,0.0,57.0,220.73431034485003,0.0,0.0020157844827575,1892.0,14.649999999999999,71.05,31.047054625,616.24925,12.25,2.8,96.875,2.6652500000000003,1.975,2.4,1.875,0.0,6.25,0.025,1.2,1.625,0.0,2.8499999999999996,11.0367155172425,0.0,0.000100789224137875,94.60000000000001,7.9799999999999995,19.14,18.05718555,673.7391,4.5,0.96,37.05,0.9296999999999999,0.04874999999999992,1.92,2.4375,0.0,0.7250000000000001,0.04875,0.96,2.19375,0.0,1.3975,2.6749926724136257,0.0,0.00013606545258613124,99.12,21.0,80.0,47.5466,1464.2,14.0,2.0,110.0,2.44,1.0,4.0,10.0,0.0,9.0,1.0,2.0,5.0,0.0,5.0,28.665000000000003,0.0,0.000310120689655,213.0,29.0,87.0,63.546,1519.0,16.0,4.0,176.0,3.44,2.0,4.0,10.0,0.0,11.0,1.0,2.0,5.0,0.0,5.0,37.77,0.0,0.000310120689655,225.0,8.0,7.0,15.9994,54.8,2.0,2.0,66.0,1.0,1.0,0.0,0.0,0.0,2.0,0.0,0.0,0.0,0.0,0.0,9.105,0.0,0.0,12.0,8.0,87.0,15.9994,54.8,16.0,2.0,66.0,3.44,2.0,4.0,0.0,0.0,6.0,0.0,2.0,0.0,0.0,2.0,9.105,0.0,0.0,12.0
700,CaMn6.5Cu0.5O12,1.300277581,0,Mgaultois/Sparks,Peer-reviewed literature,293.0,1421.0,620.9410925000001,12324.985,245.0,56.0,1937.5,53.305,39.5,48.0,37.5,0.0,125.0,0.5,24.0,32.5,0.0,57.0,220.73431034485003,0.0,0.0020157844827575,1892.0,14.649999999999999,71.05,31.047054625,616.24925,12.25,2.8,96.875,2.6652500000000003,1.975,2.4,1.875,0.0,6.25,0.025,1.2,1.625,0.0,2.8499999999999996,11.0367155172425,0.0,0.000100789224137875,94.60000000000001,7.9799999999999995,19.14,18.05718555,673.7391,4.5,0.96,37.05,0.9296999999999999,0.04874999999999992,1.92,2.4375,0.0,0.7250000000000001,0.04875,0.96,2.19375,0.0,1.3975,2.6749926724136257,0.0,0.00013606545258613124,99.12,21.0,80.0,47.5466,1464.2,14.0,2.0,110.0,2.44,1.0,4.0,10.0,0.0,9.0,1.0,2.0,5.0,0.0,5.0,28.665000000000003,0.0,0.000310120689655,213.0,29.0,87.0,63.546,1519.0,16.0,4.0,176.0,3.44,2.0,4.0,10.0,0.0,11.0,1.0,2.0,5.0,0.0,5.0,37.77,0.0,0.000310120689655,225.0,8.0,7.0,15.9994,54.8,2.0,2.0,66.0,1.0,1.0,0.0,0.0,0.0,2.0,0.0,0.0,0.0,0.0,0.0,9.105,0.0,0.0,12.0,8.0,87.0,15.9994,54.8,16.0,2.0,66.0,3.44,2.0,4.0,0.0,0.0,6.0,0.0,2.0,0.0,0.0,2.0,9.105,0.0,0.0,12.0
1000,CaMn6.5Cu0.5O12,1.550692884,0,Mgaultois/Sparks,Peer-reviewed literature,293.0,1421.0,620.9410925000001,12324.985,245.0,56.0,1937.5,53.305,39.5,48.0,37.5,0.0,125.0,0.5,24.0,32.5,0.0,57.0,220.73431034485003,0.0,0.0020157844827575,1892.0,14.649999999999999,71.05,31.047054625,616.24925,12.25,2.8,96.875,2.6652500000000003,1.975,2.4,1.875,0.0,6.25,0.025,1.2,1.625,0.0,2.8499999999999996,11.0367155172425,0.0,0.000100789224137875,94.60000000000001,7.9799999999999995,19.14,18.05718555,673.7391,4.5,0.96,37.05,0.9296999999999999,0.04874999999999992,1.92,2.4375,0.0,0.7250000000000001,0.04875,0.96,2.19375,0.0,1.3975,2.6749926724136257,0.0,0.00013606545258613124,99.12,21.0,80.0,47.5466,1464.2,14.0,2.0,110.0,2.44,1.0,4.0,10.0,0.0,9.0,1.0,2.0,5.0,0.0,5.0,28.665000000000003,0.0,0.000310120689655,213.0,29.0,87.0,63.546,1519.0,16.0,4.0,176.0,3.44,2.0,4.0,10.0,0.0,11.0,1.0,2.0,5.0,0.0,5.0,37.77,0.0,0.000310120689655,225.0,8.0,7.0,15.9994,54.8,2.0,2.0,66.0,1.0,1.0,0.0,0.0,0.0,2.0,0.0,0.0,0.0,0.0,0.0,9.105,0.0,0.0,12.0,8.0,87.0,15.9994,54.8,16.0,2.0,66.0,3.44,2.0,4.0,0.0,0.0,6.0,0.0,2.0,0.0,0.0,2.0,9.105,0.0,0.0,12.0
300,CaMn6CuO12,0.60615816,0,Mgaultois/Sparks,Peer-reviewed literature,295.0,1427.0,625.2450699999999,12244.37,247.0,56.0,1934.0,53.480000000000004,39.0,48.0,40.0,0.0,127.0,1.0,24.0,30.0,0.0,55.0,221.0255172414,0.0,0.00186072413793,1896.0,14.75,71.35,31.2622535,612.2185,12.35,2.8,96.7,2.674,1.95,2.4,2.0,0.0,6.35,0.05,1.2,1.5,0.0,2.75,11.05127586207,0.0,9.30362068965e-05,94.8,8.1,18.78,18.315424200000002,668.9022,4.379999999999999,0.96,36.84,0.9192,0.09500000000000004,1.92,2.5999999999999996,0.0,0.8549999999999999,0.095,0.96,2.0999999999999996,0.0,1.35,2.673744827586,0.0,0.00013025068965509998,99.35999999999999,21.0,80.0,47.5466,1464.2,14.0,2.0,110.0,2.44,1.0,4.0,10.0,0.0,9.0,1.0,2.0,5.0,0.0,5.0,28.665000000000003,0.0,0.000310120689655,213.0,29.0,87.0,63.546,1519.0,16.0,4.0,176.0,3.44,2.0,4.0,10.0,0.0,11.0,1.0,2.0,5.0,0.0,5.0,37.77,0.0,0.000310120689655,225.0,8.0,7.0,15.9994,54.8,2.0,2.0,66.0,1.0,1.0,0.0,0.0,0.0,2.0,0.0,0.0,0.0,0.0,0.0,9.105,0.0,0.0,12.0,8.0,87.0,15.9994,54.8,16.0,2.0,66.0,3.44,2.0,4.0,0.0,0.0,6.0,0.0,2.0,0.0,0.0,2.0,9.105,0.0,0.0,12.0
400,CaMn6CuO12,0.995433598,0,Mgaultois/Sparks,Peer-reviewed literature,295.0,1427.0,625.2450699999999,12244.37,247.0,56.0,1934.0,53.480000000000004,39.0,48.0,40.0,0.0,127.0,1.0,24.0,30.0,0.0,55.0,221.0255172414,0.0,0.00186072413793,1896.0,14.75,71.35,31.2622535,612.2185,12.35,2.8,96.7,2.674,1.95,2.4,2.0,0.0,6.35,0.05,1.2,1.5,0.0,2.75,11.05127586207,0.0,9.30362068965e-05,94.8,8.1,18.78,18.315424200000002,668.9022,4.379999999999999,0.96,36.84,0.9192,0.09500000000000004,1.92,2.5999999999999996,0.0,0.8549999999999999,0.095,0.96,2.0999999999999996,0.0,1.35,2.673744827586,0.0,0.00013025068965509998,99.35999999999999,21.0,80.0,47.5466,1464.2,14.0,2.0,110.0,2.44,1.0,4.0,10.0,0.0,9.0,1.0,2.0,5.0,0.0,5.0,28.665000000000003,0.0,0.000310120689655,213.0,29.0,87.0,63.546,1519.0,16.0,4.0,176.0,3.44,2.0,4.0,10.0,0.0,11.0,1.0,2.0,5.0,0.0,5.0,37.77,0.0,0.000310120689655,225.0,8.0,7.0,15.9994,54.8,2.0,2.0,66.0,1.0,1.0,0.0,0.0,0.0,2.0,0.0,0.0,0.0,0.0,0.0,9.105,0.0,0.0,12.0,8.0,87.0,15.9994,54.8,16.0,2.0,66.0,3.44,2.0,4.0,0.0,0.0,6.0,0.0,2.0,0.0,0.0,2.0,9.105,0.0,0.0,12.0
700,CaMn6CuO12,1.486317714,0,Mgaultois/Sparks,Peer-reviewed literature,295.0,1427.0,625.2450699999999,12244.37,247.0,56.0,1934.0,53.480000000000004,39.0,48.0,40.0,0.0,127.0,1.0,24.0,30.0,0.0,55.0,221.0255172414,0.0,0.00186072413793,1896.0,14.75,71.35,31.2622535,612.2185,12.35,2.8,96.7,2.674,1.95,2.4,2.0,0.0,6.35,0.05,1.2,1.5,0.0,2.75,11.05127586207,0.0,9.30362068965e-05,94.8,8.1,18.78,18.315424200000002,668.9022,4.379999999999999,0.96,36.84,0.9192,0.09500000000000004,1.92,2.5999999999999996,0.0,0.8549999999999999,0.095,0.96,2.0999999999999996,0.0,1.35,2.673744827586,0.0,0.00013025068965509998,99.35999999999999,21.0,80.0,47.5466,1464.2,14.0,2.0,110.0,2.44,1.0,4.0,10.0,0.0,9.0,1.0,2.0,5.0,0.0,5.0,28.665000000000003,0.0,0.000310120689655,213.0,29.0,87.0,63.546,1519.0,16.0,4.0,176.0,3.44,2.0,4.0,10.0,0.0,11.0,1.0,2.0,5.0,0.0,5.0,37.77,0.0,0.000310120689655,225.0,8.0,7.0,15.9994,54.8,2.0,2.0,66.0,1.0,1.0,0.0,0.0,0.0,2.0,0.0,0.0,0.0,0.0,0.0,9.105,0.0,0.0,12.0,8.0,87.0,15.9994,54.8,16.0,2.0,66.0,3.44,2.0,4.0,0.0,0.0,6.0,0.0,2.0,0.0,0.0,2.0,9.105,0.0,0.0,12.0
1000,CaMn6CuO12,1.69022722,0,Mgaultois/Sparks,Peer-reviewed literature,295.0,1427.0,625.2450699999999,12244.37,247.0,56.0,1934.0,53.480000000000004,39.0,48.0,40.0,0.0,127.0,1.0,24.0,30.0,0.0,55.0,221.0255172414,0.0,0.00186072413793,1896.0,14.75,71.35,31.2622535,612.2185,12.35,2.8,96.7,2.674,1.95,2.4,2.0,0.0,6.35,0.05,1.2,1.5,0.0,2.75,11.05127586207,0.0,9.30362068965e-05,94.8,8.1,18.78,18.315424200000002,668.9022,4.379999999999999,0.96,36.84,0.9192,0.09500000000000004,1.92,2.5999999999999996,0.0,0.8549999999999999,0.095,0.96,2.0999999999999996,0.0,1.35,2.673744827586,0.0,0.00013025068965509998,99.35999999999999,21.0,80.0,47.5466,1464.2,14.0,2.0,110.0,2.44,1.0,4.0,10.0,0.0,9.0,1.0,2.0,5.0,0.0,5.0,28.665000000000003,0.0,0.000310120689655,213.0,29.0,87.0,63.546,1519.0,16.0,4.0,176.0,3.44,2.0,4.0,10.0,0.0,11.0,1.0,2.0,5.0,0.0,5.0,37.77,0.0,0.000310120689655,225.0,8.0,7.0,15.9994,54.8,2.0,2.0,66.0,1.0,1.0,0.0,0.0,0.0,2.0,0.0,0.0,0.0,0.0,0.0,9.105,0.0,0.0,12.0,8.0,87.0,15.9994,54.8,16.0,2.0,66.0,3.44,2.0,4.0,0.0,0.0,6.0,0.0,2.0,0.0,0.0,2.0,9.105,0.0,0.0,12.0
300,LiMn2O4,-3.235758158,0,Mgaultois/Sparks,Peer-reviewed literature,85.0,453.0,180.81469,3710.89,79.0,18.0,670.0,17.84,13.0,16.0,10.0,0.0,39.0,1.0,8.0,10.0,0.0,19.0,73.98850574709999,0.0,0.00062024137931,711.0,12.142857142857142,64.71428571428571,25.830669999999998,530.1271428571429,11.285714285714285,2.571428571428571,95.71428571428572,2.5485714285714285,1.857142857142857,2.2857142857142856,1.4285714285714284,0.0,5.571428571428571,0.14285714285714285,1.1428571428571428,1.4285714285714284,0.0,2.714285714285714,10.5697865353,0.0,8.860591132999999e-05,101.57142857142858,7.346938775510203,25.46938775510204,16.632785714285713,565.0702040816326,5.387755102040816,0.8163265306122448,33.95918367346938,1.0187755102040814,0.24489795918367357,1.9591836734693877,2.040816326530612,0.0,1.306122448979592,0.24489795918367346,0.9795918367346939,2.040816326530612,0.0,1.3061224489795915,1.7210133708571427,0.0,0.00012657987332857142,102.36734693877551,22.0,86.0,47.997045,1464.2,15.0,2.0,73.0,2.46,1.0,4.0,5.0,0.0,6.0,1.0,2.0,5.0,0.0,4.0,7.488333333299998,0.0,0.000310120689655,217.0,25.0,87.0,54.938045,1519.0,16.0,4.0,139.0,3.44,2.0,4.0,5.0,0.0,7.0,1.0,2.0,5.0,0.0,5.0,16.5933333333,0.0,0.000310120689655,229.0,3.0,1.0,6.941,54.8,1.0,2.0,66.0,0.98,1.0,0.0,0.0,0.0,1.0,0.0,0.0,0.0,0.0,1.0,9.105,0.0,0.0,12.0,8.0,87.0,15.9994,54.8,16.0,2.0,66.0,3.44,2.0,4.0,0.0,0.0,6.0,0.0,2.0,0.0,0.0,2.0,9.105,0.0,0.0,12.0
400,LiMn2O4,-1.869776007,0,Mgaultois/Sparks,Peer-reviewed literature,85.0,453.0,180.81469,3710.89,79.0,18.0,670.0,17.84,13.0,16.0,10.0,0.0,39.0,1.0,8.0,10.0,0.0,19.0,73.98850574709999,0.0,0.00062024137931,711.0,12.142857142857142,64.71428571428571,25.830669999999998,530.1271428571429,11.285714285714285,2.571428571428571,95.71428571428572,2.5485714285714285,1.857142857142857,2.2857142857142856,1.4285714285714284,0.0,5.571428571428571,0.14285714285714285,1.1428571428571428,1.4285714285714284,0.0,2.714285714285714,10.5697865353,0.0,8.860591132999999e-05,101.57142857142858,7.346938775510203,25.46938775510204,16.632785714285713,565.0702040816326,5.387755102040816,0.8163265306122448,33.95918367346938,1.0187755102040814,0.24489795918367357,1.9591836734693877,2.040816326530612,0.0,1.306122448979592,0.24489795918367346,0.9795918367346939,2.040816326530612,0.0,1.3061224489795915,1.7210133708571427,0.0,0.00012657987332857142,102.36734693877551,22.0,86.0,47.997045,1464.2,15.0,2.0,73.0,2.46,1.0,4.0,5.0,0.0,6.0,1.0,2.0,5.0,0.0,4.0,7.488333333299998,0.0,0.000310120689655,217.0,25.0,87.0,54.938045,1519.0,16.0,4.0,139.0,3.44,2.0,4.0,5.0,0.0,7.0,1.0,2.0,5.0,0.0,5.0,16.5933333333,0.0,0.000310120689655,229.0,3.0,1.0,6.941,54.8,1.0,2.0,66.0,0.98,1.0,0.0,0.0,0.0,1.0,0.0,0.0,0.0,0.0,1.0,9.105,0.0,0.0,12.0,8.0,87.0,15.9994,54.8,16.0,2.0,66.0,3.44,2.0,4.0,0.0,0.0,6.0,0.0,2.0,0.0,0.0,2.0,9.105,0.0,0.0,12.0
700,LiMn2O4,-0.067189926,0,Mgaultois/Sparks,Peer-reviewed literature,85.0,453.0,180.81469,3710.89,79.0,18.0,670.0,17.84,13.0,16.0,10.0,0.0,39.0,1.0,8.0,10.0,0.0,19.0,73.98850574709999,0.0,0.00062024137931,711.0,12.142857142857142,64.71428571428571,25.830669999999998,530.1271428571429,11.285714285714285,2.571428571428571,95.71428571428572,2.5485714285714285,1.857142857142857,2.2857142857142856,1.4285714285714284,0.0,5.571428571428571,0.14285714285714285,1.1428571428571428,1.4285714285714284,0.0,2.714285714285714,10.5697865353,0.0,8.860591132999999e-05,101.57142857142858,7.346938775510203,25.46938775510204,16.632785714285713,565.0702040816326,5.387755102040816,0.8163265306122448,33.95918367346938,1.0187755102040814,0.24489795918367357,1.9591836734693877,2.040816326530612,0.0,1.306122448979592,0.24489795918367346,0.9795918367346939,2.040816326530612,0.0,1.3061224489795915,1.7210133708571427,0.0,0.00012657987332857142,102.36734693877551,22.0,86.0,47.997045,1464.2,15.0,2.0,73.0,2.46,1.0,4.0,5.0,0.0,6.0,1.0,2.0,5.0,0.0,4.0,7.488333333299998,0.0,0.000310120689655,217.0,25.0,87.0,54.938045,1519.0,16.0,4.0,139.0,3.44,2.0,4.0,5.0,0.0,7.0,1.0,2.0,5.0,0.0,5.0,16.5933333333,0.0,0.000310120689655,229.0,3.0,1.0,6.941,54.8,1.0,2.0,66.0,0.98,1.0,0.0,0.0,0.0,1.0,0.0,0.0,0.0,0.0,1.0,9.105,0.0,0.0,12.0,8.0,87.0,15.9994,54.8,16.0,2.0,66.0,3.44,2.0,4.0,0.0,0.0,6.0,0.0,2.0,0.0,0.0,2.0,9.105,0.0,0.0,12.0
1000,LiMn2O4,0.583241367,0,Mgaultois/Sparks,Peer-reviewed literature,85.0,453.0,180.81469,3710.89,79.0,18.0,670.0,17.84,13.0,16.0,10.0,0.0,39.0,1.0,8.0,10.0,0.0,19.0,73.98850574709999,0.0,0.00062024137931,711.0,12.142857142857142,64.71428571428571,25.830669999999998,530.1271428571429,11.285714285714285,2.571428571428571,95.71428571428572,2.5485714285714285,1.857142857142857,2.2857142857142856,1.4285714285714284,0.0,5.571428571428571,0.14285714285714285,1.1428571428571428,1.4285714285714284,0.0,2.714285714285714,10.5697865353,0.0,8.860591132999999e-05,101.57142857142858,7.346938775510203,25.46938775510204,16.632785714285713,565.0702040816326,5.387755102040816,0.8163265306122448,33.95918367346938,1.0187755102040814,0.24489795918367357,1.9591836734693877,2.040816326530612,0.0,1.306122448979592,0.24489795918367346,0.9795918367346939,2.040816326530612,0.0,1.3061224489795915,1.7210133708571427,0.0,0.00012657987332857142,102.36734693877551,22.0,86.0,47.997045,1464.2,15.0,2.0,73.0,2.46,1.0,4.0,5.0,0.0,6.0,1.0,2.0,5.0,0.0,4.0,7.488333333299998,0.0,0.000310120689655,217.0,25.0,87.0,54.938045,1519.0,16.0,4.0,139.0,3.44,2.0,4.0,5.0,0.0,7.0,1.0,2.0,5.0,0.0,5.0,16.5933333333,0.0,0.000310120689655,229.0,3.0,1.0,6.941,54.8,1.0,2.0,66.0,0.98,1.0,0.0,0.0,0.0,1.0,0.0,0.0,0.0,0.0,1.0,9.105,0.0,0.0,12.0,8.0,87.0,15.9994,54.8,16.0,2.0,66.0,3.44,2.0,4.0,0.0,0.0,6.0,0.0,2.0,0.0,0.0,2.0,9.105,0.0,0.0,12.0
300,Pr0.5Ca0.5MnO3,1.257373048,0,Mgaultois/Sparks,Peer-reviewed literature,88.5,325.0,193.42907,2842.9,57.5,15.0,526.5,12.935,10.0,12.0,5.0,1.5,28.5,0.0,6.0,5.0,5.5,16.5,74.5250862069,0.0,0.000310120689655,462.5,17.7,65.0,38.685814,568.58,11.5,3.0,105.30000000000001,2.587,2.0,2.4,1.0,0.30000000000000004,5.699999999999999,0.0,1.2,1.0,1.1,3.3,14.905017241380001,0.0,6.2024137931e-05,92.50000000000001,11.64,26.4,27.2236968,616.5360000000001,5.4,1.2000000000000002,47.160000000000004,1.0235999999999998,0.0,1.92,1.6,0.54,0.8800000000000004,0.0,0.96,1.6,1.98,2.22,8.726993103448,0.0,9.923862068959999e-05,96.6,51.0,80.0,124.90825,1464.2,14.0,4.0,137.0,2.44,0.0,4.0,5.0,3.0,5.0,0.0,2.0,5.0,11.0,11.0,28.665000000000003,0.0,0.000310120689655,213.0,59.0,87.0,140.90765,1519.0,16.0,6.0,203.0,3.44,2.0,4.0,5.0,3.0,7.0,0.0,2.0,5.0,11.0,11.0,37.77,0.0,0.000310120689655,225.0,8.0,7.0,15.9994,54.8,2.0,2.0,66.0,1.0,2.0,0.0,0.0,0.0,2.0,0.0,0.0,0.0,0.0,0.0,9.105,0.0,0.0,12.0,8.0,87.0,15.9994,54.8,16.0,2.0,66.0,3.44,2.0,4.0,0.0,0.0,6.0,0.0,2.0,0.0,0.0,2.0,9.105,0.0,0.0,12.0
400,Pr0.5Ca0.5MnO3,1.525686104,0,Mgaultois/Sparks,Peer-reviewed literature,88.5,325.0,193.42907,2842.9,57.5,15.0,526.5,12.935,10.0,12.0,5.0,1.5,28.5,0.0,6.0,5.0,5.5,16.5,74.5250862069,0.0,0.000310120689655,462.5,17.7,65.0,38.685814,568.58,11.5,3.0,105.30000000000001,2.587,2.0,2.4,1.0,0.30000000000000004,5.699999999999999,0.0,1.2,1.0,1.1,3.3,14.905017241380001,0.0,6.2024137931e-05,92.50000000000001,11.64,26.4,27.2236968,616.5360000000001,5.4,1.2000000000000002,47.160000000000004,1.0235999999999998,0.0,1.92,1.6,0.54,0.8800000000000004,0.0,0.96,1.6,1.98,2.22,8.726993103448,0.0,9.923862068959999e-05,96.6,51.0,80.0,124.90825,1464.2,14.0,4.0,137.0,2.44,0.0,4.0,5.0,3.0,5.0,0.0,2.0,5.0,11.0,11.0,28.665000000000003,0.0,0.000310120689655,213.0,59.0,87.0,140.90765,1519.0,16.0,6.0,203.0,3.44,2.0,4.0,5.0,3.0,7.0,0.0,2.0,5.0,11.0,11.0,37.77,0.0,0.000310120689655,225.0,8.0,7.0,15.9994,54.8,2.0,2.0,66.0,1.0,2.0,0.0,0.0,0.0,2.0,0.0,0.0,0.0,0.0,0.0,9.105,0.0,0.0,12.0,8.0,87.0,15.9994,54.8,16.0,2.0,66.0,3.44,2.0,4.0,0.0,0.0,6.0,0.0,2.0,0.0,0.0,2.0,9.105,0.0,0.0,12.0
700,Pr0.5Ca0.5MnO3,1.793300924,0,Mgaultois/Sparks,Peer-reviewed literature,88.5,325.0,193.42907,2842.9,57.5,15.0,526.5,12.935,10.0,12.0,5.0,1.5,28.5,0.0,6.0,5.0,5.5,16.5,74.5250862069,0.0,0.000310120689655,462.5,17.7,65.0,38.685814,568.58,11.5,3.0,105.30000000000001,2.587,2.0,2.4,1.0,0.30000000000000004,5.699999999999999,0.0,1.2,1.0,1.1,3.3,14.905017241380001,0.0,6.2024137931e-05,92.50000000000001,11.64,26.4,27.2236968,616.5360000000001,5.4,1.2000000000000002,47.160000000000004,1.0235999999999998,0.0,1.92,1.6,0.54,0.8800000000000004,0.0,0.96,1.6,1.98,2.22,8.726993103448,0.0,9.923862068959999e-05,96.6,51.0,80.0,124.90825,1464.2,14.0,4.0,137.0,2.44,0.0,4.0,5.0,3.0,5.0,0.0,2.0,5.0,11.0,11.0,28.665000000000003,0.0,0.000310120689655,213.0,59.0,87.0,140.90765,1519.0,16.0,6.0,203.0,3.44,2.0,4.0,5.0,3.0,7.0,0.0,2.0,5.0,11.0,11.0,37.77,0.0,0.000310120689655,225.0,8.0,7.0,15.9994,54.8,2.0,2.0,66.0,1.0,2.0,0.0,0.0,0.0,2.0,0.0,0.0,0.0,0.0,0.0,9.105,0.0,0.0,12.0,8.0,87.0,15.9994,54.8,16.0,2.0,66.0,3.44,2.0,4.0,0.0,0.0,6.0,0.0,2.0,0.0,0.0,2.0,9.105,0.0,0.0,12.0
1000,Pr0.5Ca0.5MnO3,1.894878299,0,Mgaultois/Sparks,Peer-reviewed literature,88.5,325.0,193.42907,2842.9,57.5,15.0,526.5,12.935,10.0,12.0,5.0,1.5,28.5,0.0,6.0,5.0,5.5,16.5,74.5250862069,0.0,0.000310120689655,462.5,17.7,65.0,38.685814,568.58,11.5,3.0,105.30000000000001,2.587,2.0,2.4,1.0,0.30000000000000004,5.699999999999999,0.0,1.2,1.0,1.1,3.3,14.905017241380001,0.0,6.2024137931e-05,92.50000000000001,11.64,26.4,27.2236968,616.5360000000001,5.4,1.2000000000000002,47.160000000000004,1.0235999999999998,0.0,1.92,1.6,0.54,0.8800000000000004,0.0,0.96,1.6,1.98,2.22,8.726993103448,0.0,9.923862068959999e-05,96.6,51.0,80.0,124.90825,1464.2,14.0,4.0,137.0,2.44,0.0,4.0,5.0,3.0,5.0,0.0,2.0,5.0,11.0,11.0,28.665000000000003,0.0,0.000310120689655,213.0,59.0,87.0,140.90765,1519.0,16.0,6.0,203.0,3.44,2.0,4.0,5.0,3.0,7.0,0.0,2.0,5.0,11.0,11.0,37.77,0.0,0.000310120689655,225.0,8.0,7.0,15.9994,54.8,2.0,2.0,66.0,1.0,2.0,0.0,0.0,0.0,2.0,0.0,0.0,0.0,0.0,0.0,9.105,0.0,0.0,12.0,8.0,87.0,15.9994,54.8,16.0,2.0,66.0,3.44,2.0,4.0,0.0,0.0,6.0,0.0,2.0,0.0,0.0,2.0,9.105,0.0,0.0,12.0
300,Sr2Ti0.8Nb0.2O4,2.322219273,1,Mgaultois/Sparks,Peer-reviewed literature,133.8,407.8,296.112476,4422.0,72.2,22.2,814.8,17.212,13.8,16.0,2.4000000000000004,0.0,32.2,0.2,8.0,7.6000000000000005,0.0,15.8,161.868,0.0,1.802666666664e-05,699.0,19.114285714285714,58.25714285714285,42.30178228571429,631.7142857142857,10.314285714285713,3.1714285714285713,116.4,2.4588571428571426,1.9714285714285715,2.2857142857142856,0.34285714285714286,0.0,4.6,0.028571428571428574,1.1428571428571428,1.0857142857142859,0.0,2.257142857142857,23.123999999999995,0.0,2.575238095234286e-06,99.85714285714286,12.70204081632653,32.84897959183674,30.059865469387752,659.330612244898,6.497959183673469,1.3387755102040817,57.599999999999994,1.1213061224489795,0.05551020408163257,1.9591836734693877,0.5877551020408164,0.0,1.6228571428571428,0.05551020408163266,0.9795918367346939,1.8612244897959185,0.0,1.5836734693877552,17.774857142857137,0.0,4.5618503401293065e-06,100.40816326530611,33.0,79.0,76.90698,2695.2,14.0,3.0,129.0,2.49,1.0,4.0,4.0,0.0,4.0,1.0,2.0,8.0,0.0,8.0,45.125,0.0,2.25333333333e-05,217.0,41.0,87.0,92.90638,2750.0,16.0,5.0,195.0,3.44,2.0,4.0,4.0,0.0,6.0,1.0,2.0,8.0,0.0,8.0,54.23,0.0,2.25333333333e-05,229.0,8.0,8.0,15.9994,54.8,2.0,2.0,66.0,0.95,1.0,0.0,0.0,0.0,2.0,0.0,0.0,0.0,0.0,0.0,9.105,0.0,0.0,12.0,8.0,87.0,15.9994,54.8,16.0,2.0,66.0,3.44,2.0,4.0,0.0,0.0,6.0,0.0,2.0,0.0,0.0,2.0,9.105,0.0,0.0,12.0
400,Sr2Ti0.8Nb0.2O4,2.246498599,1,Mgaultois/Sparks,Peer-reviewed literature,133.8,407.8,296.112476,4422.0,72.2,22.2,814.8,17.212,13.8,16.0,2.4000000000000004,0.0,32.2,0.2,8.0,7.6000000000000005,0.0,15.8,161.868,0.0,1.802666666664e-05,699.0,19.114285714285714,58.25714285714285,42.30178228571429,631.7142857142857,10.314285714285713,3.1714285714285713,116.4,2.4588571428571426,1.9714285714285715,2.2857142857142856,0.34285714285714286,0.0,4.6,0.028571428571428574,1.1428571428571428,1.0857142857142859,0.0,2.257142857142857,23.123999999999995,0.0,2.575238095234286e-06,99.85714285714286,12.70204081632653,32.84897959183674,30.059865469387752,659.330612244898,6.497959183673469,1.3387755102040817,57.599999999999994,1.1213061224489795,0.05551020408163257,1.9591836734693877,0.5877551020408164,0.0,1.6228571428571428,0.05551020408163266,0.9795918367346939,1.8612244897959185,0.0,1.5836734693877552,17.774857142857137,0.0,4.5618503401293065e-06,100.40816326530611,33.0,79.0,76.90698,2695.2,14.0,3.0,129.0,2.49,1.0,4.0,4.0,0.0,4.0,1.0,2.0,8.0,0.0,8.0,45.125,0.0,2.25333333333e-05,217.0,41.0,87.0,92.90638,2750.0,16.0,5.0,195.0,3.44,2.0,4.0,4.0,0.0,6.0,1.0,2.0,8.0,0.0,8.0,54.23,0.0,2.25333333333e-05,229.0,8.0,8.0,15.9994,54.8,2.0,2.0,66.0,0.95,1.0,0.0,0.0,0.0,2.0,0.0,0.0,0.0,0.0,0.0,9.105,0.0,0.0,12.0,8.0,87.0,15.9994,54.8,16.0,2.0,66.0,3.44,2.0,4.0,0.0,0.0,6.0,0.0,2.0,0.0,0.0,2.0,9.105,0.0,0.0,12.0
700,Sr2Ti0.8Nb0.2O4,2.062769961,1,Mgaultois/Sparks,Peer-reviewed literature,133.8,407.8,296.112476,4422.0,72.2,22.2,814.8,17.212,13.8,16.0,2.4000000000000004,0.0,32.2,0.2,8.0,7.6000000000000005,0.0,15.8,161.868,0.0,1.802666666664e-05,699.0,19.114285714285714,58.25714285714285,42.30178228571429,631.7142857142857,10.314285714285713,3.1714285714285713,116.4,2.4588571428571426,1.9714285714285715,2.2857142857142856,0.34285714285714286,0.0,4.6,0.028571428571428574,1.1428571428571428,1.0857142857142859,0.0,2.257142857142857,23.123999999999995,0.0,2.575238095234286e-06,99.85714285714286,12.70204081632653,32.84897959183674,30.059865469387752,659.330612244898,6.497959183673469,1.3387755102040817,57.599999999999994,1.1213061224489795,0.05551020408163257,1.9591836734693877,0.5877551020408164,0.0,1.6228571428571428,0.05551020408163266,0.9795918367346939,1.8612244897959185,0.0,1.5836734693877552,17.774857142857137,0.0,4.5618503401293065e-06,100.40816326530611,33.0,79.0,76.90698,2695.2,14.0,3.0,129.0,2.49,1.0,4.0,4.0,0.0,4.0,1.0,2.0,8.0,0.0,8.0,45.125,0.0,2.25333333333e-05,217.0,41.0,87.0,92.90638,2750.0,16.0,5.0,195.0,3.44,2.0,4.0,4.0,0.0,6.0,1.0,2.0,8.0,0.0,8.0,54.23,0.0,2.25333333333e-05,229.0,8.0,8.0,15.9994,54.8,2.0,2.0,66.0,0.95,1.0,0.0,0.0,0.0,2.0,0.0,0.0,0.0,0.0,0.0,9.105,0.0,0.0,12.0,8.0,87.0,15.9994,54.8,16.0,2.0,66.0,3.44,2.0,4.0,0.0,0.0,6.0,0.0,2.0,0.0,0.0,2.0,9.105,0.0,0.0,12.0
1000,Sr2Ti0.8Nb0.2O4,1.875061274,1,Mgaultois/Sparks,Peer-reviewed literature,133.8,407.8,296.112476,4422.0,72.2,22.2,814.8,17.212,13.8,16.0,2.4000000000000004,0.0,32.2,0.2,8.0,7.6000000000000005,0.0,15.8,161.868,0.0,1.802666666664e-05,699.0,19.114285714285714,58.25714285714285,42.30178228571429,631.7142857142857,10.314285714285713,3.1714285714285713,116.4,2.4588571428571426,1.9714285714285715,2.2857142857142856,0.34285714285714286,0.0,4.6,0.028571428571428574,1.1428571428571428,1.0857142857142859,0.0,2.257142857142857,23.123999999999995,0.0,2.575238095234286e-06,99.85714285714286,12.70204081632653,32.84897959183674,30.059865469387752,659.330612244898,6.497959183673469,1.3387755102040817,57.599999999999994,1.1213061224489795,0.05551020408163257,1.9591836734693877,0.5877551020408164,0.0,1.6228571428571428,0.05551020408163266,0.9795918367346939,1.8612244897959185,0.0,1.5836734693877552,17.774857142857137,0.0,4.5618503401293065e-06,100.40816326530611,33.0,79.0,76.90698,2695.2,14.0,3.0,129.0,2.49,1.0,4.0,4.0,0.0,4.0,1.0,2.0,8.0,0.0,8.0,45.125,0.0,2.25333333333e-05,217.0,41.0,87.0,92.90638,2750.0,16.0,5.0,195.0,3.44,2.0,4.0,4.0,0.0,6.0,1.0,2.0,8.0,0.0,8.0,54.23,0.0,2.25333333333e-05,229.0,8.0,8.0,15.9994,54.8,2.0,2.0,66.0,0.95,1.0,0.0,0.0,0.0,2.0,0.0,0.0,0.0,0.0,0.0,9.105,0.0,0.0,12.0,8.0,87.0,15.9994,54.8,16.0,2.0,66.0,3.44,2.0,4.0,0.0,0.0,6.0,0.0,2.0,0.0,0.0,2.0,9.105,0.0,0.0,12.0
300,Sr3Ti1.6Nb0.4O7,2.73078229,1,Mgaultois/Sparks,Peer-reviewed literature,221.6,720.6,488.605552,7739.200000000001,126.4,37.4,1368.6,30.034,23.6,28.0,4.800000000000001,0.0,56.4,0.4,14.0,15.200000000000001,0.0,29.6,260.401,0.0,3.605333333328e-05,1161.0,18.46666666666667,60.05,40.71712933333333,644.9333333333333,10.533333333333333,3.1166666666666667,114.05,2.5028333333333332,1.9666666666666668,2.3333333333333335,0.4,0.0,4.7,0.03333333333333333,1.1666666666666667,1.2666666666666666,0.0,2.466666666666667,21.700083333333335,0.0,3.00444444444e-06,96.75,12.211111111111112,31.44166666666667,28.837350888888892,688.4888888888888,6.377777777777778,1.3027777777777778,56.05833333333334,1.0933611111111112,0.06444444444444433,1.9444444444444446,0.6666666666666667,0.0,1.5366666666666666,0.06444444444444444,0.9722222222222223,2.111111111111111,0.0,1.777777777777778,16.264958333333336,0.0,5.207703703696e-06,98.875,33.0,79.0,76.90698,2695.2,14.0,3.0,129.0,2.49,1.0,4.0,4.0,0.0,4.0,1.0,2.0,8.0,0.0,8.0,45.125,0.0,2.25333333333e-05,217.0,41.0,87.0,92.90638,2750.0,16.0,5.0,195.0,3.44,2.0,4.0,4.0,0.0,6.0,1.0,2.0,8.0,0.0,8.0,54.23,0.0,2.25333333333e-05,229.0,8.0,8.0,15.9994,54.8,2.0,2.0,66.0,0.95,1.0,0.0,0.0,0.0,2.0,0.0,0.0,0.0,0.0,0.0,9.105,0.0,0.0,12.0,8.0,87.0,15.9994,54.8,16.0,2.0,66.0,3.44,2.0,4.0,0.0,0.0,6.0,0.0,2.0,0.0,0.0,2.0,9.105,0.0,0.0,12.0
400,Sr3Ti1.6Nb0.4O7,2.66275784,1,Mgaultois/Sparks,Peer-reviewed literature,221.6,720.6,488.605552,7739.200000000001,126.4,37.4,1368.6,30.034,23.6,28.0,4.800000000000001,0.0,56.4,0.4,14.0,15.200000000000001,0.0,29.6,260.401,0.0,3.605333333328e-05,1161.0,18.46666666666667,60.05,40.71712933333333,644.9333333333333,10.533333333333333,3.1166666666666667,114.05,2.5028333333333332,1.9666666666666668,2.3333333333333335,0.4,0.0,4.7,0.03333333333333333,1.1666666666666667,1.2666666666666666,0.0,2.466666666666667,21.700083333333335,0.0,3.00444444444e-06,96.75,12.211111111111112,31.44166666666667,28.837350888888892,688.4888888888888,6.377777777777778,1.3027777777777778,56.05833333333334,1.0933611111111112,0.06444444444444433,1.9444444444444446,0.6666666666666667,0.0,1.5366666666666666,0.06444444444444444,0.9722222222222223,2.111111111111111,0.0,1.777777777777778,16.264958333333336,0.0,5.207703703696e-06,98.875,33.0,79.0,76.90698,2695.2,14.0,3.0,129.0,2.49,1.0,4.0,4.0,0.0,4.0,1.0,2.0,8.0,0.0,8.0,45.125,0.0,2.25333333333e-05,217.0,41.0,87.0,92.90638,2750.0,16.0,5.0,195.0,3.44,2.0,4.0,4.0,0.0,6.0,1.0,2.0,8.0,0.0,8.0,54.23,0.0,2.25333333333e-05,229.0,8.0,8.0,15.9994,54.8,2.0,2.0,66.0,0.95,1.0,0.0,0.0,0.0,2.0,0.0,0.0,0.0,0.0,0.0,9.105,0.0,0.0,12.0,8.0,87.0,15.9994,54.8,16.0,2.0,66.0,3.44,2.0,4.0,0.0,0.0,6.0,0.0,2.0,0.0,0.0,2.0,9.105,0.0,0.0,12.0
700,Sr3Ti1.6Nb0.4O7,2.367355971,1,Mgaultois/Sparks,Peer-reviewed literature,221.6,720.6,488.605552,7739.200000000001,126.4,37.4,1368.6,30.034,23.6,28.0,4.800000000000001,0.0,56.4,0.4,14.0,15.200000000000001,0.0,29.6,260.401,0.0,3.605333333328e-05,1161.0,18.46666666666667,60.05,40.71712933333333,644.9333333333333,10.533333333333333,3.1166666666666667,114.05,2.5028333333333332,1.9666666666666668,2.3333333333333335,0.4,0.0,4.7,0.03333333333333333,1.1666666666666667,1.2666666666666666,0.0,2.466666666666667,21.700083333333335,0.0,3.00444444444e-06,96.75,12.211111111111112,31.44166666666667,28.837350888888892,688.4888888888888,6.377777777777778,1.3027777777777778,56.05833333333334,1.0933611111111112,0.06444444444444433,1.9444444444444446,0.6666666666666667,0.0,1.5366666666666666,0.06444444444444444,0.9722222222222223,2.111111111111111,0.0,1.777777777777778,16.264958333333336,0.0,5.207703703696e-06,98.875,33.0,79.0,76.90698,2695.2,14.0,3.0,129.0,2.49,1.0,4.0,4.0,0.0,4.0,1.0,2.0,8.0,0.0,8.0,45.125,0.0,2.25333333333e-05,217.0,41.0,87.0,92.90638,2750.0,16.0,5.0,195.0,3.44,2.0,4.0,4.0,0.0,6.0,1.0,2.0,8.0,0.0,8.0,54.23,0.0,2.25333333333e-05,229.0,8.0,8.0,15.9994,54.8,2.0,2.0,66.0,0.95,1.0,0.0,0.0,0.0,2.0,0.0,0.0,0.0,0.0,0.0,9.105,0.0,0.0,12.0,8.0,87.0,15.9994,54.8,16.0,2.0,66.0,3.44,2.0,4.0,0.0,0.0,6.0,0.0,2.0,0.0,0.0,2.0,9.105,0.0,0.0,12.0
1000,Sr3Ti1.6Nb0.4O7,2.10720997,1,Mgaultois/Sparks,Peer-reviewed literature,221.6,720.6,488.605552,7739.200000000001,126.4,37.4,1368.6,30.034,23.6,28.0,4.800000000000001,0.0,56.4,0.4,14.0,15.200000000000001,0.0,29.6,260.401,0.0,3.605333333328e-05,1161.0,18.46666666666667,60.05,40.71712933333333,644.9333333333333,10.533333333333333,3.1166666666666667,114.05,2.5028333333333332,1.9666666666666668,2.3333333333333335,0.4,0.0,4.7,0.03333333333333333,1.1666666666666667,1.2666666666666666,0.0,2.466666666666667,21.700083333333335,0.0,3.00444444444e-06,96.75,12.211111111111112,31.44166666666667,28.837350888888892,688.4888888888888,6.377777777777778,1.3027777777777778,56.05833333333334,1.0933611111111112,0.06444444444444433,1.9444444444444446,0.6666666666666667,0.0,1.5366666666666666,0.06444444444444444,0.9722222222222223,2.111111111111111,0.0,1.777777777777778,16.264958333333336,0.0,5.207703703696e-06,98.875,33.0,79.0,76.90698,2695.2,14.0,3.0,129.0,2.49,1.0,4.0,4.0,0.0,4.0,1.0,2.0,8.0,0.0,8.0,45.125,0.0,2.25333333333e-05,217.0,41.0,87.0,92.90638,2750.0,16.0,5.0,195.0,3.44,2.0,4.0,4.0,0.0,6.0,1.0,2.0,8.0,0.0,8.0,54.23,0.0,2.25333333333e-05,229.0,8.0,8.0,15.9994,54.8,2.0,2.0,66.0,0.95,1.0,0.0,0.0,0.0,2.0,0.0,0.0,0.0,0.0,0.0,9.105,0.0,0.0,12.0,8.0,87.0,15.9994,54.8,16.0,2.0,66.0,3.44,2.0,4.0,0.0,0.0,6.0,0.0,2.0,0.0,0.0,2.0,9.105,0.0,0.0,12.0
300,SrTi0.8Nb0.2O3,2.838219165,1,Mgaultois/Sparks,Peer-reviewed literature,87.80000000000001,312.8,192.493076,3317.2000000000003,54.2,15.2,553.8,12.822000000000001,9.8,12.0,2.4000000000000004,0.0,24.2,0.2,6.0,7.6000000000000005,0.0,13.8,98.53299999999999,0.0,1.802666666664e-05,462.00000000000006,17.560000000000002,62.559999999999995,38.498615199999996,663.4399999999999,10.84,3.04,110.75999999999999,2.5644,1.96,2.4,0.48,0.0,4.84,0.04,1.2,1.52,0.0,2.76,19.7066,0.0,3.605333333328e-06,92.39999999999999,11.472000000000001,29.328,26.999058239999997,730.3679999999999,6.192,1.248,53.712,1.05072,0.07680000000000003,1.92,0.768,0.0,1.4047999999999998,0.07680000000000001,0.96,2.4320000000000004,0.0,2.016,13.80936,0.0,6.05695999999104e-06,96.48,33.0,79.0,76.90698,2695.2,14.0,3.0,129.0,2.49,1.0,4.0,4.0,0.0,4.0,1.0,2.0,8.0,0.0,8.0,45.125,0.0,2.25333333333e-05,217.0,41.0,87.0,92.90638,2750.0,16.0,5.0,195.0,3.44,2.0,4.0,4.0,0.0,6.0,1.0,2.0,8.0,0.0,8.0,54.23,0.0,2.25333333333e-05,229.0,8.0,8.0,15.9994,54.8,2.0,2.0,66.0,0.95,1.0,0.0,0.0,0.0,2.0,0.0,0.0,0.0,0.0,0.0,9.105,0.0,0.0,12.0,8.0,87.0,15.9994,54.8,16.0,2.0,66.0,3.44,2.0,4.0,0.0,0.0,6.0,0.0,2.0,0.0,0.0,2.0,9.105,0.0,0.0,12.0
400,SrTi0.8Nb0.2O3,2.84757252,1,Mgaultois/Sparks,Peer-reviewed literature,87.80000000000001,312.8,192.493076,3317.2000000000003,54.2,15.2,553.8,12.822000000000001,9.8,12.0,2.4000000000000004,0.0,24.2,0.2,6.0,7.6000000000000005,0.0,13.8,98.53299999999999,0.0,1.802666666664e-05,462.00000000000006,17.560000000000002,62.559999999999995,38.498615199999996,663.4399999999999,10.84,3.04,110.75999999999999,2.5644,1.96,2.4,0.48,0.0,4.84,0.04,1.2,1.52,0.0,2.76,19.7066,0.0,3.605333333328e-06,92.39999999999999,11.472000000000001,29.328,26.999058239999997,730.3679999999999,6.192,1.248,53.712,1.05072,0.07680000000000003,1.92,0.768,0.0,1.4047999999999998,0.07680000000000001,0.96,2.4320000000000004,0.0,2.016,13.80936,0.0,6.05695999999104e-06,96.48,33.0,79.0,76.90698,2695.2,14.0,3.0,129.0,2.49,1.0,4.0,4.0,0.0,4.0,1.0,2.0,8.0,0.0,8.0,45.125,0.0,2.25333333333e-05,217.0,41.0,87.0,92.90638,2750.0,16.0,5.0,195.0,3.44,2.0,4.0,4.0,0.0,6.0,1.0,2.0,8.0,0.0,8.0,54.23,0.0,2.25333333333e-05,229.0,8.0,8.0,15.9994,54.8,2.0,2.0,66.0,0.95,1.0,0.0,0.0,0.0,2.0,0.0,0.0,0.0,0.0,0.0,9.105,0.0,0.0,12.0,8.0,87.0,15.9994,54.8,16.0,2.0,66.0,3.44,2.0,4.0,0.0,0.0,6.0,0.0,2.0,0.0,0.0,2.0,9.105,0.0,0.0,12.0
700,SrTi0.8Nb0.2O3,2.767155792,1,Mgaultois/Sparks,Peer-reviewed literature,87.80000000000001,312.8,192.493076,3317.2000000000003,54.2,15.2,553.8,12.822000000000001,9.8,12.0,2.4000000000000004,0.0,24.2,0.2,6.0,7.6000000000000005,0.0,13.8,98.53299999999999,0.0,1.802666666664e-05,462.00000000000006,17.560000000000002,62.559999999999995,38.498615199999996,663.4399999999999,10.84,3.04,110.75999999999999,2.5644,1.96,2.4,0.48,0.0,4.84,0.04,1.2,1.52,0.0,2.76,19.7066,0.0,3.605333333328e-06,92.39999999999999,11.472000000000001,29.328,26.999058239999997,730.3679999999999,6.192,1.248,53.712,1.05072,0.07680000000000003,1.92,0.768,0.0,1.4047999999999998,0.07680000000000001,0.96,2.4320000000000004,0.0,2.016,13.80936,0.0,6.05695999999104e-06,96.48,33.0,79.0,76.90698,2695.2,14.0,3.0,129.0,2.49,1.0,4.0,4.0,0.0,4.0,1.0,2.0,8.0,0.0,8.0,45.125,0.0,2.25333333333e-05,217.0,41.0,87.0,92.90638,2750.0,16.0,5.0,195.0,3.44,2.0,4.0,4.0,0.0,6.0,1.0,2.0,8.0,0.0,8.0,54.23,0.0,2.25333333333e-05,229.0,8.0,8.0,15.9994,54.8,2.0,2.0,66.0,0.95,1.0,0.0,0.0,0.0,2.0,0.0,0.0,0.0,0.0,0.0,9.105,0.0,0.0,12.0,8.0,87.0,15.9994,54.8,16.0,2.0,66.0,3.44,2.0,4.0,0.0,0.0,6.0,0.0,2.0,0.0,0.0,2.0,9.105,0.0,0.0,12.0
1000,SrTi0.8Nb0.2O3,2.591064533,1,Mgaultois/Sparks,Peer-reviewed literature,87.80000000000001,312.8,192.493076,3317.2000000000003,54.2,15.2,553.8,12.822000000000001,9.8,12.0,2.4000000000000004,0.0,24.2,0.2,6.0,7.6000000000000005,0.0,13.8,98.53299999999999,0.0,1.802666666664e-05,462.00000000000006,17.560000000000002,62.559999999999995,38.498615199999996,663.4399999999999,10.84,3.04,110.75999999999999,2.5644,1.96,2.4,0.48,0.0,4.84,0.04,1.2,1.52,0.0,2.76,19.7066,0.0,3.605333333328e-06,92.39999999999999,11.472000000000001,29.328,26.999058239999997,730.3679999999999,6.192,1.248,53.712,1.05072,0.07680000000000003,1.92,0.768,0.0,1.4047999999999998,0.07680000000000001,0.96,2.4320000000000004,0.0,2.016,13.80936,0.0,6.05695999999104e-06,96.48,33.0,79.0,76.90698,2695.2,14.0,3.0,129.0,2.49,1.0,4.0,4.0,0.0,4.0,1.0,2.0,8.0,0.0,8.0,45.125,0.0,2.25333333333e-05,217.0,41.0,87.0,92.90638,2750.0,16.0,5.0,195.0,3.44,2.0,4.0,4.0,0.0,6.0,1.0,2.0,8.0,0.0,8.0,54.23,0.0,2.25333333333e-05,229.0,8.0,8.0,15.9994,54.8,2.0,2.0,66.0,0.95,1.0,0.0,0.0,0.0,2.0,0.0,0.0,0.0,0.0,0.0,9.105,0.0,0.0,12.0,8.0,87.0,15.9994,54.8,16.0,2.0,66.0,3.44,2.0,4.0,0.0,0.0,6.0,0.0,2.0,0.0,0.0,2.0,9.105,0.0,0.0,12.0
300,Sr0.95La0.05TiO3,2.154082971,1,Mgaultois/Sparks,Peer-reviewed literature,84.95,312.25,186.0494735,3162.55,54.05,15.05,553.6,12.8175,10.0,12.0,2.05,0.0,24.05,0.0,6.0,8.45,0.0,14.45,97.368375,0.0,2.25333333333e-05,453.45,16.990000000000002,62.449999999999996,37.2098947,632.5100000000001,10.809999999999999,3.01,110.72,2.5635000000000003,2.0,2.4,0.41000000000000003,0.0,4.81,0.0,1.2,1.6900000000000002,0.0,2.89,19.473675,0.0,4.50666666666e-06,90.69000000000001,10.788,29.46,25.452593639999996,693.2520000000001,6.228000000000001,1.212,53.664,1.0517999999999998,0.0,1.92,0.6478,0.0,1.428,0.0,0.96,2.6702000000000004,0.0,2.1662,13.555879999999998,0.0,7.210666666655999e-06,94.428,49.0,79.0,122.90607000000001,1886.2,14.0,4.0,141.0,2.49,0.0,4.0,2.0,0.0,4.0,0.0,2.0,9.0,0.0,9.0,45.125,0.0,2.25333333333e-05,213.0,57.0,87.0,138.90547,1941.0,16.0,6.0,207.0,3.44,2.0,4.0,2.0,0.0,6.0,0.0,2.0,9.0,0.0,9.0,54.23,0.0,2.25333333333e-05,225.0,8.0,8.0,15.9994,54.8,2.0,2.0,66.0,0.95,2.0,0.0,0.0,0.0,2.0,0.0,0.0,0.0,0.0,0.0,9.105,0.0,0.0,12.0,8.0,87.0,15.9994,54.8,16.0,2.0,66.0,3.44,2.0,4.0,0.0,0.0,6.0,0.0,2.0,0.0,0.0,2.0,9.105,0.0,0.0,12.0
400,Sr0.95La0.05TiO3,2.353854673,1,Mgaultois/Sparks,Peer-reviewed literature,84.95,312.25,186.0494735,3162.55,54.05,15.05,553.6,12.8175,10.0,12.0,2.05,0.0,24.05,0.0,6.0,8.45,0.0,14.45,97.368375,0.0,2.25333333333e-05,453.45,16.990000000000002,62.449999999999996,37.2098947,632.5100000000001,10.809999999999999,3.01,110.72,2.5635000000000003,2.0,2.4,0.41000000000000003,0.0,4.81,0.0,1.2,1.6900000000000002,0.0,2.89,19.473675,0.0,4.50666666666e-06,90.69000000000001,10.788,29.46,25.452593639999996,693.2520000000001,6.228000000000001,1.212,53.664,1.0517999999999998,0.0,1.92,0.6478,0.0,1.428,0.0,0.96,2.6702000000000004,0.0,2.1662,13.555879999999998,0.0,7.210666666655999e-06,94.428,49.0,79.0,122.90607000000001,1886.2,14.0,4.0,141.0,2.49,0.0,4.0,2.0,0.0,4.0,0.0,2.0,9.0,0.0,9.0,45.125,0.0,2.25333333333e-05,213.0,57.0,87.0,138.90547,1941.0,16.0,6.0,207.0,3.44,2.0,4.0,2.0,0.0,6.0,0.0,2.0,9.0,0.0,9.0,54.23,0.0,2.25333333333e-05,225.0,8.0,8.0,15.9994,54.8,2.0,2.0,66.0,0.95,2.0,0.0,0.0,0.0,2.0,0.0,0.0,0.0,0.0,0.0,9.105,0.0,0.0,12.0,8.0,87.0,15.9994,54.8,16.0,2.0,66.0,3.44,2.0,4.0,0.0,0.0,6.0,0.0,2.0,0.0,0.0,2.0,9.105,0.0,0.0,12.0
700,Sr0.95La0.05TiO3,2.037314933,1,Mgaultois/Sparks,Peer-reviewed literature,84.95,312.25,186.0494735,3162.55,54.05,15.05,553.6,12.8175,10.0,12.0,2.05,0.0,24.05,0.0,6.0,8.45,0.0,14.45,97.368375,0.0,2.25333333333e-05,453.45,16.990000000000002,62.449999999999996,37.2098947,632.5100000000001,10.809999999999999,3.01,110.72,2.5635000000000003,2.0,2.4,0.41000000000000003,0.0,4.81,0.0,1.2,1.6900000000000002,0.0,2.89,19.473675,0.0,4.50666666666e-06,90.69000000000001,10.788,29.46,25.452593639999996,693.2520000000001,6.228000000000001,1.212,53.664,1.0517999999999998,0.0,1.92,0.6478,0.0,1.428,0.0,0.96,2.6702000000000004,0.0,2.1662,13.555879999999998,0.0,7.210666666655999e-06,94.428,49.0,79.0,122.90607000000001,1886.2,14.0,4.0,141.0,2.49,0.0,4.0,2.0,0.0,4.0,0.0,2.0,9.0,0.0,9.0,45.125,0.0,2.25333333333e-05,213.0,57.0,87.0,138.90547,1941.0,16.0,6.0,207.0,3.44,2.0,4.0,2.0,0.0,6.0,0.0,2.0,9.0,0.0,9.0,54.23,0.0,2.25333333333e-05,225.0,8.0,8.0,15.9994,54.8,2.0,2.0,66.0,0.95,2.0,0.0,0.0,0.0,2.0,0.0,0.0,0.0,0.0,0.0,9.105,0.0,0.0,12.0,8.0,87.0,15.9994,54.8,16.0,2.0,66.0,3.44,2.0,4.0,0.0,0.0,6.0,0.0,2.0,0.0,0.0,2.0,9.105,0.0,0.0,12.0
1000,Sr0.95La0.05TiO3,1.736935659,1,Mgaultois/Sparks,Peer-reviewed literature,84.95,312.25,186.0494735,3162.55,54.05,15.05,553.6,12.8175,10.0,12.0,2.05,0.0,24.05,0.0,6.0,8.45,0.0,14.45,97.368375,0.0,2.25333333333e-05,453.45,16.990000000000002,62.449999999999996,37.2098947,632.5100000000001,10.809999999999999,3.01,110.72,2.5635000000000003,2.0,2.4,0.41000000000000003,0.0,4.81,0.0,1.2,1.6900000000000002,0.0,2.89,19.473675,0.0,4.50666666666e-06,90.69000000000001,10.788,29.46,25.452593639999996,693.2520000000001,6.228000000000001,1.212,53.664,1.0517999999999998,0.0,1.92,0.6478,0.0,1.428,0.0,0.96,2.6702000000000004,0.0,2.1662,13.555879999999998,0.0,7.210666666655999e-06,94.428,49.0,79.0,122.90607000000001,1886.2,14.0,4.0,141.0,2.49,0.0,4.0,2.0,0.0,4.0,0.0,2.0,9.0,0.0,9.0,45.125,0.0,2.25333333333e-05,213.0,57.0,87.0,138.90547,1941.0,16.0,6.0,207.0,3.44,2.0,4.0,2.0,0.0,6.0,0.0,2.0,9.0,0.0,9.0,54.23,0.0,2.25333333333e-05,225.0,8.0,8.0,15.9994,54.8,2.0,2.0,66.0,0.95,2.0,0.0,0.0,0.0,2.0,0.0,0.0,0.0,0.0,0.0,9.105,0.0,0.0,12.0,8.0,87.0,15.9994,54.8,16.0,2.0,66.0,3.44,2.0,4.0,0.0,0.0,6.0,0.0,2.0,0.0,0.0,2.0,9.105,0.0,0.0,12.0
300,Sr0.8La0.2TiO3,3.21256078,1,Mgaultois/Sparks,Peer-reviewed literature,87.80000000000001,313.0,193.742294,3184.0,54.2,15.2,555.4,12.84,10.0,12.0,2.2,0.0,24.2,0.0,6.0,9.8,0.0,15.8,94.7685,0.0,2.25333333333e-05,448.8,17.56,62.599999999999994,38.7484588,636.8000000000001,10.84,3.04,111.07999999999998,2.568,2.0,2.4,0.44,0.0,4.84,0.0,1.2,1.96,0.0,3.16,18.9537,0.0,4.50666666666e-06,89.76,11.472,29.28,27.298870559999997,698.4,6.192,1.248,54.096000000000004,1.0463999999999998,0.0,1.92,0.6688000000000001,0.0,1.392,0.0,0.96,2.9792,0.0,2.4032,12.72392,0.0,7.210666666655999e-06,93.312,49.0,79.0,122.90607000000001,1886.2,14.0,4.0,141.0,2.49,0.0,4.0,2.0,0.0,4.0,0.0,2.0,9.0,0.0,9.0,45.125,0.0,2.25333333333e-05,213.0,57.0,87.0,138.90547,1941.0,16.0,6.0,207.0,3.44,2.0,4.0,2.0,0.0,6.0,0.0,2.0,9.0,0.0,9.0,54.23,0.0,2.25333333333e-05,225.0,8.0,8.0,15.9994,54.8,2.0,2.0,66.0,0.95,2.0,0.0,0.0,0.0,2.0,0.0,0.0,0.0,0.0,0.0,9.105,0.0,0.0,12.0,8.0,87.0,15.9994,54.8,16.0,2.0,66.0,3.44,2.0,4.0,0.0,0.0,6.0,0.0,2.0,0.0,0.0,2.0,9.105,0.0,0.0,12.0
400,Sr0.8La0.2TiO3,3.2727207,1,Mgaultois/Sparks,Peer-reviewed literature,87.80000000000001,313.0,193.742294,3184.0,54.2,15.2,555.4,12.84,10.0,12.0,2.2,0.0,24.2,0.0,6.0,9.8,0.0,15.8,94.7685,0.0,2.25333333333e-05,448.8,17.56,62.599999999999994,38.7484588,636.8000000000001,10.84,3.04,111.07999999999998,2.568,2.0,2.4,0.44,0.0,4.84,0.0,1.2,1.96,0.0,3.16,18.9537,0.0,4.50666666666e-06,89.76,11.472,29.28,27.298870559999997,698.4,6.192,1.248,54.096000000000004,1.0463999999999998,0.0,1.92,0.6688000000000001,0.0,1.392,0.0,0.96,2.9792,0.0,2.4032,12.72392,0.0,7.210666666655999e-06,93.312,49.0,79.0,122.90607000000001,1886.2,14.0,4.0,141.0,2.49,0.0,4.0,2.0,0.0,4.0,0.0,2.0,9.0,0.0,9.0,45.125,0.0,2.25333333333e-05,213.0,57.0,87.0,138.90547,1941.0,16.0,6.0,207.0,3.44,2.0,4.0,2.0,0.0,6.0,0.0,2.0,9.0,0.0,9.0,54.23,0.0,2.25333333333e-05,225.0,8.0,8.0,15.9994,54.8,2.0,2.0,66.0,0.95,2.0,0.0,0.0,0.0,2.0,0.0,0.0,0.0,0.0,0.0,9.105,0.0,0.0,12.0,8.0,87.0,15.9994,54.8,16.0,2.0,66.0,3.44,2.0,4.0,0.0,0.0,6.0,0.0,2.0,0.0,0.0,2.0,9.105,0.0,0.0,12.0
700,Sr0.8La0.2TiO3,2.923701885,1,Mgaultois/Sparks,Peer-reviewed literature,87.80000000000001,313.0,193.742294,3184.0,54.2,15.2,555.4,12.84,10.0,12.0,2.2,0.0,24.2,0.0,6.0,9.8,0.0,15.8,94.7685,0.0,2.25333333333e-05,448.8,17.56,62.599999999999994,38.7484588,636.8000000000001,10.84,3.04,111.07999999999998,2.568,2.0,2.4,0.44,0.0,4.84,0.0,1.2,1.96,0.0,3.16,18.9537,0.0,4.50666666666e-06,89.76,11.472,29.28,27.298870559999997,698.4,6.192,1.248,54.096000000000004,1.0463999999999998,0.0,1.92,0.6688000000000001,0.0,1.392,0.0,0.96,2.9792,0.0,2.4032,12.72392,0.0,7.210666666655999e-06,93.312,49.0,79.0,122.90607000000001,1886.2,14.0,4.0,141.0,2.49,0.0,4.0,2.0,0.0,4.0,0.0,2.0,9.0,0.0,9.0,45.125,0.0,2.25333333333e-05,213.0,57.0,87.0,138.90547,1941.0,16.0,6.0,207.0,3.44,2.0,4.0,2.0,0.0,6.0,0.0,2.0,9.0,0.0,9.0,54.23,0.0,2.25333333333e-05,225.0,8.0,8.0,15.9994,54.8,2.0,2.0,66.0,0.95,2.0,0.0,0.0,0.0,2.0,0.0,0.0,0.0,0.0,0.0,9.105,0.0,0.0,12.0,8.0,87.0,15.9994,54.8,16.0,2.0,66.0,3.44,2.0,4.0,0.0,0.0,6.0,0.0,2.0,0.0,0.0,2.0,9.105,0.0,0.0,12.0
1000,Sr0.8La0.2TiO3,2.623310287,1,Mgaultois/Sparks,Peer-reviewed literature,87.80000000000001,313.0,193.742294,3184.0,54.2,15.2,555.4,12.84,10.0,12.0,2.2,0.0,24.2,0.0,6.0,9.8,0.0,15.8,94.7685,0.0,2.25333333333e-05,448.8,17.56,62.599999999999994,38.7484588,636.8000000000001,10.84,3.04,111.07999999999998,2.568,2.0,2.4,0.44,0.0,4.84,0.0,1.2,1.96,0.0,3.16,18.9537,0.0,4.50666666666e-06,89.76,11.472,29.28,27.298870559999997,698.4,6.192,1.248,54.096000000000004,1.0463999999999998,0.0,1.92,0.6688000000000001,0.0,1.392,0.0,0.96,2.9792,0.0,2.4032,12.72392,0.0,7.210666666655999e-06,93.312,49.0,79.0,122.90607000000001,1886.2,14.0,4.0,141.0,2.49,0.0,4.0,2.0,0.0,4.0,0.0,2.0,9.0,0.0,9.0,45.125,0.0,2.25333333333e-05,213.0,57.0,87.0,138.90547,1941.0,16.0,6.0,207.0,3.44,2.0,4.0,2.0,0.0,6.0,0.0,2.0,9.0,0.0,9.0,54.23,0.0,2.25333333333e-05,225.0,8.0,8.0,15.9994,54.8,2.0,2.0,66.0,0.95,2.0,0.0,0.0,0.0,2.0,0.0,0.0,0.0,0.0,0.0,9.105,0.0,0.0,12.0,8.0,87.0,15.9994,54.8,16.0,2.0,66.0,3.44,2.0,4.0,0.0,0.0,6.0,0.0,2.0,0.0,0.0,2.0,9.105,0.0,0.0,12.0
300,Ca3Co4O9,1.338524227,0,Mgaultois/Sparks,Peer-reviewed literature,240.0,1036.0,499.96137999999996,10910.2,186.0,46.0,1626.0,41.480000000000004,32.0,36.0,28.0,0.0,96.0,0.0,18.0,12.0,0.0,30.0,236.235,0.0,6.1938848,1559.0,15.0,64.75,31.247586249999998,681.8875,11.625,2.875,101.625,2.5925000000000002,2.0,2.25,1.75,0.0,6.0,0.0,1.125,0.75,0.0,1.875,14.7646875,0.0,0.3871178,97.4375,7.875,25.03125,17.15420953125,705.4734375,4.921875,0.984375,40.078125,0.9534374999999999,0.0,1.96875,2.625,0.0,1.5,0.0,0.984375,1.125,0.0,0.703125,8.6269921875,0.0,0.5806767,96.1171875,19.0,80.0,42.933794999999996,1713.2,14.0,2.0,110.0,2.44,0.0,4.0,7.0,0.0,7.0,0.0,2.0,3.0,0.0,3.0,28.665000000000003,0.0,1.5484712,213.0,27.0,87.0,58.933195,1768.0,16.0,4.0,176.0,3.44,2.0,4.0,7.0,0.0,9.0,0.0,2.0,3.0,0.0,3.0,37.77,0.0,1.5484712,225.0,8.0,7.0,15.9994,54.8,2.0,2.0,66.0,1.0,2.0,0.0,0.0,0.0,2.0,0.0,0.0,0.0,0.0,0.0,9.105,0.0,0.0,12.0,8.0,87.0,15.9994,54.8,16.0,2.0,66.0,3.44,2.0,4.0,0.0,0.0,6.0,0.0,2.0,0.0,0.0,2.0,9.105,0.0,0.0,12.0
400,Ca3Co4O9,1.386896514,0,Mgaultois/Sparks,Peer-reviewed literature,240.0,1036.0,499.96137999999996,10910.2,186.0,46.0,1626.0,41.480000000000004,32.0,36.0,28.0,0.0,96.0,0.0,18.0,12.0,0.0,30.0,236.235,0.0,6.1938848,1559.0,15.0,64.75,31.247586249999998,681.8875,11.625,2.875,101.625,2.5925000000000002,2.0,2.25,1.75,0.0,6.0,0.0,1.125,0.75,0.0,1.875,14.7646875,0.0,0.3871178,97.4375,7.875,25.03125,17.15420953125,705.4734375,4.921875,0.984375,40.078125,0.9534374999999999,0.0,1.96875,2.625,0.0,1.5,0.0,0.984375,1.125,0.0,0.703125,8.6269921875,0.0,0.5806767,96.1171875,19.0,80.0,42.933794999999996,1713.2,14.0,2.0,110.0,2.44,0.0,4.0,7.0,0.0,7.0,0.0,2.0,3.0,0.0,3.0,28.665000000000003,0.0,1.5484712,213.0,27.0,87.0,58.933195,1768.0,16.0,4.0,176.0,3.44,2.0,4.0,7.0,0.0,9.0,0.0,2.0,3.0,0.0,3.0,37.77,0.0,1.5484712,225.0,8.0,7.0,15.9994,54.8,2.0,2.0,66.0,1.0,2.0,0.0,0.0,0.0,2.0,0.0,0.0,0.0,0.0,0.0,9.105,0.0,0.0,12.0,8.0,87.0,15.9994,54.8,16.0,2.0,66.0,3.44,2.0,4.0,0.0,0.0,6.0,0.0,2.0,0.0,0.0,2.0,9.105,0.0,0.0,12.0
700,Ca3Co4O9,1.541553041,0,Mgaultois/Sparks,Peer-reviewed literature,240.0,1036.0,499.96137999999996,10910.2,186.0,46.0,1626.0,41.480000000000004,32.0,36.0,28.0,0.0,96.0,0.0,18.0,12.0,0.0,30.0,236.235,0.0,6.1938848,1559.0,15.0,64.75,31.247586249999998,681.8875,11.625,2.875,101.625,2.5925000000000002,2.0,2.25,1.75,0.0,6.0,0.0,1.125,0.75,0.0,1.875,14.7646875,0.0,0.3871178,97.4375,7.875,25.03125,17.15420953125,705.4734375,4.921875,0.984375,40.078125,0.9534374999999999,0.0,1.96875,2.625,0.0,1.5,0.0,0.984375,1.125,0.0,0.703125,8.6269921875,0.0,0.5806767,96.1171875,19.0,80.0,42.933794999999996,1713.2,14.0,2.0,110.0,2.44,0.0,4.0,7.0,0.0,7.0,0.0,2.0,3.0,0.0,3.0,28.665000000000003,0.0,1.5484712,213.0,27.0,87.0,58.933195,1768.0,16.0,4.0,176.0,3.44,2.0,4.0,7.0,0.0,9.0,0.0,2.0,3.0,0.0,3.0,37.77,0.0,1.5484712,225.0,8.0,7.0,15.9994,54.8,2.0,2.0,66.0,1.0,2.0,0.0,0.0,0.0,2.0,0.0,0.0,0.0,0.0,0.0,9.105,0.0,0.0,12.0,8.0,87.0,15.9994,54.8,16.0,2.0,66.0,3.44,2.0,4.0,0.0,0.0,6.0,0.0,2.0,0.0,0.0,2.0,9.105,0.0,0.0,12.0
1000,Ca3Co4O9,1.584141177,0,Mgaultois/Sparks,Peer-reviewed literature,240.0,1036.0,499.96137999999996,10910.2,186.0,46.0,1626.0,41.480000000000004,32.0,36.0,28.0,0.0,96.0,0.0,18.0,12.0,0.0,30.0,236.235,0.0,6.1938848,1559.0,15.0,64.75,31.247586249999998,681.8875,11.625,2.875,101.625,2.5925000000000002,2.0,2.25,1.75,0.0,6.0,0.0,1.125,0.75,0.0,1.875,14.7646875,0.0,0.3871178,97.4375,7.875,25.03125,17.15420953125,705.4734375,4.921875,0.984375,40.078125,0.9534374999999999,0.0,1.96875,2.625,0.0,1.5,0.0,0.984375,1.125,0.0,0.703125,8.6269921875,0.0,0.5806767,96.1171875,19.0,80.0,42.933794999999996,1713.2,14.0,2.0,110.0,2.44,0.0,4.0,7.0,0.0,7.0,0.0,2.0,3.0,0.0,3.0,28.665000000000003,0.0,1.5484712,213.0,27.0,87.0,58.933195,1768.0,16.0,4.0,176.0,3.44,2.0,4.0,7.0,0.0,9.0,0.0,2.0,3.0,0.0,3.0,37.77,0.0,1.5484712,225.0,8.0,7.0,15.9994,54.8,2.0,2.0,66.0,1.0,2.0,0.0,0.0,0.0,2.0,0.0,0.0,0.0,0.0,0.0,9.105,0.0,0.0,12.0,8.0,87.0,15.9994,54.8,16.0,2.0,66.0,3.44,2.0,4.0,0.0,0.0,6.0,0.0,2.0,0.0,0.0,2.0,9.105,0.0,0.0,12.0
300,La0.05Ca2.85Co3.8O8.55,1.389580682,0,Mgaultois/Sparks,Peer-reviewed literature,230.85,984.85,481.9085845,10424.34,176.85000000000002,44.0,1555.0500000000002,39.461,30.5,34.2,26.65,0.0,91.35,0.0,17.1,11.849999999999998,0.0,28.95,226.268125,0.0,5.8841905599999995,1490.75,15.137704918032789,64.58032786885246,31.600562918032786,683.5632786885246,11.59672131147541,2.885245901639344,101.97049180327869,2.587606557377049,2.0,2.2426229508196722,1.7475409836065572,0.0,5.99016393442623,0.0,1.1213114754098361,0.7770491803278687,0.0,1.8983606557377048,14.837254098360656,0.0,0.3858485613114754,97.75409836065573,8.003590432679388,25.139435635581833,17.493763009728568,705.0394797097555,4.937446922870196,0.9926363880677237,40.334125235151845,0.9557985487772105,0.0,1.9705670518677776,2.617618919645256,0.0,1.5110131685030903,0.0,0.9852835259338888,1.1617522171459282,0.0,0.7095511959150766,8.716241064230047,0.0,0.5794053805923138,96.15705455522709,49.0,80.0,122.90607000000001,1713.2,14.0,4.0,141.0,2.44,0.0,4.0,7.0,0.0,7.0,0.0,2.0,9.0,0.0,9.0,28.665000000000003,0.0,1.5484712,213.0,57.0,87.0,138.90547,1768.0,16.0,6.0,207.0,3.44,2.0,4.0,7.0,0.0,9.0,0.0,2.0,9.0,0.0,9.0,37.77,0.0,1.5484712,225.0,8.0,7.0,15.9994,54.8,2.0,2.0,66.0,1.0,2.0,0.0,0.0,0.0,2.0,0.0,0.0,0.0,0.0,0.0,9.105,0.0,0.0,12.0,8.0,87.0,15.9994,54.8,16.0,2.0,66.0,3.44,2.0,4.0,0.0,0.0,6.0,0.0,2.0,0.0,0.0,2.0,9.105,0.0,0.0,12.0
400,La0.05Ca2.85Co3.8O8.55,1.422143167,0,Mgaultois/Sparks,Peer-reviewed literature,230.85,984.85,481.9085845,10424.34,176.85000000000002,44.0,1555.0500000000002,39.461,30.5,34.2,26.65,0.0,91.35,0.0,17.1,11.849999999999998,0.0,28.95,226.268125,0.0,5.8841905599999995,1490.75,15.137704918032789,64.58032786885246,31.600562918032786,683.5632786885246,11.59672131147541,2.885245901639344,101.97049180327869,2.587606557377049,2.0,2.2426229508196722,1.7475409836065572,0.0,5.99016393442623,0.0,1.1213114754098361,0.7770491803278687,0.0,1.8983606557377048,14.837254098360656,0.0,0.3858485613114754,97.75409836065573,8.003590432679388,25.139435635581833,17.493763009728568,705.0394797097555,4.937446922870196,0.9926363880677237,40.334125235151845,0.9557985487772105,0.0,1.9705670518677776,2.617618919645256,0.0,1.5110131685030903,0.0,0.9852835259338888,1.1617522171459282,0.0,0.7095511959150766,8.716241064230047,0.0,0.5794053805923138,96.15705455522709,49.0,80.0,122.90607000000001,1713.2,14.0,4.0,141.0,2.44,0.0,4.0,7.0,0.0,7.0,0.0,2.0,9.0,0.0,9.0,28.665000000000003,0.0,1.5484712,213.0,57.0,87.0,138.90547,1768.0,16.0,6.0,207.0,3.44,2.0,4.0,7.0,0.0,9.0,0.0,2.0,9.0,0.0,9.0,37.77,0.0,1.5484712,225.0,8.0,7.0,15.9994,54.8,2.0,2.0,66.0,1.0,2.0,0.0,0.0,0.0,2.0,0.0,0.0,0.0,0.0,0.0,9.105,0.0,0.0,12.0,8.0,87.0,15.9994,54.8,16.0,2.0,66.0,3.44,2.0,4.0,0.0,0.0,6.0,0.0,2.0,0.0,0.0,2.0,9.105,0.0,0.0,12.0
700,La0.05Ca2.85Co3.8O8.55,1.600157957,0,Mgaultois/Sparks,Peer-reviewed literature,230.85,984.85,481.9085845,10424.34,176.85000000000002,44.0,1555.0500000000002,39.461,30.5,34.2,26.65,0.0,91.35,0.0,17.1,11.849999999999998,0.0,28.95,226.268125,0.0,5.8841905599999995,1490.75,15.137704918032789,64.58032786885246,31.600562918032786,683.5632786885246,11.59672131147541,2.885245901639344,101.97049180327869,2.587606557377049,2.0,2.2426229508196722,1.7475409836065572,0.0,5.99016393442623,0.0,1.1213114754098361,0.7770491803278687,0.0,1.8983606557377048,14.837254098360656,0.0,0.3858485613114754,97.75409836065573,8.003590432679388,25.139435635581833,17.493763009728568,705.0394797097555,4.937446922870196,0.9926363880677237,40.334125235151845,0.9557985487772105,0.0,1.9705670518677776,2.617618919645256,0.0,1.5110131685030903,0.0,0.9852835259338888,1.1617522171459282,0.0,0.7095511959150766,8.716241064230047,0.0,0.5794053805923138,96.15705455522709,49.0,80.0,122.90607000000001,1713.2,14.0,4.0,141.0,2.44,0.0,4.0,7.0,0.0,7.0,0.0,2.0,9.0,0.0,9.0,28.665000000000003,0.0,1.5484712,213.0,57.0,87.0,138.90547,1768.0,16.0,6.0,207.0,3.44,2.0,4.0,7.0,0.0,9.0,0.0,2.0,9.0,0.0,9.0,37.77,0.0,1.5484712,225.0,8.0,7.0,15.9994,54.8,2.0,2.0,66.0,1.0,2.0,0.0,0.0,0.0,2.0,0.0,0.0,0.0,0.0,0.0,9.105,0.0,0.0,12.0,8.0,87.0,15.9994,54.8,16.0,2.0,66.0,3.44,2.0,4.0,0.0,0.0,6.0,0.0,2.0,0.0,0.0,2.0,9.105,0.0,0.0,12.0
1000,La0.05Ca2.85Co3.8O8.55,1.719282395,0,Mgaultois/Sparks,Peer-reviewed literature,230.85,984.85,481.9085845,10424.34,176.85000000000002,44.0,1555.0500000000002,39.461,30.5,34.2,26.65,0.0,91.35,0.0,17.1,11.849999999999998,0.0,28.95,226.268125,0.0,5.8841905599999995,1490.75,15.137704918032789,64.58032786885246,31.600562918032786,683.5632786885246,11.59672131147541,2.885245901639344,101.97049180327869,2.587606557377049,2.0,2.2426229508196722,1.7475409836065572,0.0,5.99016393442623,0.0,1.1213114754098361,0.7770491803278687,0.0,1.8983606557377048,14.837254098360656,0.0,0.3858485613114754,97.75409836065573,8.003590432679388,25.139435635581833,17.493763009728568,705.0394797097555,4.937446922870196,0.9926363880677237,40.334125235151845,0.9557985487772105,0.0,1.9705670518677776,2.617618919645256,0.0,1.5110131685030903,0.0,0.9852835259338888,1.1617522171459282,0.0,0.7095511959150766,8.716241064230047,0.0,0.5794053805923138,96.15705455522709,49.0,80.0,122.90607000000001,1713.2,14.0,4.0,141.0,2.44,0.0,4.0,7.0,0.0,7.0,0.0,2.0,9.0,0.0,9.0,28.665000000000003,0.0,1.5484712,213.0,57.0,87.0,138.90547,1768.0,16.0,6.0,207.0,3.44,2.0,4.0,7.0,0.0,9.0,0.0,2.0,9.0,0.0,9.0,37.77,0.0,1.5484712,225.0,8.0,7.0,15.9994,54.8,2.0,2.0,66.0,1.0,2.0,0.0,0.0,0.0,2.0,0.0,0.0,0.0,0.0,0.0,9.105,0.0,0.0,12.0,8.0,87.0,15.9994,54.8,16.0,2.0,66.0,3.44,2.0,4.0,0.0,0.0,6.0,0.0,2.0,0.0,0.0,2.0,9.105,0.0,0.0,12.0
300,La0.3Ca2.7Co4O9,1.224693592,0,Mgaultois/Sparks,Peer-reviewed literature,251.1,1037.8,529.6096210000001,10933.6,186.3,46.6,1635.3000000000002,41.510000000000005,32.0,36.0,28.3,0.0,96.3,0.0,18.0,14.7,0.0,32.7,235.97325,0.0,6.1938848,1549.7,15.69375,64.8625,33.100601312500004,683.35,11.64375,2.9125,102.20625000000001,2.5943750000000003,2.0,2.25,1.76875,0.0,6.01875,0.0,1.125,0.91875,0.0,2.04375,14.748328125,0.0,0.3871178,96.85625,8.65546875,24.9046875,19.2388514765625,707.1187500000001,4.9007812500000005,1.0265624999999998,40.732031250000006,0.9513281250000001,0.0,1.96875,2.615625,0.0,1.490625,0.0,0.984375,1.3436718749999998,0.0,0.738984375,8.600408203125,0.0,0.5806767,95.46328125000001,49.0,80.0,122.90607000000001,1713.2,14.0,4.0,141.0,2.44,0.0,4.0,7.0,0.0,7.0,0.0,2.0,9.0,0.0,9.0,28.665000000000003,0.0,1.5484712,213.0,57.0,87.0,138.90547,1768.0,16.0,6.0,207.0,3.44,2.0,4.0,7.0,0.0,9.0,0.0,2.0,9.0,0.0,9.0,37.77,0.0,1.5484712,225.0,8.0,7.0,15.9994,54.8,2.0,2.0,66.0,1.0,2.0,0.0,0.0,0.0,2.0,0.0,0.0,0.0,0.0,0.0,9.105,0.0,0.0,12.0,8.0,87.0,15.9994,54.8,16.0,2.0,66.0,3.44,2.0,4.0,0.0,0.0,6.0,0.0,2.0,0.0,0.0,2.0,9.105,0.0,0.0,12.0
400,La0.3Ca2.7Co4O9,1.412563019,0,Mgaultois/Sparks,Peer-reviewed literature,251.1,1037.8,529.6096210000001,10933.6,186.3,46.6,1635.3000000000002,41.510000000000005,32.0,36.0,28.3,0.0,96.3,0.0,18.0,14.7,0.0,32.7,235.97325,0.0,6.1938848,1549.7,15.69375,64.8625,33.100601312500004,683.35,11.64375,2.9125,102.20625000000001,2.5943750000000003,2.0,2.25,1.76875,0.0,6.01875,0.0,1.125,0.91875,0.0,2.04375,14.748328125,0.0,0.3871178,96.85625,8.65546875,24.9046875,19.2388514765625,707.1187500000001,4.9007812500000005,1.0265624999999998,40.732031250000006,0.9513281250000001,0.0,1.96875,2.615625,0.0,1.490625,0.0,0.984375,1.3436718749999998,0.0,0.738984375,8.600408203125,0.0,0.5806767,95.46328125000001,49.0,80.0,122.90607000000001,1713.2,14.0,4.0,141.0,2.44,0.0,4.0,7.0,0.0,7.0,0.0,2.0,9.0,0.0,9.0,28.665000000000003,0.0,1.5484712,213.0,57.0,87.0,138.90547,1768.0,16.0,6.0,207.0,3.44,2.0,4.0,7.0,0.0,9.0,0.0,2.0,9.0,0.0,9.0,37.77,0.0,1.5484712,225.0,8.0,7.0,15.9994,54.8,2.0,2.0,66.0,1.0,2.0,0.0,0.0,0.0,2.0,0.0,0.0,0.0,0.0,0.0,9.105,0.0,0.0,12.0,8.0,87.0,15.9994,54.8,16.0,2.0,66.0,3.44,2.0,4.0,0.0,0.0,6.0,0.0,2.0,0.0,0.0,2.0,9.105,0.0,0.0,12.0
700,La0.3Ca2.7Co4O9,1.684078395,0,Mgaultois/Sparks,Peer-reviewed literature,251.1,1037.8,529.6096210000001,10933.6,186.3,46.6,1635.3000000000002,41.510000000000005,32.0,36.0,28.3,0.0,96.3,0.0,18.0,14.7,0.0,32.7,235.97325,0.0,6.1938848,1549.7,15.69375,64.8625,33.100601312500004,683.35,11.64375,2.9125,102.20625000000001,2.5943750000000003,2.0,2.25,1.76875,0.0,6.01875,0.0,1.125,0.91875,0.0,2.04375,14.748328125,0.0,0.3871178,96.85625,8.65546875,24.9046875,19.2388514765625,707.1187500000001,4.9007812500000005,1.0265624999999998,40.732031250000006,0.9513281250000001,0.0,1.96875,2.615625,0.0,1.490625,0.0,0.984375,1.3436718749999998,0.0,0.738984375,8.600408203125,0.0,0.5806767,95.46328125000001,49.0,80.0,122.90607000000001,1713.2,14.0,4.0,141.0,2.44,0.0,4.0,7.0,0.0,7.0,0.0,2.0,9.0,0.0,9.0,28.665000000000003,0.0,1.5484712,213.0,57.0,87.0,138.90547,1768.0,16.0,6.0,207.0,3.44,2.0,4.0,7.0,0.0,9.0,0.0,2.0,9.0,0.0,9.0,37.77,0.0,1.5484712,225.0,8.0,7.0,15.9994,54.8,2.0,2.0,66.0,1.0,2.0,0.0,0.0,0.0,2.0,0.0,0.0,0.0,0.0,0.0,9.105,0.0,0.0,12.0,8.0,87.0,15.9994,54.8,16.0,2.0,66.0,3.44,2.0,4.0,0.0,0.0,6.0,0.0,2.0,0.0,0.0,2.0,9.105,0.0,0.0,12.0
1000,La0.3Ca2.7Co4O9,1.822748497,0,Mgaultois/Sparks,Peer-reviewed literature,251.1,1037.8,529.6096210000001,10933.6,186.3,46.6,1635.3000000000002,41.510000000000005,32.0,36.0,28.3,0.0,96.3,0.0,18.0,14.7,0.0,32.7,235.97325,0.0,6.1938848,1549.7,15.69375,64.8625,33.100601312500004,683.35,11.64375,2.9125,102.20625000000001,2.5943750000000003,2.0,2.25,1.76875,0.0,6.01875,0.0,1.125,0.91875,0.0,2.04375,14.748328125,0.0,0.3871178,96.85625,8.65546875,24.9046875,19.2388514765625,707.1187500000001,4.9007812500000005,1.0265624999999998,40.732031250000006,0.9513281250000001,0.0,1.96875,2.615625,0.0,1.490625,0.0,0.984375,1.3436718749999998,0.0,0.738984375,8.600408203125,0.0,0.5806767,95.46328125000001,49.0,80.0,122.90607000000001,1713.2,14.0,4.0,141.0,2.44,0.0,4.0,7.0,0.0,7.0,0.0,2.0,9.0,0.0,9.0,28.665000000000003,0.0,1.5484712,213.0,57.0,87.0,138.90547,1768.0,16.0,6.0,207.0,3.44,2.0,4.0,7.0,0.0,9.0,0.0,2.0,9.0,0.0,9.0,37.77,0.0,1.5484712,225.0,8.0,7.0,15.9994,54.8,2.0,2.0,66.0,1.0,2.0,0.0,0.0,0.0,2.0,0.0,0.0,0.0,0.0,0.0,9.105,0.0,0.0,12.0,8.0,87.0,15.9994,54.8,16.0,2.0,66.0,3.44,2.0,4.0,0.0,0.0,6.0,0.0,2.0,0.0,0.0,2.0,9.105,0.0,0.0,12.0
300,La0.45Ca2.55Co4O9,1.365579706,0,Mgaultois/Sparks,Peer-reviewed literature,256.65,1038.7,544.4337415,10945.300000000001,186.45,46.9,1639.9499999999998,41.525,32.0,36.0,28.45,0.0,96.45,0.0,18.0,16.05,0.0,34.05,235.842375,0.0,6.1938848,1545.05,16.040625,64.91875,34.02710884375,684.0812500000001,11.653125,2.93125,102.49687499999999,2.5953125,2.0,2.25,1.778125,0.0,6.028125,0.0,1.125,1.003125,0.0,2.128125,14.7401484375,0.0,0.3871178,96.565625,9.045703125,24.84140625,20.28117244921875,707.94140625,4.890234375,1.0476562500000002,41.058984374999994,0.9502734374999999,0.0,1.96875,2.6109375000000004,0.0,1.4859375000000001,0.0,0.984375,1.44826171875,0.0,0.8224804687499998,8.5871162109375,0.0,0.5806767,95.136328125,49.0,80.0,122.90607000000001,1713.2,14.0,4.0,141.0,2.44,0.0,4.0,7.0,0.0,7.0,0.0,2.0,9.0,0.0,9.0,28.665000000000003,0.0,1.5484712,213.0,57.0,87.0,138.90547,1768.0,16.0,6.0,207.0,3.44,2.0,4.0,7.0,0.0,9.0,0.0,2.0,9.0,0.0,9.0,37.77,0.0,1.5484712,225.0,8.0,7.0,15.9994,54.8,2.0,2.0,66.0,1.0,2.0,0.0,0.0,0.0,2.0,0.0,0.0,0.0,0.0,0.0,9.105,0.0,0.0,12.0,8.0,87.0,15.9994,54.8,16.0,2.0,66.0,3.44,2.0,4.0,0.0,0.0,6.0,0.0,2.0,0.0,0.0,2.0,9.105,0.0,0.0,12.0
400,La0.45Ca2.55Co4O9,1.428869875,0,Mgaultois/Sparks,Peer-reviewed literature,256.65,1038.7,544.4337415,10945.300000000001,186.45,46.9,1639.9499999999998,41.525,32.0,36.0,28.45,0.0,96.45,0.0,18.0,16.05,0.0,34.05,235.842375,0.0,6.1938848,1545.05,16.040625,64.91875,34.02710884375,684.0812500000001,11.653125,2.93125,102.49687499999999,2.5953125,2.0,2.25,1.778125,0.0,6.028125,0.0,1.125,1.003125,0.0,2.128125,14.7401484375,0.0,0.3871178,96.565625,9.045703125,24.84140625,20.28117244921875,707.94140625,4.890234375,1.0476562500000002,41.058984374999994,0.9502734374999999,0.0,1.96875,2.6109375000000004,0.0,1.4859375000000001,0.0,0.984375,1.44826171875,0.0,0.8224804687499998,8.5871162109375,0.0,0.5806767,95.136328125,49.0,80.0,122.90607000000001,1713.2,14.0,4.0,141.0,2.44,0.0,4.0,7.0,0.0,7.0,0.0,2.0,9.0,0.0,9.0,28.665000000000003,0.0,1.5484712,213.0,57.0,87.0,138.90547,1768.0,16.0,6.0,207.0,3.44,2.0,4.0,7.0,0.0,9.0,0.0,2.0,9.0,0.0,9.0,37.77,0.0,1.5484712,225.0,8.0,7.0,15.9994,54.8,2.0,2.0,66.0,1.0,2.0,0.0,0.0,0.0,2.0,0.0,0.0,0.0,0.0,0.0,9.105,0.0,0.0,12.0,8.0,87.0,15.9994,54.8,16.0,2.0,66.0,3.44,2.0,4.0,0.0,0.0,6.0,0.0,2.0,0.0,0.0,2.0,9.105,0.0,0.0,12.0
700,La0.45Ca2.55Co4O9,1.638838551,0,Mgaultois/Sparks,Peer-reviewed literature,256.65,1038.7,544.4337415,10945.300000000001,186.45,46.9,1639.9499999999998,41.525,32.0,36.0,28.45,0.0,96.45,0.0,18.0,16.05,0.0,34.05,235.842375,0.0,6.1938848,1545.05,16.040625,64.91875,34.02710884375,684.0812500000001,11.653125,2.93125,102.49687499999999,2.5953125,2.0,2.25,1.778125,0.0,6.028125,0.0,1.125,1.003125,0.0,2.128125,14.7401484375,0.0,0.3871178,96.565625,9.045703125,24.84140625,20.28117244921875,707.94140625,4.890234375,1.0476562500000002,41.058984374999994,0.9502734374999999,0.0,1.96875,2.6109375000000004,0.0,1.4859375000000001,0.0,0.984375,1.44826171875,0.0,0.8224804687499998,8.5871162109375,0.0,0.5806767,95.136328125,49.0,80.0,122.90607000000001,1713.2,14.0,4.0,141.0,2.44,0.0,4.0,7.0,0.0,7.0,0.0,2.0,9.0,0.0,9.0,28.665000000000003,0.0,1.5484712,213.0,57.0,87.0,138.90547,1768.0,16.0,6.0,207.0,3.44,2.0,4.0,7.0,0.0,9.0,0.0,2.0,9.0,0.0,9.0,37.77,0.0,1.5484712,225.0,8.0,7.0,15.9994,54.8,2.0,2.0,66.0,1.0,2.0,0.0,0.0,0.0,2.0,0.0,0.0,0.0,0.0,0.0,9.105,0.0,0.0,12.0,8.0,87.0,15.9994,54.8,16.0,2.0,66.0,3.44,2.0,4.0,0.0,0.0,6.0,0.0,2.0,0.0,0.0,2.0,9.105,0.0,0.0,12.0
1000,La0.45Ca2.55Co4O9,1.754697621,0,Mgaultois/Sparks,Peer-reviewed literature,256.65,1038.7,544.4337415,10945.300000000001,186.45,46.9,1639.9499999999998,41.525,32.0,36.0,28.45,0.0,96.45,0.0,18.0,16.05,0.0,34.05,235.842375,0.0,6.1938848,1545.05,16.040625,64.91875,34.02710884375,684.0812500000001,11.653125,2.93125,102.49687499999999,2.5953125,2.0,2.25,1.778125,0.0,6.028125,0.0,1.125,1.003125,0.0,2.128125,14.7401484375,0.0,0.3871178,96.565625,9.045703125,24.84140625,20.28117244921875,707.94140625,4.890234375,1.0476562500000002,41.058984374999994,0.9502734374999999,0.0,1.96875,2.6109375000000004,0.0,1.4859375000000001,0.0,0.984375,1.44826171875,0.0,0.8224804687499998,8.5871162109375,0.0,0.5806767,95.136328125,49.0,80.0,122.90607000000001,1713.2,14.0,4.0,141.0,2.44,0.0,4.0,7.0,0.0,7.0,0.0,2.0,9.0,0.0,9.0,28.665000000000003,0.0,1.5484712,213.0,57.0,87.0,138.90547,1768.0,16.0,6.0,207.0,3.44,2.0,4.0,7.0,0.0,9.0,0.0,2.0,9.0,0.0,9.0,37.77,0.0,1.5484712,225.0,8.0,7.0,15.9994,54.8,2.0,2.0,66.0,1.0,2.0,0.0,0.0,0.0,2.0,0.0,0.0,0.0,0.0,0.0,9.105,0.0,0.0,12.0,8.0,87.0,15.9994,54.8,16.0,2.0,66.0,3.44,2.0,4.0,0.0,0.0,6.0,0.0,2.0,0.0,0.0,2.0,9.105,0.0,0.0,12.0
300,Ca0.9Bi0.1MnO3,2.431143337,1,Mgaultois/Sparks,Peer-reviewed literature,75.3,327.9,159.90448500000002,2741.34,58.3,14.2,510.20000000000005,12.972000000000001,10.0,12.3,6.0,1.4000000000000001,29.7,0.0,6.3,5.0,0.0,11.3,75.0905862069,0.0,0.000310120689655,456.7,15.059999999999999,65.58,31.980897,548.268,11.66,2.84,102.03999999999999,2.5944000000000003,2.0,2.46,1.2,0.28,5.9399999999999995,0.0,1.26,1.0,0.0,2.26,15.01811724138,0.0,6.2024137931e-05,91.34000000000002,8.472,26.5208,19.177796400000002,592.31632,5.3416,1.008,43.248,1.0147199999999998,0.0,1.8696,1.872,0.5488000000000001,1.4184000000000003,0.0,0.9576,1.6,0.0,1.1256,8.907953103448,0.0,9.923862068959999e-05,98.38159999999999,75.0,80.0,192.981,1464.2,14.0,4.0,110.0,2.44,0.0,4.0,10.0,14.0,27.0,0.0,3.0,5.0,0.0,5.0,28.665000000000003,0.0,0.000310120689655,213.0,83.0,87.0,208.9804,1519.0,16.0,6.0,176.0,3.44,2.0,4.0,10.0,14.0,29.0,0.0,3.0,5.0,0.0,5.0,37.77,0.0,0.000310120689655,225.0,8.0,7.0,15.9994,54.8,2.0,2.0,66.0,1.0,2.0,0.0,0.0,0.0,2.0,0.0,0.0,0.0,0.0,0.0,9.105,0.0,0.0,12.0,8.0,87.0,15.9994,54.8,16.0,2.0,66.0,3.44,2.0,4.0,0.0,0.0,6.0,0.0,2.0,0.0,0.0,2.0,9.105,0.0,0.0,12.0
400,Ca0.9Bi0.1MnO3,2.398309859,1,Mgaultois/Sparks,Peer-reviewed literature,75.3,327.9,159.90448500000002,2741.34,58.3,14.2,510.20000000000005,12.972000000000001,10.0,12.3,6.0,1.4000000000000001,29.7,0.0,6.3,5.0,0.0,11.3,75.0905862069,0.0,0.000310120689655,456.7,15.059999999999999,65.58,31.980897,548.268,11.66,2.84,102.03999999999999,2.5944000000000003,2.0,2.46,1.2,0.28,5.9399999999999995,0.0,1.26,1.0,0.0,2.26,15.01811724138,0.0,6.2024137931e-05,91.34000000000002,8.472,26.5208,19.177796400000002,592.31632,5.3416,1.008,43.248,1.0147199999999998,0.0,1.8696,1.872,0.5488000000000001,1.4184000000000003,0.0,0.9576,1.6,0.0,1.1256,8.907953103448,0.0,9.923862068959999e-05,98.38159999999999,75.0,80.0,192.981,1464.2,14.0,4.0,110.0,2.44,0.0,4.0,10.0,14.0,27.0,0.0,3.0,5.0,0.0,5.0,28.665000000000003,0.0,0.000310120689655,213.0,83.0,87.0,208.9804,1519.0,16.0,6.0,176.0,3.44,2.0,4.0,10.0,14.0,29.0,0.0,3.0,5.0,0.0,5.0,37.77,0.0,0.000310120689655,225.0,8.0,7.0,15.9994,54.8,2.0,2.0,66.0,1.0,2.0,0.0,0.0,0.0,2.0,0.0,0.0,0.0,0.0,0.0,9.105,0.0,0.0,12.0,8.0,87.0,15.9994,54.8,16.0,2.0,66.0,3.44,2.0,4.0,0.0,0.0,6.0,0.0,2.0,0.0,0.0,2.0,9.105,0.0,0.0,12.0
700,Ca0.9Bi0.1MnO3,2.301290477,1,Mgaultois/Sparks,Peer-reviewed literature,75.3,327.9,159.90448500000002,2741.34,58.3,14.2,510.20000000000005,12.972000000000001,10.0,12.3,6.0,1.4000000000000001,29.7,0.0,6.3,5.0,0.0,11.3,75.0905862069,0.0,0.000310120689655,456.7,15.059999999999999,65.58,31.980897,548.268,11.66,2.84,102.03999999999999,2.5944000000000003,2.0,2.46,1.2,0.28,5.9399999999999995,0.0,1.26,1.0,0.0,2.26,15.01811724138,0.0,6.2024137931e-05,91.34000000000002,8.472,26.5208,19.177796400000002,592.31632,5.3416,1.008,43.248,1.0147199999999998,0.0,1.8696,1.872,0.5488000000000001,1.4184000000000003,0.0,0.9576,1.6,0.0,1.1256,8.907953103448,0.0,9.923862068959999e-05,98.38159999999999,75.0,80.0,192.981,1464.2,14.0,4.0,110.0,2.44,0.0,4.0,10.0,14.0,27.0,0.0,3.0,5.0,0.0,5.0,28.665000000000003,0.0,0.000310120689655,213.0,83.0,87.0,208.9804,1519.0,16.0,6.0,176.0,3.44,2.0,4.0,10.0,14.0,29.0,0.0,3.0,5.0,0.0,5.0,37.77,0.0,0.000310120689655,225.0,8.0,7.0,15.9994,54.8,2.0,2.0,66.0,1.0,2.0,0.0,0.0,0.0,2.0,0.0,0.0,0.0,0.0,0.0,9.105,0.0,0.0,12.0,8.0,87.0,15.9994,54.8,16.0,2.0,66.0,3.44,2.0,4.0,0.0,0.0,6.0,0.0,2.0,0.0,0.0,2.0,9.105,0.0,0.0,12.0
1000,Ca0.9Bi0.1MnO3,2.28488846,1,Mgaultois/Sparks,Peer-reviewed literature,75.3,327.9,159.90448500000002,2741.34,58.3,14.2,510.20000000000005,12.972000000000001,10.0,12.3,6.0,1.4000000000000001,29.7,0.0,6.3,5.0,0.0,11.3,75.0905862069,0.0,0.000310120689655,456.7,15.059999999999999,65.58,31.980897,548.268,11.66,2.84,102.03999999999999,2.5944000000000003,2.0,2.46,1.2,0.28,5.9399999999999995,0.0,1.26,1.0,0.0,2.26,15.01811724138,0.0,6.2024137931e-05,91.34000000000002,8.472,26.5208,19.177796400000002,592.31632,5.3416,1.008,43.248,1.0147199999999998,0.0,1.8696,1.872,0.5488000000000001,1.4184000000000003,0.0,0.9576,1.6,0.0,1.1256,8.907953103448,0.0,9.923862068959999e-05,98.38159999999999,75.0,80.0,192.981,1464.2,14.0,4.0,110.0,2.44,0.0,4.0,10.0,14.0,27.0,0.0,3.0,5.0,0.0,5.0,28.665000000000003,0.0,0.000310120689655,213.0,83.0,87.0,208.9804,1519.0,16.0,6.0,176.0,3.44,2.0,4.0,10.0,14.0,29.0,0.0,3.0,5.0,0.0,5.0,37.77,0.0,0.000310120689655,225.0,8.0,7.0,15.9994,54.8,2.0,2.0,66.0,1.0,2.0,0.0,0.0,0.0,2.0,0.0,0.0,0.0,0.0,0.0,9.105,0.0,0.0,12.0,8.0,87.0,15.9994,54.8,16.0,2.0,66.0,3.44,2.0,4.0,0.0,0.0,6.0,0.0,2.0,0.0,0.0,2.0,9.105,0.0,0.0,12.0
300,Ca0.9Sm0.1MnO3,2.063742336,1,Mgaultois/Sparks,Peer-reviewed literature,73.2,321.6,154.04244500000001,2821.4,57.1,14.2,515.2,12.887,10.0,12.0,5.0,0.6000000000000001,27.6,0.0,6.0,5.0,0.8,11.8,75.1185862069,0.0,0.000310120689655,472.1,14.64,64.32,30.808489,564.28,11.42,2.84,103.03999999999999,2.5774,2.0,2.4,1.0,0.12,5.52,0.0,1.2,1.0,0.16,2.36,15.023717241380002,0.0,6.2024137931e-05,94.42,7.968,27.216,17.7709068,611.376,5.4959999999999996,1.008,44.44799999999999,1.03512,0.0,1.92,1.6,0.23519999999999996,1.2672000000000003,0.0,0.96,1.6,0.3136,1.2815999999999999,8.916913103448001,0.0,9.923862068959999e-05,98.904,54.0,80.0,134.3606,1464.2,14.0,4.0,132.0,2.44,0.0,4.0,5.0,6.0,6.0,0.0,2.0,5.0,8.0,8.0,28.665000000000003,0.0,0.000310120689655,213.0,62.0,87.0,150.36,1519.0,16.0,6.0,198.0,3.44,2.0,4.0,5.0,6.0,8.0,0.0,2.0,5.0,8.0,8.0,37.77,0.0,0.000310120689655,225.0,8.0,7.0,15.9994,54.8,2.0,2.0,66.0,1.0,2.0,0.0,0.0,0.0,2.0,0.0,0.0,0.0,0.0,0.0,9.105,0.0,0.0,12.0,8.0,87.0,15.9994,54.8,16.0,2.0,66.0,3.44,2.0,4.0,0.0,0.0,6.0,0.0,2.0,0.0,0.0,2.0,9.105,0.0,0.0,12.0
400,Ca0.9Sm0.1MnO3,2.126738413,1,Mgaultois/Sparks,Peer-reviewed literature,73.2,321.6,154.04244500000001,2821.4,57.1,14.2,515.2,12.887,10.0,12.0,5.0,0.6000000000000001,27.6,0.0,6.0,5.0,0.8,11.8,75.1185862069,0.0,0.000310120689655,472.1,14.64,64.32,30.808489,564.28,11.42,2.84,103.03999999999999,2.5774,2.0,2.4,1.0,0.12,5.52,0.0,1.2,1.0,0.16,2.36,15.023717241380002,0.0,6.2024137931e-05,94.42,7.968,27.216,17.7709068,611.376,5.4959999999999996,1.008,44.44799999999999,1.03512,0.0,1.92,1.6,0.23519999999999996,1.2672000000000003,0.0,0.96,1.6,0.3136,1.2815999999999999,8.916913103448001,0.0,9.923862068959999e-05,98.904,54.0,80.0,134.3606,1464.2,14.0,4.0,132.0,2.44,0.0,4.0,5.0,6.0,6.0,0.0,2.0,5.0,8.0,8.0,28.665000000000003,0.0,0.000310120689655,213.0,62.0,87.0,150.36,1519.0,16.0,6.0,198.0,3.44,2.0,4.0,5.0,6.0,8.0,0.0,2.0,5.0,8.0,8.0,37.77,0.0,0.000310120689655,225.0,8.0,7.0,15.9994,54.8,2.0,2.0,66.0,1.0,2.0,0.0,0.0,0.0,2.0,0.0,0.0,0.0,0.0,0.0,9.105,0.0,0.0,12.0,8.0,87.0,15.9994,54.8,16.0,2.0,66.0,3.44,2.0,4.0,0.0,0.0,6.0,0.0,2.0,0.0,0.0,2.0,9.105,0.0,0.0,12.0
700,Ca0.9Sm0.1MnO3,2.103221987,1,Mgaultois/Sparks,Peer-reviewed literature,73.2,321.6,154.04244500000001,2821.4,57.1,14.2,515.2,12.887,10.0,12.0,5.0,0.6000000000000001,27.6,0.0,6.0,5.0,0.8,11.8,75.1185862069,0.0,0.000310120689655,472.1,14.64,64.32,30.808489,564.28,11.42,2.84,103.03999999999999,2.5774,2.0,2.4,1.0,0.12,5.52,0.0,1.2,1.0,0.16,2.36,15.023717241380002,0.0,6.2024137931e-05,94.42,7.968,27.216,17.7709068,611.376,5.4959999999999996,1.008,44.44799999999999,1.03512,0.0,1.92,1.6,0.23519999999999996,1.2672000000000003,0.0,0.96,1.6,0.3136,1.2815999999999999,8.916913103448001,0.0,9.923862068959999e-05,98.904,54.0,80.0,134.3606,1464.2,14.0,4.0,132.0,2.44,0.0,4.0,5.0,6.0,6.0,0.0,2.0,5.0,8.0,8.0,28.665000000000003,0.0,0.000310120689655,213.0,62.0,87.0,150.36,1519.0,16.0,6.0,198.0,3.44,2.0,4.0,5.0,6.0,8.0,0.0,2.0,5.0,8.0,8.0,37.77,0.0,0.000310120689655,225.0,8.0,7.0,15.9994,54.8,2.0,2.0,66.0,1.0,2.0,0.0,0.0,0.0,2.0,0.0,0.0,0.0,0.0,0.0,9.105,0.0,0.0,12.0,8.0,87.0,15.9994,54.8,16.0,2.0,66.0,3.44,2.0,4.0,0.0,0.0,6.0,0.0,2.0,0.0,0.0,2.0,9.105,0.0,0.0,12.0
1000,Ca0.9Sm0.1MnO3,2.105986775,1,Mgaultois/Sparks,Peer-reviewed literature,73.2,321.6,154.04244500000001,2821.4,57.1,14.2,515.2,12.887,10.0,12.0,5.0,0.6000000000000001,27.6,0.0,6.0,5.0,0.8,11.8,75.1185862069,0.0,0.000310120689655,472.1,14.64,64.32,30.808489,564.28,11.42,2.84,103.03999999999999,2.5774,2.0,2.4,1.0,0.12,5.52,0.0,1.2,1.0,0.16,2.36,15.023717241380002,0.0,6.2024137931e-05,94.42,7.968,27.216,17.7709068,611.376,5.4959999999999996,1.008,44.44799999999999,1.03512,0.0,1.92,1.6,0.23519999999999996,1.2672000000000003,0.0,0.96,1.6,0.3136,1.2815999999999999,8.916913103448001,0.0,9.923862068959999e-05,98.904,54.0,80.0,134.3606,1464.2,14.0,4.0,132.0,2.44,0.0,4.0,5.0,6.0,6.0,0.0,2.0,5.0,8.0,8.0,28.665000000000003,0.0,0.000310120689655,213.0,62.0,87.0,150.36,1519.0,16.0,6.0,198.0,3.44,2.0,4.0,5.0,6.0,8.0,0.0,2.0,5.0,8.0,8.0,37.77,0.0,0.000310120689655,225.0,8.0,7.0,15.9994,54.8,2.0,2.0,66.0,1.0,2.0,0.0,0.0,0.0,2.0,0.0,0.0,0.0,0.0,0.0,9.105,0.0,0.0,12.0,8.0,87.0,15.9994,54.8,16.0,2.0,66.0,3.44,2.0,4.0,0.0,0.0,6.0,0.0,2.0,0.0,0.0,2.0,9.105,0.0,0.0,12.0
300,Ca0.9Sb0.1MnO3,0.335321473,0,Mgaultois/Sparks,Peer-reviewed literature,72.1,327.8,151.182445,2777.278,58.3,14.1,509.3,12.975000000000001,10.0,12.3,6.0,0.0,28.3,0.0,6.3,5.0,0.0,11.3,74.9515862069,0.0,0.000310120689655,472.1,14.419999999999998,65.56,30.236489,555.4556,11.66,2.8200000000000003,101.86000000000001,2.595,2.0,2.46,1.2,0.0,5.66,0.0,1.26,1.0,0.0,2.26,14.990317241380001,0.0,6.2024137931e-05,94.42,7.704,26.5056,17.0845068,600.7867200000001,5.3416,0.984,43.032,1.0139999999999998,0.0,1.8696,1.872,0.0,1.3175999999999999,0.0,0.9576,1.6,0.0,1.1256,8.863473103448001,0.0,9.923862068959999e-05,98.904,43.0,80.0,105.76060000000001,1464.2,14.0,3.0,110.0,2.44,0.0,4.0,10.0,0.0,13.0,0.0,3.0,5.0,0.0,5.0,28.665000000000003,0.0,0.000310120689655,213.0,51.0,87.0,121.76,1519.0,16.0,5.0,176.0,3.44,2.0,4.0,10.0,0.0,15.0,0.0,3.0,5.0,0.0,5.0,37.77,0.0,0.000310120689655,225.0,8.0,7.0,15.9994,54.8,2.0,2.0,66.0,1.0,2.0,0.0,0.0,0.0,2.0,0.0,0.0,0.0,0.0,0.0,9.105,0.0,0.0,12.0,8.0,87.0,15.9994,54.8,16.0,2.0,66.0,3.44,2.0,4.0,0.0,0.0,6.0,0.0,2.0,0.0,0.0,2.0,9.105,0.0,0.0,12.0
400,Ca0.9Sb0.1MnO3,0.938231935,0,Mgaultois/Sparks,Peer-reviewed literature,72.1,327.8,151.182445,2777.278,58.3,14.1,509.3,12.975000000000001,10.0,12.3,6.0,0.0,28.3,0.0,6.3,5.0,0.0,11.3,74.9515862069,0.0,0.000310120689655,472.1,14.419999999999998,65.56,30.236489,555.4556,11.66,2.8200000000000003,101.86000000000001,2.595,2.0,2.46,1.2,0.0,5.66,0.0,1.26,1.0,0.0,2.26,14.990317241380001,0.0,6.2024137931e-05,94.42,7.704,26.5056,17.0845068,600.7867200000001,5.3416,0.984,43.032,1.0139999999999998,0.0,1.8696,1.872,0.0,1.3175999999999999,0.0,0.9576,1.6,0.0,1.1256,8.863473103448001,0.0,9.923862068959999e-05,98.904,43.0,80.0,105.76060000000001,1464.2,14.0,3.0,110.0,2.44,0.0,4.0,10.0,0.0,13.0,0.0,3.0,5.0,0.0,5.0,28.665000000000003,0.0,0.000310120689655,213.0,51.0,87.0,121.76,1519.0,16.0,5.0,176.0,3.44,2.0,4.0,10.0,0.0,15.0,0.0,3.0,5.0,0.0,5.0,37.77,0.0,0.000310120689655,225.0,8.0,7.0,15.9994,54.8,2.0,2.0,66.0,1.0,2.0,0.0,0.0,0.0,2.0,0.0,0.0,0.0,0.0,0.0,9.105,0.0,0.0,12.0,8.0,87.0,15.9994,54.8,16.0,2.0,66.0,3.44,2.0,4.0,0.0,0.0,6.0,0.0,2.0,0.0,0.0,2.0,9.105,0.0,0.0,12.0
700,Ca0.9Sb0.1MnO3,1.173495122,0,Mgaultois/Sparks,Peer-reviewed literature,72.1,327.8,151.182445,2777.278,58.3,14.1,509.3,12.975000000000001,10.0,12.3,6.0,0.0,28.3,0.0,6.3,5.0,0.0,11.3,74.9515862069,0.0,0.000310120689655,472.1,14.419999999999998,65.56,30.236489,555.4556,11.66,2.8200000000000003,101.86000000000001,2.595,2.0,2.46,1.2,0.0,5.66,0.0,1.26,1.0,0.0,2.26,14.990317241380001,0.0,6.2024137931e-05,94.42,7.704,26.5056,17.0845068,600.7867200000001,5.3416,0.984,43.032,1.0139999999999998,0.0,1.8696,1.872,0.0,1.3175999999999999,0.0,0.9576,1.6,0.0,1.1256,8.863473103448001,0.0,9.923862068959999e-05,98.904,43.0,80.0,105.76060000000001,1464.2,14.0,3.0,110.0,2.44,0.0,4.0,10.0,0.0,13.0,0.0,3.0,5.0,0.0,5.0,28.665000000000003,0.0,0.000310120689655,213.0,51.0,87.0,121.76,1519.0,16.0,5.0,176.0,3.44,2.0,4.0,10.0,0.0,15.0,0.0,3.0,5.0,0.0,5.0,37.77,0.0,0.000310120689655,225.0,8.0,7.0,15.9994,54.8,2.0,2.0,66.0,1.0,2.0,0.0,0.0,0.0,2.0,0.0,0.0,0.0,0.0,0.0,9.105,0.0,0.0,12.0,8.0,87.0,15.9994,54.8,16.0,2.0,66.0,3.44,2.0,4.0,0.0,0.0,6.0,0.0,2.0,0.0,0.0,2.0,9.105,0.0,0.0,12.0
1000,Ca0.9Sb0.1MnO3,1.192249563,0,Mgaultois/Sparks,Peer-reviewed literature,72.1,327.8,151.182445,2777.278,58.3,14.1,509.3,12.975000000000001,10.0,12.3,6.0,0.0,28.3,0.0,6.3,5.0,0.0,11.3,74.9515862069,0.0,0.000310120689655,472.1,14.419999999999998,65.56,30.236489,555.4556,11.66,2.8200000000000003,101.86000000000001,2.595,2.0,2.46,1.2,0.0,5.66,0.0,1.26,1.0,0.0,2.26,14.990317241380001,0.0,6.2024137931e-05,94.42,7.704,26.5056,17.0845068,600.7867200000001,5.3416,0.984,43.032,1.0139999999999998,0.0,1.8696,1.872,0.0,1.3175999999999999,0.0,0.9576,1.6,0.0,1.1256,8.863473103448001,0.0,9.923862068959999e-05,98.904,43.0,80.0,105.76060000000001,1464.2,14.0,3.0,110.0,2.44,0.0,4.0,10.0,0.0,13.0,0.0,3.0,5.0,0.0,5.0,28.665000000000003,0.0,0.000310120689655,213.0,51.0,87.0,121.76,1519.0,16.0,5.0,176.0,3.44,2.0,4.0,10.0,0.0,15.0,0.0,3.0,5.0,0.0,5.0,37.77,0.0,0.000310120689655,225.0,8.0,7.0,15.9994,54.8,2.0,2.0,66.0,1.0,2.0,0.0,0.0,0.0,2.0,0.0,0.0,0.0,0.0,0.0,9.105,0.0,0.0,12.0,8.0,87.0,15.9994,54.8,16.0,2.0,66.0,3.44,2.0,4.0,0.0,0.0,6.0,0.0,2.0,0.0,0.0,2.0,9.105,0.0,0.0,12.0
300,Ca0.9In0.1MnO3,0.667575286,0,Mgaultois/Sparks,Peer-reviewed literature,71.9,326.8,150.488245,2729.875,58.1,14.1,509.6,12.948,10.0,12.1,6.0,0.0,28.1,0.0,6.5,5.0,0.0,11.5,74.2215862069,0.0,0.000310120689655,469.4,14.379999999999999,65.36,30.097649000000004,545.975,11.62,2.8200000000000003,101.91999999999999,2.5896,2.0,2.42,1.2,0.0,5.619999999999999,0.0,1.3,1.0,0.0,2.3,14.84431724138,0.0,6.2024137931e-05,93.88000000000001,7.656,26.3536,16.917898800000003,594.059,5.3112,0.984,43.104,1.02048,0.0,1.896,1.872,0.0,1.3032000000000006,0.0,0.988,1.6,0.0,1.188,8.629873103448,0.0,9.923862068959999e-05,98.256,41.0,80.0,98.8186,1464.2,14.0,3.0,110.0,2.44,0.0,4.0,10.0,0.0,11.0,0.0,5.0,5.0,0.0,5.0,28.665000000000003,0.0,0.000310120689655,213.0,49.0,87.0,114.818,1519.0,16.0,5.0,176.0,3.44,2.0,4.0,10.0,0.0,13.0,0.0,5.0,5.0,0.0,5.0,37.77,0.0,0.000310120689655,225.0,8.0,7.0,15.9994,54.8,2.0,2.0,66.0,1.0,2.0,0.0,0.0,0.0,2.0,0.0,0.0,0.0,0.0,0.0,9.105,0.0,0.0,12.0,8.0,87.0,15.9994,54.8,16.0,2.0,66.0,3.44,2.0,4.0,0.0,0.0,6.0,0.0,2.0,0.0,0.0,2.0,9.105,0.0,0.0,12.0
400,Ca0.9In0.1MnO3,0.689065444,0,Mgaultois/Sparks,Peer-reviewed literature,71.9,326.8,150.488245,2729.875,58.1,14.1,509.6,12.948,10.0,12.1,6.0,0.0,28.1,0.0,6.5,5.0,0.0,11.5,74.2215862069,0.0,0.000310120689655,469.4,14.379999999999999,65.36,30.097649000000004,545.975,11.62,2.8200000000000003,101.91999999999999,2.5896,2.0,2.42,1.2,0.0,5.619999999999999,0.0,1.3,1.0,0.0,2.3,14.84431724138,0.0,6.2024137931e-05,93.88000000000001,7.656,26.3536,16.917898800000003,594.059,5.3112,0.984,43.104,1.02048,0.0,1.896,1.872,0.0,1.3032000000000006,0.0,0.988,1.6,0.0,1.188,8.629873103448,0.0,9.923862068959999e-05,98.256,41.0,80.0,98.8186,1464.2,14.0,3.0,110.0,2.44,0.0,4.0,10.0,0.0,11.0,0.0,5.0,5.0,0.0,5.0,28.665000000000003,0.0,0.000310120689655,213.0,49.0,87.0,114.818,1519.0,16.0,5.0,176.0,3.44,2.0,4.0,10.0,0.0,13.0,0.0,5.0,5.0,0.0,5.0,37.77,0.0,0.000310120689655,225.0,8.0,7.0,15.9994,54.8,2.0,2.0,66.0,1.0,2.0,0.0,0.0,0.0,2.0,0.0,0.0,0.0,0.0,0.0,9.105,0.0,0.0,12.0,8.0,87.0,15.9994,54.8,16.0,2.0,66.0,3.44,2.0,4.0,0.0,0.0,6.0,0.0,2.0,0.0,0.0,2.0,9.105,0.0,0.0,12.0
700,Ca0.9In0.1MnO3,0.636768642,0,Mgaultois/Sparks,Peer-reviewed literature,71.9,326.8,150.488245,2729.875,58.1,14.1,509.6,12.948,10.0,12.1,6.0,0.0,28.1,0.0,6.5,5.0,0.0,11.5,74.2215862069,0.0,0.000310120689655,469.4,14.379999999999999,65.36,30.097649000000004,545.975,11.62,2.8200000000000003,101.91999999999999,2.5896,2.0,2.42,1.2,0.0,5.619999999999999,0.0,1.3,1.0,0.0,2.3,14.84431724138,0.0,6.2024137931e-05,93.88000000000001,7.656,26.3536,16.917898800000003,594.059,5.3112,0.984,43.104,1.02048,0.0,1.896,1.872,0.0,1.3032000000000006,0.0,0.988,1.6,0.0,1.188,8.629873103448,0.0,9.923862068959999e-05,98.256,41.0,80.0,98.8186,1464.2,14.0,3.0,110.0,2.44,0.0,4.0,10.0,0.0,11.0,0.0,5.0,5.0,0.0,5.0,28.665000000000003,0.0,0.000310120689655,213.0,49.0,87.0,114.818,1519.0,16.0,5.0,176.0,3.44,2.0,4.0,10.0,0.0,13.0,0.0,5.0,5.0,0.0,5.0,37.77,0.0,0.000310120689655,225.0,8.0,7.0,15.9994,54.8,2.0,2.0,66.0,1.0,2.0,0.0,0.0,0.0,2.0,0.0,0.0,0.0,0.0,0.0,9.105,0.0,0.0,12.0,8.0,87.0,15.9994,54.8,16.0,2.0,66.0,3.44,2.0,4.0,0.0,0.0,6.0,0.0,2.0,0.0,0.0,2.0,9.105,0.0,0.0,12.0
1000,Ca0.9In0.1MnO3,0.760868612,0,Mgaultois/Sparks,Peer-reviewed literature,71.9,326.8,150.488245,2729.875,58.1,14.1,509.6,12.948,10.0,12.1,6.0,0.0,28.1,0.0,6.5,5.0,0.0,11.5,74.2215862069,0.0,0.000310120689655,469.4,14.379999999999999,65.36,30.097649000000004,545.975,11.62,2.8200000000000003,101.91999999999999,2.5896,2.0,2.42,1.2,0.0,5.619999999999999,0.0,1.3,1.0,0.0,2.3,14.84431724138,0.0,6.2024137931e-05,93.88000000000001,7.656,26.3536,16.917898800000003,594.059,5.3112,0.984,43.104,1.02048,0.0,1.896,1.872,0.0,1.3032000000000006,0.0,0.988,1.6,0.0,1.188,8.629873103448,0.0,9.923862068959999e-05,98.256,41.0,80.0,98.8186,1464.2,14.0,3.0,110.0,2.44,0.0,4.0,10.0,0.0,11.0,0.0,5.0,5.0,0.0,5.0,28.665000000000003,0.0,0.000310120689655,213.0,49.0,87.0,114.818,1519.0,16.0,5.0,176.0,3.44,2.0,4.0,10.0,0.0,13.0,0.0,5.0,5.0,0.0,5.0,37.77,0.0,0.000310120689655,225.0,8.0,7.0,15.9994,54.8,2.0,2.0,66.0,1.0,2.0,0.0,0.0,0.0,2.0,0.0,0.0,0.0,0.0,0.0,9.105,0.0,0.0,12.0,8.0,87.0,15.9994,54.8,16.0,2.0,66.0,3.44,2.0,4.0,0.0,0.0,6.0,0.0,2.0,0.0,0.0,2.0,9.105,0.0,0.0,12.0
300,Ca0.9Sn0.1MnO3,-0.34201533,0,Mgaultois/Sparks,Peer-reviewed literature,72.0,327.3,150.87744500000002,2737.408,58.2,14.1,509.3,12.966000000000001,10.0,12.2,6.0,0.0,28.2,0.0,6.4,5.0,0.0,11.4,75.1240862069,0.0,0.000310120689655,469.6,14.399999999999999,65.46,30.175489,547.4816,11.64,2.8200000000000003,101.86000000000001,2.5932000000000004,2.0,2.44,1.2,0.0,5.64,0.0,1.28,1.0,0.0,2.2800000000000002,15.02481724138,0.0,6.2024137931e-05,93.92,7.68,26.4296,17.0113068,592.913984,5.3264,0.984,43.032,1.01616,0.0,1.8719999999999999,1.872,0.0,1.3104000000000002,0.0,0.9727999999999999,1.6,0.0,1.1568,8.918673103448,0.0,9.923862068959999e-05,98.304,42.0,80.0,102.7106,1464.2,14.0,3.0,110.0,2.44,0.0,4.0,10.0,0.0,12.0,0.0,4.0,5.0,0.0,5.0,28.665000000000003,0.0,0.000310120689655,213.0,50.0,87.0,118.71,1519.0,16.0,5.0,176.0,3.44,2.0,4.0,10.0,0.0,14.0,0.0,4.0,5.0,0.0,5.0,37.77,0.0,0.000310120689655,225.0,8.0,7.0,15.9994,54.8,2.0,2.0,66.0,1.0,2.0,0.0,0.0,0.0,2.0,0.0,0.0,0.0,0.0,0.0,9.105,0.0,0.0,12.0,8.0,87.0,15.9994,54.8,16.0,2.0,66.0,3.44,2.0,4.0,0.0,0.0,6.0,0.0,2.0,0.0,0.0,2.0,9.105,0.0,0.0,12.0
400,Ca0.9Sn0.1MnO3,-0.362029211,0,Mgaultois/Sparks,Peer-reviewed literature,72.0,327.3,150.87744500000002,2737.408,58.2,14.1,509.3,12.966000000000001,10.0,12.2,6.0,0.0,28.2,0.0,6.4,5.0,0.0,11.4,75.1240862069,0.0,0.000310120689655,469.6,14.399999999999999,65.46,30.175489,547.4816,11.64,2.8200000000000003,101.86000000000001,2.5932000000000004,2.0,2.44,1.2,0.0,5.64,0.0,1.28,1.0,0.0,2.2800000000000002,15.02481724138,0.0,6.2024137931e-05,93.92,7.68,26.4296,17.0113068,592.913984,5.3264,0.984,43.032,1.01616,0.0,1.8719999999999999,1.872,0.0,1.3104000000000002,0.0,0.9727999999999999,1.6,0.0,1.1568,8.918673103448,0.0,9.923862068959999e-05,98.304,42.0,80.0,102.7106,1464.2,14.0,3.0,110.0,2.44,0.0,4.0,10.0,0.0,12.0,0.0,4.0,5.0,0.0,5.0,28.665000000000003,0.0,0.000310120689655,213.0,50.0,87.0,118.71,1519.0,16.0,5.0,176.0,3.44,2.0,4.0,10.0,0.0,14.0,0.0,4.0,5.0,0.0,5.0,37.77,0.0,0.000310120689655,225.0,8.0,7.0,15.9994,54.8,2.0,2.0,66.0,1.0,2.0,0.0,0.0,0.0,2.0,0.0,0.0,0.0,0.0,0.0,9.105,0.0,0.0,12.0,8.0,87.0,15.9994,54.8,16.0,2.0,66.0,3.44,2.0,4.0,0.0,0.0,6.0,0.0,2.0,0.0,0.0,2.0,9.105,0.0,0.0,12.0
700,Ca0.9Sn0.1MnO3,-0.318481084,0,Mgaultois/Sparks,Peer-reviewed literature,72.0,327.3,150.87744500000002,2737.408,58.2,14.1,509.3,12.966000000000001,10.0,12.2,6.0,0.0,28.2,0.0,6.4,5.0,0.0,11.4,75.1240862069,0.0,0.000310120689655,469.6,14.399999999999999,65.46,30.175489,547.4816,11.64,2.8200000000000003,101.86000000000001,2.5932000000000004,2.0,2.44,1.2,0.0,5.64,0.0,1.28,1.0,0.0,2.2800000000000002,15.02481724138,0.0,6.2024137931e-05,93.92,7.68,26.4296,17.0113068,592.913984,5.3264,0.984,43.032,1.01616,0.0,1.8719999999999999,1.872,0.0,1.3104000000000002,0.0,0.9727999999999999,1.6,0.0,1.1568,8.918673103448,0.0,9.923862068959999e-05,98.304,42.0,80.0,102.7106,1464.2,14.0,3.0,110.0,2.44,0.0,4.0,10.0,0.0,12.0,0.0,4.0,5.0,0.0,5.0,28.665000000000003,0.0,0.000310120689655,213.0,50.0,87.0,118.71,1519.0,16.0,5.0,176.0,3.44,2.0,4.0,10.0,0.0,14.0,0.0,4.0,5.0,0.0,5.0,37.77,0.0,0.000310120689655,225.0,8.0,7.0,15.9994,54.8,2.0,2.0,66.0,1.0,2.0,0.0,0.0,0.0,2.0,0.0,0.0,0.0,0.0,0.0,9.105,0.0,0.0,12.0,8.0,87.0,15.9994,54.8,16.0,2.0,66.0,3.44,2.0,4.0,0.0,0.0,6.0,0.0,2.0,0.0,0.0,2.0,9.105,0.0,0.0,12.0
1000,Ca0.9Sn0.1MnO3,0.31995715,0,Mgaultois/Sparks,Peer-reviewed literature,72.0,327.3,150.87744500000002,2737.408,58.2,14.1,509.3,12.966000000000001,10.0,12.2,6.0,0.0,28.2,0.0,6.4,5.0,0.0,11.4,75.1240862069,0.0,0.000310120689655,469.6,14.399999999999999,65.46,30.175489,547.4816,11.64,2.8200000000000003,101.86000000000001,2.5932000000000004,2.0,2.44,1.2,0.0,5.64,0.0,1.28,1.0,0.0,2.2800000000000002,15.02481724138,0.0,6.2024137931e-05,93.92,7.68,26.4296,17.0113068,592.913984,5.3264,0.984,43.032,1.01616,0.0,1.8719999999999999,1.872,0.0,1.3104000000000002,0.0,0.9727999999999999,1.6,0.0,1.1568,8.918673103448,0.0,9.923862068959999e-05,98.304,42.0,80.0,102.7106,1464.2,14.0,3.0,110.0,2.44,0.0,4.0,10.0,0.0,12.0,0.0,4.0,5.0,0.0,5.0,28.665000000000003,0.0,0.000310120689655,213.0,50.0,87.0,118.71,1519.0,16.0,5.0,176.0,3.44,2.0,4.0,10.0,0.0,14.0,0.0,4.0,5.0,0.0,5.0,37.77,0.0,0.000310120689655,225.0,8.0,7.0,15.9994,54.8,2.0,2.0,66.0,1.0,2.0,0.0,0.0,0.0,2.0,0.0,0.0,0.0,0.0,0.0,9.105,0.0,0.0,12.0,8.0,87.0,15.9994,54.8,16.0,2.0,66.0,3.44,2.0,4.0,0.0,0.0,6.0,0.0,2.0,0.0,0.0,2.0,9.105,0.0,0.0,12.0
300,CaMnO3,-0.843568978,0,Mgaultois/Sparks,Peer-reviewed literature,69.0,320.0,143.01424500000002,2798.4,57.0,14.0,513.0,12.870000000000001,10.0,12.0,5.0,0.0,27.0,0.0,6.0,5.0,0.0,11.0,75.5725862069,0.0,0.000310120689655,478.0,13.8,64.0,28.602849,559.68,11.4,2.8,102.6,2.574,2.0,2.4,1.0,0.0,5.4,0.0,1.2,1.0,0.0,2.2,15.11451724138,0.0,6.2024137931e-05,95.60000000000001,6.96,27.6,15.1241388,605.856,5.52,0.96,43.92,1.0392000000000001,0.0,1.92,1.6,0.0,1.3599999999999999,0.0,0.96,1.6,0.0,1.12,9.062193103448,0.0,9.923862068959999e-05,100.32,17.0,80.0,38.938645,1464.2,14.0,2.0,110.0,2.44,0.0,4.0,5.0,0.0,5.0,0.0,2.0,5.0,0.0,5.0,28.665000000000003,0.0,0.000310120689655,213.0,25.0,87.0,54.938045,1519.0,16.0,4.0,176.0,3.44,2.0,4.0,5.0,0.0,7.0,0.0,2.0,5.0,0.0,5.0,37.77,0.0,0.000310120689655,225.0,8.0,7.0,15.9994,54.8,2.0,2.0,66.0,1.0,2.0,0.0,0.0,0.0,2.0,0.0,0.0,0.0,0.0,0.0,9.105,0.0,0.0,12.0,8.0,87.0,15.9994,54.8,16.0,2.0,66.0,3.44,2.0,4.0,0.0,0.0,6.0,0.0,2.0,0.0,0.0,2.0,9.105,0.0,0.0,12.0
400,CaMnO3,-0.457854546,0,Mgaultois/Sparks,Peer-reviewed literature,69.0,320.0,143.01424500000002,2798.4,57.0,14.0,513.0,12.870000000000001,10.0,12.0,5.0,0.0,27.0,0.0,6.0,5.0,0.0,11.0,75.5725862069,0.0,0.000310120689655,478.0,13.8,64.0,28.602849,559.68,11.4,2.8,102.6,2.574,2.0,2.4,1.0,0.0,5.4,0.0,1.2,1.0,0.0,2.2,15.11451724138,0.0,6.2024137931e-05,95.60000000000001,6.96,27.6,15.1241388,605.856,5.52,0.96,43.92,1.0392000000000001,0.0,1.92,1.6,0.0,1.3599999999999999,0.0,0.96,1.6,0.0,1.12,9.062193103448,0.0,9.923862068959999e-05,100.32,17.0,80.0,38.938645,1464.2,14.0,2.0,110.0,2.44,0.0,4.0,5.0,0.0,5.0,0.0,2.0,5.0,0.0,5.0,28.665000000000003,0.0,0.000310120689655,213.0,25.0,87.0,54.938045,1519.0,16.0,4.0,176.0,3.44,2.0,4.0,5.0,0.0,7.0,0.0,2.0,5.0,0.0,5.0,37.77,0.0,0.000310120689655,225.0,8.0,7.0,15.9994,54.8,2.0,2.0,66.0,1.0,2.0,0.0,0.0,0.0,2.0,0.0,0.0,0.0,0.0,0.0,9.105,0.0,0.0,12.0,8.0,87.0,15.9994,54.8,16.0,2.0,66.0,3.44,2.0,4.0,0.0,0.0,6.0,0.0,2.0,0.0,0.0,2.0,9.105,0.0,0.0,12.0
700,CaMnO3,0.314090635,0,Mgaultois/Sparks,Peer-reviewed literature,69.0,320.0,143.01424500000002,2798.4,57.0,14.0,513.0,12.870000000000001,10.0,12.0,5.0,0.0,27.0,0.0,6.0,5.0,0.0,11.0,75.5725862069,0.0,0.000310120689655,478.0,13.8,64.0,28.602849,559.68,11.4,2.8,102.6,2.574,2.0,2.4,1.0,0.0,5.4,0.0,1.2,1.0,0.0,2.2,15.11451724138,0.0,6.2024137931e-05,95.60000000000001,6.96,27.6,15.1241388,605.856,5.52,0.96,43.92,1.0392000000000001,0.0,1.92,1.6,0.0,1.3599999999999999,0.0,0.96,1.6,0.0,1.12,9.062193103448,0.0,9.923862068959999e-05,100.32,17.0,80.0,38.938645,1464.2,14.0,2.0,110.0,2.44,0.0,4.0,5.0,0.0,5.0,0.0,2.0,5.0,0.0,5.0,28.665000000000003,0.0,0.000310120689655,213.0,25.0,87.0,54.938045,1519.0,16.0,4.0,176.0,3.44,2.0,4.0,5.0,0.0,7.0,0.0,2.0,5.0,0.0,5.0,37.77,0.0,0.000310120689655,225.0,8.0,7.0,15.9994,54.8,2.0,2.0,66.0,1.0,2.0,0.0,0.0,0.0,2.0,0.0,0.0,0.0,0.0,0.0,9.105,0.0,0.0,12.0,8.0,87.0,15.9994,54.8,16.0,2.0,66.0,3.44,2.0,4.0,0.0,0.0,6.0,0.0,2.0,0.0,0.0,2.0,9.105,0.0,0.0,12.0
1000,CaMnO3,1.058008232,0,Mgaultois/Sparks,Peer-reviewed literature,69.0,320.0,143.01424500000002,2798.4,57.0,14.0,513.0,12.870000000000001,10.0,12.0,5.0,0.0,27.0,0.0,6.0,5.0,0.0,11.0,75.5725862069,0.0,0.000310120689655,478.0,13.8,64.0,28.602849,559.68,11.4,2.8,102.6,2.574,2.0,2.4,1.0,0.0,5.4,0.0,1.2,1.0,0.0,2.2,15.11451724138,0.0,6.2024137931e-05,95.60000000000001,6.96,27.6,15.1241388,605.856,5.52,0.96,43.92,1.0392000000000001,0.0,1.92,1.6,0.0,1.3599999999999999,0.0,0.96,1.6,0.0,1.12,9.062193103448,0.0,9.923862068959999e-05,100.32,17.0,80.0,38.938645,1464.2,14.0,2.0,110.0,2.44,0.0,4.0,5.0,0.0,5.0,0.0,2.0,5.0,0.0,5.0,28.665000000000003,0.0,0.000310120689655,213.0,25.0,87.0,54.938045,1519.0,16.0,4.0,176.0,3.44,2.0,4.0,5.0,0.0,7.0,0.0,2.0,5.0,0.0,5.0,37.77,0.0,0.000310120689655,225.0,8.0,7.0,15.9994,54.8,2.0,2.0,66.0,1.0,2.0,0.0,0.0,0.0,2.0,0.0,0.0,0.0,0.0,0.0,9.105,0.0,0.0,12.0,8.0,87.0,15.9994,54.8,16.0,2.0,66.0,3.44,2.0,4.0,0.0,0.0,6.0,0.0,2.0,0.0,0.0,2.0,9.105,0.0,0.0,12.0
300,CuCrO2,-1.264071328,0,Mgaultois/Sparks,Peer-reviewed literature,69.0,287.0,147.5409,3647.37,49.0,12.0,403.0,10.44,6.0,8.0,15.0,0.0,29.0,2.0,4.0,5.0,0.0,11.0,40.47,0.0,0.0,478.0,17.25,71.75,36.885225,911.8425,12.25,3.0,100.75,2.61,1.5,2.0,3.75,0.0,7.25,0.5,1.0,1.25,0.0,2.75,10.1175,0.0,0.0,119.5,9.25,15.25,20.885824999999997,857.0425,3.75,1.0,34.75,0.8300000000000001,0.5,2.0,3.75,0.0,1.875,0.5,1.0,1.875,0.0,1.625,1.0124999999999997,0.0,0.0,107.5,21.0,38.0,47.5466,2125.2,10.0,2.0,73.0,1.78,1.0,4.0,10.0,0.0,5.0,1.0,2.0,5.0,0.0,5.0,2.084999999999999,0.0,0.0,217.0,29.0,87.0,63.546,2180.0,16.0,4.0,139.0,3.44,2.0,4.0,10.0,0.0,11.0,1.0,2.0,5.0,0.0,6.0,11.19,0.0,0.0,229.0,8.0,49.0,15.9994,54.8,6.0,2.0,66.0,1.66,1.0,0.0,0.0,0.0,6.0,0.0,0.0,0.0,0.0,1.0,9.105,0.0,0.0,12.0,8.0,87.0,15.9994,54.8,16.0,2.0,66.0,3.44,2.0,4.0,0.0,0.0,6.0,0.0,2.0,0.0,0.0,2.0,9.105,0.0,0.0,12.0
400,CuCrO2,-1.271423368,0,Mgaultois/Sparks,Peer-reviewed literature,69.0,287.0,147.5409,3647.37,49.0,12.0,403.0,10.44,6.0,8.0,15.0,0.0,29.0,2.0,4.0,5.0,0.0,11.0,40.47,0.0,0.0,478.0,17.25,71.75,36.885225,911.8425,12.25,3.0,100.75,2.61,1.5,2.0,3.75,0.0,7.25,0.5,1.0,1.25,0.0,2.75,10.1175,0.0,0.0,119.5,9.25,15.25,20.885824999999997,857.0425,3.75,1.0,34.75,0.8300000000000001,0.5,2.0,3.75,0.0,1.875,0.5,1.0,1.875,0.0,1.625,1.0124999999999997,0.0,0.0,107.5,21.0,38.0,47.5466,2125.2,10.0,2.0,73.0,1.78,1.0,4.0,10.0,0.0,5.0,1.0,2.0,5.0,0.0,5.0,2.084999999999999,0.0,0.0,217.0,29.0,87.0,63.546,2180.0,16.0,4.0,139.0,3.44,2.0,4.0,10.0,0.0,11.0,1.0,2.0,5.0,0.0,6.0,11.19,0.0,0.0,229.0,8.0,49.0,15.9994,54.8,6.0,2.0,66.0,1.66,1.0,0.0,0.0,0.0,6.0,0.0,0.0,0.0,0.0,1.0,9.105,0.0,0.0,12.0,8.0,87.0,15.9994,54.8,16.0,2.0,66.0,3.44,2.0,4.0,0.0,0.0,6.0,0.0,2.0,0.0,0.0,2.0,9.105,0.0,0.0,12.0
700,CuCrO2,-0.532512329,0,Mgaultois/Sparks,Peer-reviewed literature,69.0,287.0,147.5409,3647.37,49.0,12.0,403.0,10.44,6.0,8.0,15.0,0.0,29.0,2.0,4.0,5.0,0.0,11.0,40.47,0.0,0.0,478.0,17.25,71.75,36.885225,911.8425,12.25,3.0,100.75,2.61,1.5,2.0,3.75,0.0,7.25,0.5,1.0,1.25,0.0,2.75,10.1175,0.0,0.0,119.5,9.25,15.25,20.885824999999997,857.0425,3.75,1.0,34.75,0.8300000000000001,0.5,2.0,3.75,0.0,1.875,0.5,1.0,1.875,0.0,1.625,1.0124999999999997,0.0,0.0,107.5,21.0,38.0,47.5466,2125.2,10.0,2.0,73.0,1.78,1.0,4.0,10.0,0.0,5.0,1.0,2.0,5.0,0.0,5.0,2.084999999999999,0.0,0.0,217.0,29.0,87.0,63.546,2180.0,16.0,4.0,139.0,3.44,2.0,4.0,10.0,0.0,11.0,1.0,2.0,5.0,0.0,6.0,11.19,0.0,0.0,229.0,8.0,49.0,15.9994,54.8,6.0,2.0,66.0,1.66,1.0,0.0,0.0,0.0,6.0,0.0,0.0,0.0,0.0,1.0,9.105,0.0,0.0,12.0,8.0,87.0,15.9994,54.8,16.0,2.0,66.0,3.44,2.0,4.0,0.0,0.0,6.0,0.0,2.0,0.0,0.0,2.0,9.105,0.0,0.0,12.0
1000,CuCrO2,-0.221252488,0,Mgaultois/Sparks,Peer-reviewed literature,69.0,287.0,147.5409,3647.37,49.0,12.0,403.0,10.44,6.0,8.0,15.0,0.0,29.0,2.0,4.0,5.0,0.0,11.0,40.47,0.0,0.0,478.0,17.25,71.75,36.885225,911.8425,12.25,3.0,100.75,2.61,1.5,2.0,3.75,0.0,7.25,0.5,1.0,1.25,0.0,2.75,10.1175,0.0,0.0,119.5,9.25,15.25,20.885824999999997,857.0425,3.75,1.0,34.75,0.8300000000000001,0.5,2.0,3.75,0.0,1.875,0.5,1.0,1.875,0.0,1.625,1.0124999999999997,0.0,0.0,107.5,21.0,38.0,47.5466,2125.2,10.0,2.0,73.0,1.78,1.0,4.0,10.0,0.0,5.0,1.0,2.0,5.0,0.0,5.0,2.084999999999999,0.0,0.0,217.0,29.0,87.0,63.546,2180.0,16.0,4.0,139.0,3.44,2.0,4.0,10.0,0.0,11.0,1.0,2.0,5.0,0.0,6.0,11.19,0.0,0.0,229.0,8.0,49.0,15.9994,54.8,6.0,2.0,66.0,1.66,1.0,0.0,0.0,0.0,6.0,0.0,0.0,0.0,0.0,1.0,9.105,0.0,0.0,12.0,8.0,87.0,15.9994,54.8,16.0,2.0,66.0,3.44,2.0,4.0,0.0,0.0,6.0,0.0,2.0,0.0,0.0,2.0,9.105,0.0,0.0,12.0
300,CuCr0.99Mg0.01O2,-0.786188319,0,Mgaultois/Sparks,Peer-reviewed literature,68.88,287.19,147.26398899999998,3634.7999999999997,48.959999999999994,11.99,403.02000000000004,10.4365,6.01,8.0,14.95,0.0,28.959999999999997,1.99,4.0,4.95,0.0,10.94,40.587,0.0,0.0,477.65000000000003,17.22,71.7975,36.815997249999995,908.6999999999999,12.239999999999998,2.9975,100.75500000000001,2.609125,1.5025,2.0,3.7375,0.0,7.239999999999999,0.4975,1.0,1.2375,0.0,2.735,10.14675,0.0,0.0,119.41250000000001,9.2461,15.2025,20.87915223625,853.9000000000001,3.76,0.9974999999999999,34.754999999999995,0.830875,0.4999875,2.0,3.7561875000000002,0.0,1.8799999999999997,0.4999874999999999,1.0,1.8624375,0.0,1.616175,1.0417499999999997,0.0,0.0,107.4125,21.0,38.0,47.5466,2125.2,14.0,2.0,75.0,2.13,1.0,4.0,10.0,0.0,9.0,1.0,2.0,5.0,0.0,6.0,13.785,0.0,0.0,217.0,29.0,87.0,63.546,2180.0,16.0,4.0,141.0,3.44,2.0,4.0,10.0,0.0,11.0,1.0,2.0,5.0,0.0,6.0,22.89,0.0,0.0,229.0,8.0,49.0,15.9994,54.8,2.0,2.0,66.0,1.31,1.0,0.0,0.0,0.0,2.0,0.0,0.0,0.0,0.0,0.0,9.105,0.0,0.0,12.0,8.0,87.0,15.9994,54.8,16.0,2.0,66.0,3.44,2.0,4.0,0.0,0.0,6.0,0.0,2.0,0.0,0.0,2.0,9.105,0.0,0.0,12.0
400,CuCr0.99Mg0.01O2,-0.244947224,0,Mgaultois/Sparks,Peer-reviewed literature,68.88,287.19,147.26398899999998,3634.7999999999997,48.959999999999994,11.99,403.02000000000004,10.4365,6.01,8.0,14.95,0.0,28.959999999999997,1.99,4.0,4.95,0.0,10.94,40.587,0.0,0.0,477.65000000000003,17.22,71.7975,36.815997249999995,908.6999999999999,12.239999999999998,2.9975,100.75500000000001,2.609125,1.5025,2.0,3.7375,0.0,7.239999999999999,0.4975,1.0,1.2375,0.0,2.735,10.14675,0.0,0.0,119.41250000000001,9.2461,15.2025,20.87915223625,853.9000000000001,3.76,0.9974999999999999,34.754999999999995,0.830875,0.4999875,2.0,3.7561875000000002,0.0,1.8799999999999997,0.4999874999999999,1.0,1.8624375,0.0,1.616175,1.0417499999999997,0.0,0.0,107.4125,21.0,38.0,47.5466,2125.2,14.0,2.0,75.0,2.13,1.0,4.0,10.0,0.0,9.0,1.0,2.0,5.0,0.0,6.0,13.785,0.0,0.0,217.0,29.0,87.0,63.546,2180.0,16.0,4.0,141.0,3.44,2.0,4.0,10.0,0.0,11.0,1.0,2.0,5.0,0.0,6.0,22.89,0.0,0.0,229.0,8.0,49.0,15.9994,54.8,2.0,2.0,66.0,1.31,1.0,0.0,0.0,0.0,2.0,0.0,0.0,0.0,0.0,0.0,9.105,0.0,0.0,12.0,8.0,87.0,15.9994,54.8,16.0,2.0,66.0,3.44,2.0,4.0,0.0,0.0,6.0,0.0,2.0,0.0,0.0,2.0,9.105,0.0,0.0,12.0
700,CuCr0.99Mg0.01O2,0.325861141,0,Mgaultois/Sparks,Peer-reviewed literature,68.88,287.19,147.26398899999998,3634.7999999999997,48.959999999999994,11.99,403.02000000000004,10.4365,6.01,8.0,14.95,0.0,28.959999999999997,1.99,4.0,4.95,0.0,10.94,40.587,0.0,0.0,477.65000000000003,17.22,71.7975,36.815997249999995,908.6999999999999,12.239999999999998,2.9975,100.75500000000001,2.609125,1.5025,2.0,3.7375,0.0,7.239999999999999,0.4975,1.0,1.2375,0.0,2.735,10.14675,0.0,0.0,119.41250000000001,9.2461,15.2025,20.87915223625,853.9000000000001,3.76,0.9974999999999999,34.754999999999995,0.830875,0.4999875,2.0,3.7561875000000002,0.0,1.8799999999999997,0.4999874999999999,1.0,1.8624375,0.0,1.616175,1.0417499999999997,0.0,0.0,107.4125,21.0,38.0,47.5466,2125.2,14.0,2.0,75.0,2.13,1.0,4.0,10.0,0.0,9.0,1.0,2.0,5.0,0.0,6.0,13.785,0.0,0.0,217.0,29.0,87.0,63.546,2180.0,16.0,4.0,141.0,3.44,2.0,4.0,10.0,0.0,11.0,1.0,2.0,5.0,0.0,6.0,22.89,0.0,0.0,229.0,8.0,49.0,15.9994,54.8,2.0,2.0,66.0,1.31,1.0,0.0,0.0,0.0,2.0,0.0,0.0,0.0,0.0,0.0,9.105,0.0,0.0,12.0,8.0,87.0,15.9994,54.8,16.0,2.0,66.0,3.44,2.0,4.0,0.0,0.0,6.0,0.0,2.0,0.0,0.0,2.0,9.105,0.0,0.0,12.0
1000,CuCr0.99Mg0.01O2,0.436533154,0,Mgaultois/Sparks,Peer-reviewed literature,68.88,287.19,147.26398899999998,3634.7999999999997,48.959999999999994,11.99,403.02000000000004,10.4365,6.01,8.0,14.95,0.0,28.959999999999997,1.99,4.0,4.95,0.0,10.94,40.587,0.0,0.0,477.65000000000003,17.22,71.7975,36.815997249999995,908.6999999999999,12.239999999999998,2.9975,100.75500000000001,2.609125,1.5025,2.0,3.7375,0.0,7.239999999999999,0.4975,1.0,1.2375,0.0,2.735,10.14675,0.0,0.0,119.41250000000001,9.2461,15.2025,20.87915223625,853.9000000000001,3.76,0.9974999999999999,34.754999999999995,0.830875,0.4999875,2.0,3.7561875000000002,0.0,1.8799999999999997,0.4999874999999999,1.0,1.8624375,0.0,1.616175,1.0417499999999997,0.0,0.0,107.4125,21.0,38.0,47.5466,2125.2,14.0,2.0,75.0,2.13,1.0,4.0,10.0,0.0,9.0,1.0,2.0,5.0,0.0,6.0,13.785,0.0,0.0,217.0,29.0,87.0,63.546,2180.0,16.0,4.0,141.0,3.44,2.0,4.0,10.0,0.0,11.0,1.0,2.0,5.0,0.0,6.0,22.89,0.0,0.0,229.0,8.0,49.0,15.9994,54.8,2.0,2.0,66.0,1.31,1.0,0.0,0.0,0.0,2.0,0.0,0.0,0.0,0.0,0.0,9.105,0.0,0.0,12.0,8.0,87.0,15.9994,54.8,16.0,2.0,66.0,3.44,2.0,4.0,0.0,0.0,6.0,0.0,2.0,0.0,0.0,2.0,9.105,0.0,0.0,12.0
300,CuCr0.98Mg0.02O2,-0.019211866,0,Mgaultois/Sparks,Peer-reviewed literature,68.75999999999999,287.38,146.98707799999997,3622.23,48.92,11.98,403.04,10.433,6.02,8.0,14.9,0.0,28.919999999999998,1.98,4.0,4.9,0.0,10.879999999999999,40.704,0.0,0.0,477.29999999999995,17.189999999999998,71.845,36.74676949999999,905.5575,12.23,2.995,100.76,2.60825,1.505,2.0,3.725,0.0,7.2299999999999995,0.495,1.0,1.225,0.0,2.7199999999999998,10.176,0.0,0.0,119.32499999999999,9.2419,15.155,20.871787194999996,850.7575,3.77,0.995,34.76,0.83175,0.49995,2.0,3.76225,0.0,1.8849999999999998,0.49995,1.0,1.84975,0.0,1.6072,1.0709999999999997,0.0,0.0,107.325,21.0,38.0,47.5466,2125.2,14.0,2.0,75.0,2.13,1.0,4.0,10.0,0.0,9.0,1.0,2.0,5.0,0.0,6.0,13.785,0.0,0.0,217.0,29.0,87.0,63.546,2180.0,16.0,4.0,141.0,3.44,2.0,4.0,10.0,0.0,11.0,1.0,2.0,5.0,0.0,6.0,22.89,0.0,0.0,229.0,8.0,49.0,15.9994,54.8,2.0,2.0,66.0,1.31,1.0,0.0,0.0,0.0,2.0,0.0,0.0,0.0,0.0,0.0,9.105,0.0,0.0,12.0,8.0,87.0,15.9994,54.8,16.0,2.0,66.0,3.44,2.0,4.0,0.0,0.0,6.0,0.0,2.0,0.0,0.0,2.0,9.105,0.0,0.0,12.0
400,CuCr0.98Mg0.02O2,0.244722901,0,Mgaultois/Sparks,Peer-reviewed literature,68.75999999999999,287.38,146.98707799999997,3622.23,48.92,11.98,403.04,10.433,6.02,8.0,14.9,0.0,28.919999999999998,1.98,4.0,4.9,0.0,10.879999999999999,40.704,0.0,0.0,477.29999999999995,17.189999999999998,71.845,36.74676949999999,905.5575,12.23,2.995,100.76,2.60825,1.505,2.0,3.725,0.0,7.2299999999999995,0.495,1.0,1.225,0.0,2.7199999999999998,10.176,0.0,0.0,119.32499999999999,9.2419,15.155,20.871787194999996,850.7575,3.77,0.995,34.76,0.83175,0.49995,2.0,3.76225,0.0,1.8849999999999998,0.49995,1.0,1.84975,0.0,1.6072,1.0709999999999997,0.0,0.0,107.325,21.0,38.0,47.5466,2125.2,14.0,2.0,75.0,2.13,1.0,4.0,10.0,0.0,9.0,1.0,2.0,5.0,0.0,6.0,13.785,0.0,0.0,217.0,29.0,87.0,63.546,2180.0,16.0,4.0,141.0,3.44,2.0,4.0,10.0,0.0,11.0,1.0,2.0,5.0,0.0,6.0,22.89,0.0,0.0,229.0,8.0,49.0,15.9994,54.8,2.0,2.0,66.0,1.31,1.0,0.0,0.0,0.0,2.0,0.0,0.0,0.0,0.0,0.0,9.105,0.0,0.0,12.0,8.0,87.0,15.9994,54.8,16.0,2.0,66.0,3.44,2.0,4.0,0.0,0.0,6.0,0.0,2.0,0.0,0.0,2.0,9.105,0.0,0.0,12.0
700,CuCr0.98Mg0.02O2,0.576619761,0,Mgaultois/Sparks,Peer-reviewed literature,68.75999999999999,287.38,146.98707799999997,3622.23,48.92,11.98,403.04,10.433,6.02,8.0,14.9,0.0,28.919999999999998,1.98,4.0,4.9,0.0,10.879999999999999,40.704,0.0,0.0,477.29999999999995,17.189999999999998,71.845,36.74676949999999,905.5575,12.23,2.995,100.76,2.60825,1.505,2.0,3.725,0.0,7.2299999999999995,0.495,1.0,1.225,0.0,2.7199999999999998,10.176,0.0,0.0,119.32499999999999,9.2419,15.155,20.871787194999996,850.7575,3.77,0.995,34.76,0.83175,0.49995,2.0,3.76225,0.0,1.8849999999999998,0.49995,1.0,1.84975,0.0,1.6072,1.0709999999999997,0.0,0.0,107.325,21.0,38.0,47.5466,2125.2,14.0,2.0,75.0,2.13,1.0,4.0,10.0,0.0,9.0,1.0,2.0,5.0,0.0,6.0,13.785,0.0,0.0,217.0,29.0,87.0,63.546,2180.0,16.0,4.0,141.0,3.44,2.0,4.0,10.0,0.0,11.0,1.0,2.0,5.0,0.0,6.0,22.89,0.0,0.0,229.0,8.0,49.0,15.9994,54.8,2.0,2.0,66.0,1.31,1.0,0.0,0.0,0.0,2.0,0.0,0.0,0.0,0.0,0.0,9.105,0.0,0.0,12.0,8.0,87.0,15.9994,54.8,16.0,2.0,66.0,3.44,2.0,4.0,0.0,0.0,6.0,0.0,2.0,0.0,0.0,2.0,9.105,0.0,0.0,12.0
1000,CuCr0.98Mg0.02O2,0.634182675,0,Mgaultois/Sparks,Peer-reviewed literature,68.75999999999999,287.38,146.98707799999997,3622.23,48.92,11.98,403.04,10.433,6.02,8.0,14.9,0.0,28.919999999999998,1.98,4.0,4.9,0.0,10.879999999999999,40.704,0.0,0.0,477.29999999999995,17.189999999999998,71.845,36.74676949999999,905.5575,12.23,2.995,100.76,2.60825,1.505,2.0,3.725,0.0,7.2299999999999995,0.495,1.0,1.225,0.0,2.7199999999999998,10.176,0.0,0.0,119.32499999999999,9.2419,15.155,20.871787194999996,850.7575,3.77,0.995,34.76,0.83175,0.49995,2.0,3.76225,0.0,1.8849999999999998,0.49995,1.0,1.84975,0.0,1.6072,1.0709999999999997,0.0,0.0,107.325,21.0,38.0,47.5466,2125.2,14.0,2.0,75.0,2.13,1.0,4.0,10.0,0.0,9.0,1.0,2.0,5.0,0.0,6.0,13.785,0.0,0.0,217.0,29.0,87.0,63.546,2180.0,16.0,4.0,141.0,3.44,2.0,4.0,10.0,0.0,11.0,1.0,2.0,5.0,0.0,6.0,22.89,0.0,0.0,229.0,8.0,49.0,15.9994,54.8,2.0,2.0,66.0,1.31,1.0,0.0,0.0,0.0,2.0,0.0,0.0,0.0,0.0,0.0,9.105,0.0,0.0,12.0,8.0,87.0,15.9994,54.8,16.0,2.0,66.0,3.44,2.0,4.0,0.0,0.0,6.0,0.0,2.0,0.0,0.0,2.0,9.105,0.0,0.0,12.0
300,CuCr0.97Mg0.03O2,0.992529611,0,Mgaultois/Sparks,Peer-reviewed literature,68.64,287.57,146.71016699999998,3609.66,48.879999999999995,11.969999999999999,403.06,10.429499999999999,6.029999999999999,8.0,14.85,0.0,28.88,1.97,4.0,4.85,0.0,10.82,40.821,0.0,0.0,476.95,17.16,71.8925,36.677541749999996,902.415,12.219999999999999,2.9924999999999997,100.765,2.6073749999999998,1.5074999999999998,2.0,3.7125,0.0,7.22,0.4925,1.0,1.2125,0.0,2.705,10.20525,0.0,0.0,119.2375,9.237400000000001,15.1075,20.863729876249998,847.615,3.78,0.9924999999999999,34.765,0.832625,0.4998875,2.0,3.7681875,0.0,1.89,0.49988750000000004,1.0,1.8369374999999997,0.0,1.598075,1.1002499999999997,0.0,0.0,107.2375,21.0,38.0,47.5466,2125.2,14.0,2.0,75.0,2.13,1.0,4.0,10.0,0.0,9.0,1.0,2.0,5.0,0.0,6.0,13.785,0.0,0.0,217.0,29.0,87.0,63.546,2180.0,16.0,4.0,141.0,3.44,2.0,4.0,10.0,0.0,11.0,1.0,2.0,5.0,0.0,6.0,22.89,0.0,0.0,229.0,8.0,49.0,15.9994,54.8,2.0,2.0,66.0,1.31,1.0,0.0,0.0,0.0,2.0,0.0,0.0,0.0,0.0,0.0,9.105,0.0,0.0,12.0,8.0,87.0,15.9994,54.8,16.0,2.0,66.0,3.44,2.0,4.0,0.0,0.0,6.0,0.0,2.0,0.0,0.0,2.0,9.105,0.0,0.0,12.0
400,CuCr0.97Mg0.03O2,1.159166507,0,Mgaultois/Sparks,Peer-reviewed literature,68.64,287.57,146.71016699999998,3609.66,48.879999999999995,11.969999999999999,403.06,10.429499999999999,6.029999999999999,8.0,14.85,0.0,28.88,1.97,4.0,4.85,0.0,10.82,40.821,0.0,0.0,476.95,17.16,71.8925,36.677541749999996,902.415,12.219999999999999,2.9924999999999997,100.765,2.6073749999999998,1.5074999999999998,2.0,3.7125,0.0,7.22,0.4925,1.0,1.2125,0.0,2.705,10.20525,0.0,0.0,119.2375,9.237400000000001,15.1075,20.863729876249998,847.615,3.78,0.9924999999999999,34.765,0.832625,0.4998875,2.0,3.7681875,0.0,1.89,0.49988750000000004,1.0,1.8369374999999997,0.0,1.598075,1.1002499999999997,0.0,0.0,107.2375,21.0,38.0,47.5466,2125.2,14.0,2.0,75.0,2.13,1.0,4.0,10.0,0.0,9.0,1.0,2.0,5.0,0.0,6.0,13.785,0.0,0.0,217.0,29.0,87.0,63.546,2180.0,16.0,4.0,141.0,3.44,2.0,4.0,10.0,0.0,11.0,1.0,2.0,5.0,0.0,6.0,22.89,0.0,0.0,229.0,8.0,49.0,15.9994,54.8,2.0,2.0,66.0,1.31,1.0,0.0,0.0,0.0,2.0,0.0,0.0,0.0,0.0,0.0,9.105,0.0,0.0,12.0,8.0,87.0,15.9994,54.8,16.0,2.0,66.0,3.44,2.0,4.0,0.0,0.0,6.0,0.0,2.0,0.0,0.0,2.0,9.105,0.0,0.0,12.0
700,CuCr0.97Mg0.03O2,1.314049671,0,Mgaultois/Sparks,Peer-reviewed literature,68.64,287.57,146.71016699999998,3609.66,48.879999999999995,11.969999999999999,403.06,10.429499999999999,6.029999999999999,8.0,14.85,0.0,28.88,1.97,4.0,4.85,0.0,10.82,40.821,0.0,0.0,476.95,17.16,71.8925,36.677541749999996,902.415,12.219999999999999,2.9924999999999997,100.765,2.6073749999999998,1.5074999999999998,2.0,3.7125,0.0,7.22,0.4925,1.0,1.2125,0.0,2.705,10.20525,0.0,0.0,119.2375,9.237400000000001,15.1075,20.863729876249998,847.615,3.78,0.9924999999999999,34.765,0.832625,0.4998875,2.0,3.7681875,0.0,1.89,0.49988750000000004,1.0,1.8369374999999997,0.0,1.598075,1.1002499999999997,0.0,0.0,107.2375,21.0,38.0,47.5466,2125.2,14.0,2.0,75.0,2.13,1.0,4.0,10.0,0.0,9.0,1.0,2.0,5.0,0.0,6.0,13.785,0.0,0.0,217.0,29.0,87.0,63.546,2180.0,16.0,4.0,141.0,3.44,2.0,4.0,10.0,0.0,11.0,1.0,2.0,5.0,0.0,6.0,22.89,0.0,0.0,229.0,8.0,49.0,15.9994,54.8,2.0,2.0,66.0,1.31,1.0,0.0,0.0,0.0,2.0,0.0,0.0,0.0,0.0,0.0,9.105,0.0,0.0,12.0,8.0,87.0,15.9994,54.8,16.0,2.0,66.0,3.44,2.0,4.0,0.0,0.0,6.0,0.0,2.0,0.0,0.0,2.0,9.105,0.0,0.0,12.0
1000,CuCr0.97Mg0.03O2,1.327389608,0,Mgaultois/Sparks,Peer-reviewed literature,68.64,287.57,146.71016699999998,3609.66,48.879999999999995,11.969999999999999,403.06,10.429499999999999,6.029999999999999,8.0,14.85,0.0,28.88,1.97,4.0,4.85,0.0,10.82,40.821,0.0,0.0,476.95,17.16,71.8925,36.677541749999996,902.415,12.219999999999999,2.9924999999999997,100.765,2.6073749999999998,1.5074999999999998,2.0,3.7125,0.0,7.22,0.4925,1.0,1.2125,0.0,2.705,10.20525,0.0,0.0,119.2375,9.237400000000001,15.1075,20.863729876249998,847.615,3.78,0.9924999999999999,34.765,0.832625,0.4998875,2.0,3.7681875,0.0,1.89,0.49988750000000004,1.0,1.8369374999999997,0.0,1.598075,1.1002499999999997,0.0,0.0,107.2375,21.0,38.0,47.5466,2125.2,14.0,2.0,75.0,2.13,1.0,4.0,10.0,0.0,9.0,1.0,2.0,5.0,0.0,6.0,13.785,0.0,0.0,217.0,29.0,87.0,63.546,2180.0,16.0,4.0,141.0,3.44,2.0,4.0,10.0,0.0,11.0,1.0,2.0,5.0,0.0,6.0,22.89,0.0,0.0,229.0,8.0,49.0,15.9994,54.8,2.0,2.0,66.0,1.31,1.0,0.0,0.0,0.0,2.0,0.0,0.0,0.0,0.0,0.0,9.105,0.0,0.0,12.0,8.0,87.0,15.9994,54.8,16.0,2.0,66.0,3.44,2.0,4.0,0.0,0.0,6.0,0.0,2.0,0.0,0.0,2.0,9.105,0.0,0.0,12.0
300,CuCr0.96Mg0.04O2,0.97190478,0,Mgaultois/Sparks,Peer-reviewed literature,68.52,287.76,146.433256,3597.0899999999997,48.839999999999996,11.96,403.08,10.426,6.04,8.0,14.8,0.0,28.839999999999996,1.96,4.0,4.8,0.0,10.76,40.938,0.0,0.0,476.6,17.13,71.94,36.608314,899.2724999999999,12.209999999999999,2.99,100.77,2.6065,1.51,2.0,3.7,0.0,7.209999999999999,0.49,1.0,1.2,0.0,2.69,10.2345,0.0,0.0,119.15,9.232600000000001,15.059999999999999,20.85498028,844.4725,3.79,0.99,34.769999999999996,0.8335,0.4998,2.0,3.774,0.0,1.8949999999999996,0.4998,1.0,1.8239999999999998,0.0,1.5887999999999998,1.1294999999999997,0.0,0.0,107.15,21.0,38.0,47.5466,2125.2,14.0,2.0,75.0,2.13,1.0,4.0,10.0,0.0,9.0,1.0,2.0,5.0,0.0,6.0,13.785,0.0,0.0,217.0,29.0,87.0,63.546,2180.0,16.0,4.0,141.0,3.44,2.0,4.0,10.0,0.0,11.0,1.0,2.0,5.0,0.0,6.0,22.89,0.0,0.0,229.0,8.0,49.0,15.9994,54.8,2.0,2.0,66.0,1.31,1.0,0.0,0.0,0.0,2.0,0.0,0.0,0.0,0.0,0.0,9.105,0.0,0.0,12.0,8.0,87.0,15.9994,54.8,16.0,2.0,66.0,3.44,2.0,4.0,0.0,0.0,6.0,0.0,2.0,0.0,0.0,2.0,9.105,0.0,0.0,12.0
400,CuCr0.96Mg0.04O2,1.17980314,0,Mgaultois/Sparks,Peer-reviewed literature,68.52,287.76,146.433256,3597.0899999999997,48.839999999999996,11.96,403.08,10.426,6.04,8.0,14.8,0.0,28.839999999999996,1.96,4.0,4.8,0.0,10.76,40.938,0.0,0.0,476.6,17.13,71.94,36.608314,899.2724999999999,12.209999999999999,2.99,100.77,2.6065,1.51,2.0,3.7,0.0,7.209999999999999,0.49,1.0,1.2,0.0,2.69,10.2345,0.0,0.0,119.15,9.232600000000001,15.059999999999999,20.85498028,844.4725,3.79,0.99,34.769999999999996,0.8335,0.4998,2.0,3.774,0.0,1.8949999999999996,0.4998,1.0,1.8239999999999998,0.0,1.5887999999999998,1.1294999999999997,0.0,0.0,107.15,21.0,38.0,47.5466,2125.2,14.0,2.0,75.0,2.13,1.0,4.0,10.0,0.0,9.0,1.0,2.0,5.0,0.0,6.0,13.785,0.0,0.0,217.0,29.0,87.0,63.546,2180.0,16.0,4.0,141.0,3.44,2.0,4.0,10.0,0.0,11.0,1.0,2.0,5.0,0.0,6.0,22.89,0.0,0.0,229.0,8.0,49.0,15.9994,54.8,2.0,2.0,66.0,1.31,1.0,0.0,0.0,0.0,2.0,0.0,0.0,0.0,0.0,0.0,9.105,0.0,0.0,12.0,8.0,87.0,15.9994,54.8,16.0,2.0,66.0,3.44,2.0,4.0,0.0,0.0,6.0,0.0,2.0,0.0,0.0,2.0,9.105,0.0,0.0,12.0
700,CuCr0.96Mg0.04O2,1.328822527,0,Mgaultois/Sparks,Peer-reviewed literature,68.52,287.76,146.433256,3597.0899999999997,48.839999999999996,11.96,403.08,10.426,6.04,8.0,14.8,0.0,28.839999999999996,1.96,4.0,4.8,0.0,10.76,40.938,0.0,0.0,476.6,17.13,71.94,36.608314,899.2724999999999,12.209999999999999,2.99,100.77,2.6065,1.51,2.0,3.7,0.0,7.209999999999999,0.49,1.0,1.2,0.0,2.69,10.2345,0.0,0.0,119.15,9.232600000000001,15.059999999999999,20.85498028,844.4725,3.79,0.99,34.769999999999996,0.8335,0.4998,2.0,3.774,0.0,1.8949999999999996,0.4998,1.0,1.8239999999999998,0.0,1.5887999999999998,1.1294999999999997,0.0,0.0,107.15,21.0,38.0,47.5466,2125.2,14.0,2.0,75.0,2.13,1.0,4.0,10.0,0.0,9.0,1.0,2.0,5.0,0.0,6.0,13.785,0.0,0.0,217.0,29.0,87.0,63.546,2180.0,16.0,4.0,141.0,3.44,2.0,4.0,10.0,0.0,11.0,1.0,2.0,5.0,0.0,6.0,22.89,0.0,0.0,229.0,8.0,49.0,15.9994,54.8,2.0,2.0,66.0,1.31,1.0,0.0,0.0,0.0,2.0,0.0,0.0,0.0,0.0,0.0,9.105,0.0,0.0,12.0,8.0,87.0,15.9994,54.8,16.0,2.0,66.0,3.44,2.0,4.0,0.0,0.0,6.0,0.0,2.0,0.0,0.0,2.0,9.105,0.0,0.0,12.0
1000,CuCr0.96Mg0.04O2,1.353925796,0,Mgaultois/Sparks,Peer-reviewed literature,68.52,287.76,146.433256,3597.0899999999997,48.839999999999996,11.96,403.08,10.426,6.04,8.0,14.8,0.0,28.839999999999996,1.96,4.0,4.8,0.0,10.76,40.938,0.0,0.0,476.6,17.13,71.94,36.608314,899.2724999999999,12.209999999999999,2.99,100.77,2.6065,1.51,2.0,3.7,0.0,7.209999999999999,0.49,1.0,1.2,0.0,2.69,10.2345,0.0,0.0,119.15,9.232600000000001,15.059999999999999,20.85498028,844.4725,3.79,0.99,34.769999999999996,0.8335,0.4998,2.0,3.774,0.0,1.8949999999999996,0.4998,1.0,1.8239999999999998,0.0,1.5887999999999998,1.1294999999999997,0.0,0.0,107.15,21.0,38.0,47.5466,2125.2,14.0,2.0,75.0,2.13,1.0,4.0,10.0,0.0,9.0,1.0,2.0,5.0,0.0,6.0,13.785,0.0,0.0,217.0,29.0,87.0,63.546,2180.0,16.0,4.0,141.0,3.44,2.0,4.0,10.0,0.0,11.0,1.0,2.0,5.0,0.0,6.0,22.89,0.0,0.0,229.0,8.0,49.0,15.9994,54.8,2.0,2.0,66.0,1.31,1.0,0.0,0.0,0.0,2.0,0.0,0.0,0.0,0.0,0.0,9.105,0.0,0.0,12.0,8.0,87.0,15.9994,54.8,16.0,2.0,66.0,3.44,2.0,4.0,0.0,0.0,6.0,0.0,2.0,0.0,0.0,2.0,9.105,0.0,0.0,12.0
300,CuCr0.95Mg0.05O2,1.122355722,0,Mgaultois/Sparks,Peer-reviewed literature,68.4,287.95,146.156345,3584.52,48.8,11.95,403.09999999999997,10.4225,6.05,8.0,14.75,0.0,28.8,1.95,4.0,4.75,0.0,10.7,41.055,0.0,0.0,476.24999999999994,17.1,71.9875,36.53908625,896.13,12.2,2.9875,100.77499999999999,2.605625,1.5125,2.0,3.6875,0.0,7.2,0.4875,1.0,1.1875,0.0,2.675,10.26375,0.0,0.0,119.06249999999999,9.2275,15.0125,20.84553840625,841.3299999999999,3.8,0.9875,34.775000000000006,0.8343750000000001,0.4996875,2.0,3.7796875,0.0,1.9,0.49968749999999995,1.0,1.8109374999999999,0.0,1.579375,1.1587499999999997,0.0,0.0,107.0625,21.0,38.0,47.5466,2125.2,14.0,2.0,75.0,2.13,1.0,4.0,10.0,0.0,9.0,1.0,2.0,5.0,0.0,6.0,13.785,0.0,0.0,217.0,29.0,87.0,63.546,2180.0,16.0,4.0,141.0,3.44,2.0,4.0,10.0,0.0,11.0,1.0,2.0,5.0,0.0,6.0,22.89,0.0,0.0,229.0,8.0,49.0,15.9994,54.8,2.0,2.0,66.0,1.31,1.0,0.0,0.0,0.0,2.0,0.0,0.0,0.0,0.0,0.0,9.105,0.0,0.0,12.0,8.0,87.0,15.9994,54.8,16.0,2.0,66.0,3.44,2.0,4.0,0.0,0.0,6.0,0.0,2.0,0.0,0.0,2.0,9.105,0.0,0.0,12.0
400,CuCr0.95Mg0.05O2,1.262421754,0,Mgaultois/Sparks,Peer-reviewed literature,68.4,287.95,146.156345,3584.52,48.8,11.95,403.09999999999997,10.4225,6.05,8.0,14.75,0.0,28.8,1.95,4.0,4.75,0.0,10.7,41.055,0.0,0.0,476.24999999999994,17.1,71.9875,36.53908625,896.13,12.2,2.9875,100.77499999999999,2.605625,1.5125,2.0,3.6875,0.0,7.2,0.4875,1.0,1.1875,0.0,2.675,10.26375,0.0,0.0,119.06249999999999,9.2275,15.0125,20.84553840625,841.3299999999999,3.8,0.9875,34.775000000000006,0.8343750000000001,0.4996875,2.0,3.7796875,0.0,1.9,0.49968749999999995,1.0,1.8109374999999999,0.0,1.579375,1.1587499999999997,0.0,0.0,107.0625,21.0,38.0,47.5466,2125.2,14.0,2.0,75.0,2.13,1.0,4.0,10.0,0.0,9.0,1.0,2.0,5.0,0.0,6.0,13.785,0.0,0.0,217.0,29.0,87.0,63.546,2180.0,16.0,4.0,141.0,3.44,2.0,4.0,10.0,0.0,11.0,1.0,2.0,5.0,0.0,6.0,22.89,0.0,0.0,229.0,8.0,49.0,15.9994,54.8,2.0,2.0,66.0,1.31,1.0,0.0,0.0,0.0,2.0,0.0,0.0,0.0,0.0,0.0,9.105,0.0,0.0,12.0,8.0,87.0,15.9994,54.8,16.0,2.0,66.0,3.44,2.0,4.0,0.0,0.0,6.0,0.0,2.0,0.0,0.0,2.0,9.105,0.0,0.0,12.0
700,CuCr0.95Mg0.05O2,1.390781359,0,Mgaultois/Sparks,Peer-reviewed literature,68.4,287.95,146.156345,3584.52,48.8,11.95,403.09999999999997,10.4225,6.05,8.0,14.75,0.0,28.8,1.95,4.0,4.75,0.0,10.7,41.055,0.0,0.0,476.24999999999994,17.1,71.9875,36.53908625,896.13,12.2,2.9875,100.77499999999999,2.605625,1.5125,2.0,3.6875,0.0,7.2,0.4875,1.0,1.1875,0.0,2.675,10.26375,0.0,0.0,119.06249999999999,9.2275,15.0125,20.84553840625,841.3299999999999,3.8,0.9875,34.775000000000006,0.8343750000000001,0.4996875,2.0,3.7796875,0.0,1.9,0.49968749999999995,1.0,1.8109374999999999,0.0,1.579375,1.1587499999999997,0.0,0.0,107.0625,21.0,38.0,47.5466,2125.2,14.0,2.0,75.0,2.13,1.0,4.0,10.0,0.0,9.0,1.0,2.0,5.0,0.0,6.0,13.785,0.0,0.0,217.0,29.0,87.0,63.546,2180.0,16.0,4.0,141.0,3.44,2.0,4.0,10.0,0.0,11.0,1.0,2.0,5.0,0.0,6.0,22.89,0.0,0.0,229.0,8.0,49.0,15.9994,54.8,2.0,2.0,66.0,1.31,1.0,0.0,0.0,0.0,2.0,0.0,0.0,0.0,0.0,0.0,9.105,0.0,0.0,12.0,8.0,87.0,15.9994,54.8,16.0,2.0,66.0,3.44,2.0,4.0,0.0,0.0,6.0,0.0,2.0,0.0,0.0,2.0,9.105,0.0,0.0,12.0
1000,CuCr0.95Mg0.05O2,1.389335579,0,Mgaultois/Sparks,Peer-reviewed literature,68.4,287.95,146.156345,3584.52,48.8,11.95,403.09999999999997,10.4225,6.05,8.0,14.75,0.0,28.8,1.95,4.0,4.75,0.0,10.7,41.055,0.0,0.0,476.24999999999994,17.1,71.9875,36.53908625,896.13,12.2,2.9875,100.77499999999999,2.605625,1.5125,2.0,3.6875,0.0,7.2,0.4875,1.0,1.1875,0.0,2.675,10.26375,0.0,0.0,119.06249999999999,9.2275,15.0125,20.84553840625,841.3299999999999,3.8,0.9875,34.775000000000006,0.8343750000000001,0.4996875,2.0,3.7796875,0.0,1.9,0.49968749999999995,1.0,1.8109374999999999,0.0,1.579375,1.1587499999999997,0.0,0.0,107.0625,21.0,38.0,47.5466,2125.2,14.0,2.0,75.0,2.13,1.0,4.0,10.0,0.0,9.0,1.0,2.0,5.0,0.0,6.0,13.785,0.0,0.0,217.0,29.0,87.0,63.546,2180.0,16.0,4.0,141.0,3.44,2.0,4.0,10.0,0.0,11.0,1.0,2.0,5.0,0.0,6.0,22.89,0.0,0.0,229.0,8.0,49.0,15.9994,54.8,2.0,2.0,66.0,1.31,1.0,0.0,0.0,0.0,2.0,0.0,0.0,0.0,0.0,0.0,9.105,0.0,0.0,12.0,8.0,87.0,15.9994,54.8,16.0,2.0,66.0,3.44,2.0,4.0,0.0,0.0,6.0,0.0,2.0,0.0,0.0,2.0,9.105,0.0,0.0,12.0
300,NaCo2O4,2.675717545,1,Mgaultois/Sparks,Peer-reviewed literature,97.0,466.0,204.85375928,4126.07,83.0,19.0,682.0,18.45,13.0,16.0,14.0,0.0,43.0,1.0,8.0,6.0,0.0,15.0,86.1533333333,0.0,3.0969424,665.0,13.857142857142856,66.57142857142856,29.26482275428571,589.4385714285713,11.857142857142856,2.7142857142857144,97.42857142857142,2.6357142857142852,1.857142857142857,2.2857142857142856,2.0,0.0,6.142857142857142,0.14285714285714285,1.1428571428571428,0.8571428571428571,0.0,2.142857142857143,12.307619047614285,0.0,0.4424203428571428,95.0,7.5102040816326525,23.346938775510203,16.95335556897959,673.4636734693877,4.73469387755102,0.8163265306122449,35.91836734693877,0.9191836734693877,0.24489795918367357,1.9591836734693877,2.8571428571428568,0.0,1.6326530612244894,0.24489795918367346,0.9795918367346939,1.2244897959183672,0.0,0.4897959183673469,4.838775510195918,0.0,0.6320290612244898,94.85714285714286,19.0,85.0,42.933794999999996,1713.2,15.0,2.0,100.0,2.51,1.0,4.0,7.0,0.0,8.0,1.0,2.0,3.0,0.0,2.0,20.1383333333,0.0,1.5484712,217.0,27.0,87.0,58.933195,1768.0,16.0,4.0,166.0,3.44,2.0,4.0,7.0,0.0,9.0,1.0,2.0,3.0,0.0,3.0,29.2433333333,0.0,1.5484712,229.0,8.0,2.0,15.9994,54.8,1.0,2.0,66.0,0.93,1.0,0.0,0.0,0.0,1.0,0.0,0.0,0.0,0.0,1.0,9.105,0.0,0.0,12.0,8.0,87.0,15.9994,54.8,16.0,2.0,66.0,3.44,2.0,4.0,0.0,0.0,6.0,0.0,2.0,0.0,0.0,2.0,9.105,0.0,0.0,12.0
400,NaCo2O4,2.596879479,1,Mgaultois/Sparks,Peer-reviewed literature,97.0,466.0,204.85375928,4126.07,83.0,19.0,682.0,18.45,13.0,16.0,14.0,0.0,43.0,1.0,8.0,6.0,0.0,15.0,86.1533333333,0.0,3.0969424,665.0,13.857142857142856,66.57142857142856,29.26482275428571,589.4385714285713,11.857142857142856,2.7142857142857144,97.42857142857142,2.6357142857142852,1.857142857142857,2.2857142857142856,2.0,0.0,6.142857142857142,0.14285714285714285,1.1428571428571428,0.8571428571428571,0.0,2.142857142857143,12.307619047614285,0.0,0.4424203428571428,95.0,7.5102040816326525,23.346938775510203,16.95335556897959,673.4636734693877,4.73469387755102,0.8163265306122449,35.91836734693877,0.9191836734693877,0.24489795918367357,1.9591836734693877,2.8571428571428568,0.0,1.6326530612244894,0.24489795918367346,0.9795918367346939,1.2244897959183672,0.0,0.4897959183673469,4.838775510195918,0.0,0.6320290612244898,94.85714285714286,19.0,85.0,42.933794999999996,1713.2,15.0,2.0,100.0,2.51,1.0,4.0,7.0,0.0,8.0,1.0,2.0,3.0,0.0,2.0,20.1383333333,0.0,1.5484712,217.0,27.0,87.0,58.933195,1768.0,16.0,4.0,166.0,3.44,2.0,4.0,7.0,0.0,9.0,1.0,2.0,3.0,0.0,3.0,29.2433333333,0.0,1.5484712,229.0,8.0,2.0,15.9994,54.8,1.0,2.0,66.0,0.93,1.0,0.0,0.0,0.0,1.0,0.0,0.0,0.0,0.0,1.0,9.105,0.0,0.0,12.0,8.0,87.0,15.9994,54.8,16.0,2.0,66.0,3.44,2.0,4.0,0.0,0.0,6.0,0.0,2.0,0.0,0.0,2.0,9.105,0.0,0.0,12.0
700,NaCo2O4,2.468521083,1,Mgaultois/Sparks,Peer-reviewed literature,97.0,466.0,204.85375928,4126.07,83.0,19.0,682.0,18.45,13.0,16.0,14.0,0.0,43.0,1.0,8.0,6.0,0.0,15.0,86.1533333333,0.0,3.0969424,665.0,13.857142857142856,66.57142857142856,29.26482275428571,589.4385714285713,11.857142857142856,2.7142857142857144,97.42857142857142,2.6357142857142852,1.857142857142857,2.2857142857142856,2.0,0.0,6.142857142857142,0.14285714285714285,1.1428571428571428,0.8571428571428571,0.0,2.142857142857143,12.307619047614285,0.0,0.4424203428571428,95.0,7.5102040816326525,23.346938775510203,16.95335556897959,673.4636734693877,4.73469387755102,0.8163265306122449,35.91836734693877,0.9191836734693877,0.24489795918367357,1.9591836734693877,2.8571428571428568,0.0,1.6326530612244894,0.24489795918367346,0.9795918367346939,1.2244897959183672,0.0,0.4897959183673469,4.838775510195918,0.0,0.6320290612244898,94.85714285714286,19.0,85.0,42.933794999999996,1713.2,15.0,2.0,100.0,2.51,1.0,4.0,7.0,0.0,8.0,1.0,2.0,3.0,0.0,2.0,20.1383333333,0.0,1.5484712,217.0,27.0,87.0,58.933195,1768.0,16.0,4.0,166.0,3.44,2.0,4.0,7.0,0.0,9.0,1.0,2.0,3.0,0.0,3.0,29.2433333333,0.0,1.5484712,229.0,8.0,2.0,15.9994,54.8,1.0,2.0,66.0,0.93,1.0,0.0,0.0,0.0,1.0,0.0,0.0,0.0,0.0,1.0,9.105,0.0,0.0,12.0,8.0,87.0,15.9994,54.8,16.0,2.0,66.0,3.44,2.0,4.0,0.0,0.0,6.0,0.0,2.0,0.0,0.0,2.0,9.105,0.0,0.0,12.0
1000,NaCo2O4,2.397940009,1,Mgaultois/Sparks,Peer-reviewed literature,97.0,466.0,204.85375928,4126.07,83.0,19.0,682.0,18.45,13.0,16.0,14.0,0.0,43.0,1.0,8.0,6.0,0.0,15.0,86.1533333333,0.0,3.0969424,665.0,13.857142857142856,66.57142857142856,29.26482275428571,589.4385714285713,11.857142857142856,2.7142857142857144,97.42857142857142,2.6357142857142852,1.857142857142857,2.2857142857142856,2.0,0.0,6.142857142857142,0.14285714285714285,1.1428571428571428,0.8571428571428571,0.0,2.142857142857143,12.307619047614285,0.0,0.4424203428571428,95.0,7.5102040816326525,23.346938775510203,16.95335556897959,673.4636734693877,4.73469387755102,0.8163265306122449,35.91836734693877,0.9191836734693877,0.24489795918367357,1.9591836734693877,2.8571428571428568,0.0,1.6326530612244894,0.24489795918367346,0.9795918367346939,1.2244897959183672,0.0,0.4897959183673469,4.838775510195918,0.0,0.6320290612244898,94.85714285714286,19.0,85.0,42.933794999999996,1713.2,15.0,2.0,100.0,2.51,1.0,4.0,7.0,0.0,8.0,1.0,2.0,3.0,0.0,2.0,20.1383333333,0.0,1.5484712,217.0,27.0,87.0,58.933195,1768.0,16.0,4.0,166.0,3.44,2.0,4.0,7.0,0.0,9.0,1.0,2.0,3.0,0.0,3.0,29.2433333333,0.0,1.5484712,229.0,8.0,2.0,15.9994,54.8,1.0,2.0,66.0,0.93,1.0,0.0,0.0,0.0,1.0,0.0,0.0,0.0,0.0,1.0,9.105,0.0,0.0,12.0,8.0,87.0,15.9994,54.8,16.0,2.0,66.0,3.44,2.0,4.0,0.0,0.0,6.0,0.0,2.0,0.0,0.0,2.0,9.105,0.0,0.0,12.0
700,ZnO,1.07141802,0,Mgaultois/Sparks,Peer-reviewed literature,38.0,156.0,81.37939999999999,747.4799999999999,28.0,6.0,188.0,5.09,4.0,4.0,10.0,0.0,18.0,0.0,2.0,0.0,0.0,2.0,23.065,0.0,0.0,206.0,19.0,78.0,40.689699999999995,373.73999999999995,14.0,3.0,94.0,2.545,2.0,2.0,5.0,0.0,9.0,0.0,1.0,0.0,0.0,1.0,11.5325,0.0,0.0,103.0,11.0,9.0,24.690299999999997,318.93999999999994,2.0,1.0,28.0,0.895,0.0,2.0,5.0,0.0,3.0,0.0,1.0,0.0,0.0,1.0,2.4275,0.0,0.0,91.0,22.0,18.0,49.380599999999994,637.88,4.0,2.0,56.0,1.79,0.0,4.0,10.0,0.0,6.0,0.0,2.0,0.0,0.0,2.0,4.855,0.0,0.0,182.0,30.0,87.0,65.38,692.68,16.0,4.0,122.0,3.44,2.0,4.0,10.0,0.0,12.0,0.0,2.0,0.0,0.0,2.0,13.96,0.0,0.0,194.0,8.0,69.0,15.9994,54.8,12.0,2.0,66.0,1.65,2.0,0.0,0.0,0.0,6.0,0.0,0.0,0.0,0.0,0.0,9.105,0.0,0.0,12.0,8.0,69.0,15.9994,54.8,12.0,2.0,66.0,1.65,2.0,0.0,0.0,0.0,6.0,0.0,0.0,0.0,0.0,0.0,9.105,0.0,0.0,12.0
1000,ZnO,1.218054733,0,Mgaultois/Sparks,Peer-reviewed literature,38.0,156.0,81.37939999999999,747.4799999999999,28.0,6.0,188.0,5.09,4.0,4.0,10.0,0.0,18.0,0.0,2.0,0.0,0.0,2.0,23.065,0.0,0.0,206.0,19.0,78.0,40.689699999999995,373.73999999999995,14.0,3.0,94.0,2.545,2.0,2.0,5.0,0.0,9.0,0.0,1.0,0.0,0.0,1.0,11.5325,0.0,0.0,103.0,11.0,9.0,24.690299999999997,318.93999999999994,2.0,1.0,28.0,0.895,0.0,2.0,5.0,0.0,3.0,0.0,1.0,0.0,0.0,1.0,2.4275,0.0,0.0,91.0,22.0,18.0,49.380599999999994,637.88,4.0,2.0,56.0,1.79,0.0,4.0,10.0,0.0,6.0,0.0,2.0,0.0,0.0,2.0,4.855,0.0,0.0,182.0,30.0,87.0,65.38,692.68,16.0,4.0,122.0,3.44,2.0,4.0,10.0,0.0,12.0,0.0,2.0,0.0,0.0,2.0,13.96,0.0,0.0,194.0,8.0,69.0,15.9994,54.8,12.0,2.0,66.0,1.65,2.0,0.0,0.0,0.0,6.0,0.0,0.0,0.0,0.0,0.0,9.105,0.0,0.0,12.0,8.0,69.0,15.9994,54.8,12.0,2.0,66.0,1.65,2.0,0.0,0.0,0.0,6.0,0.0,0.0,0.0,0.0,0.0,9.105,0.0,0.0,12.0
700,Zn0.98Al0.02O,1.166903527,0,Mgaultois/Sparks,Peer-reviewed literature,37.66,156.07999999999998,80.61143077199998,752.2957999999999,28.02,5.98,187.98000000000002,5.0892,4.0,4.02,9.8,0.0,17.82,0.0,2.1,0.0,0.0,2.1,23.1154,0.0,0.0,206.62,18.83,78.03999999999999,40.30571538599999,376.14789999999994,14.01,2.99,93.99000000000001,2.5446,2.0,2.01,4.9,0.0,8.91,0.0,1.05,0.0,0.0,1.05,11.5577,0.0,0.0,103.31,10.9466,8.96,24.572798921719997,321.3479,1.99,0.99,27.99,0.8954,0.0,1.99,4.997999999999999,0.0,3.0282,0.0,1.029,0.0,0.0,1.029,2.4527,0.0,0.0,91.31,22.0,18.0,49.380599999999994,878.6700000000001,4.0,2.0,56.0,1.8299999999999998,0.0,4.0,10.0,0.0,9.0,0.0,5.0,0.0,0.0,5.0,7.375,0.0,0.0,213.0,30.0,87.0,65.38,933.47,16.0,4.0,122.0,3.44,2.0,4.0,10.0,0.0,12.0,0.0,5.0,0.0,0.0,5.0,16.48,0.0,0.0,225.0,8.0,69.0,15.9994,54.8,12.0,2.0,66.0,1.61,2.0,0.0,0.0,0.0,3.0,0.0,0.0,0.0,0.0,0.0,9.105,0.0,0.0,12.0,8.0,87.0,15.9994,54.8,16.0,2.0,66.0,3.44,2.0,4.0,0.0,0.0,6.0,0.0,2.0,0.0,0.0,2.0,9.105,0.0,0.0,12.0
1000,Zn0.98Al0.02O,1.594654374,0,Mgaultois/Sparks,Peer-reviewed literature,37.66,156.07999999999998,80.61143077199998,752.2957999999999,28.02,5.98,187.98000000000002,5.0892,4.0,4.02,9.8,0.0,17.82,0.0,2.1,0.0,0.0,2.1,23.1154,0.0,0.0,206.62,18.83,78.03999999999999,40.30571538599999,376.14789999999994,14.01,2.99,93.99000000000001,2.5446,2.0,2.01,4.9,0.0,8.91,0.0,1.05,0.0,0.0,1.05,11.5577,0.0,0.0,103.31,10.9466,8.96,24.572798921719997,321.3479,1.99,0.99,27.99,0.8954,0.0,1.99,4.997999999999999,0.0,3.0282,0.0,1.029,0.0,0.0,1.029,2.4527,0.0,0.0,91.31,22.0,18.0,49.380599999999994,878.6700000000001,4.0,2.0,56.0,1.8299999999999998,0.0,4.0,10.0,0.0,9.0,0.0,5.0,0.0,0.0,5.0,7.375,0.0,0.0,213.0,30.0,87.0,65.38,933.47,16.0,4.0,122.0,3.44,2.0,4.0,10.0,0.0,12.0,0.0,5.0,0.0,0.0,5.0,16.48,0.0,0.0,225.0,8.0,69.0,15.9994,54.8,12.0,2.0,66.0,1.61,2.0,0.0,0.0,0.0,3.0,0.0,0.0,0.0,0.0,0.0,9.105,0.0,0.0,12.0,8.0,87.0,15.9994,54.8,16.0,2.0,66.0,3.44,2.0,4.0,0.0,0.0,6.0,0.0,2.0,0.0,0.0,2.0,9.105,0.0,0.0,12.0
700,Zn0.97Al0.03O,1.303122587,0,Mgaultois/Sparks,Peer-reviewed literature,37.489999999999995,156.12,80.22744615799998,754.7036999999999,28.03,5.97,187.97,5.0888,4.0,4.03,9.7,0.0,17.73,0.0,2.15,0.0,0.0,2.15,23.1406,0.0,0.0,206.93,18.744999999999997,78.06,40.11372307899999,377.35184999999996,14.015,2.985,93.985,2.5444,2.0,2.015,4.85,0.0,8.865,0.0,1.075,0.0,0.0,1.075,11.5703,0.0,0.0,103.465,10.917349999999999,8.94,24.50828861337,322.55184999999994,1.9849999999999999,0.985,27.985,0.8956,0.0,1.9849999999999999,4.9955,0.0,3.0409499999999996,0.0,1.0427499999999998,0.0,0.0,1.0427499999999998,2.4653,0.0,0.0,91.465,22.0,18.0,49.380599999999994,878.6700000000001,4.0,2.0,56.0,1.8299999999999998,0.0,4.0,10.0,0.0,9.0,0.0,5.0,0.0,0.0,5.0,7.375,0.0,0.0,213.0,30.0,87.0,65.38,933.47,16.0,4.0,122.0,3.44,2.0,4.0,10.0,0.0,12.0,0.0,5.0,0.0,0.0,5.0,16.48,0.0,0.0,225.0,8.0,69.0,15.9994,54.8,12.0,2.0,66.0,1.61,2.0,0.0,0.0,0.0,3.0,0.0,0.0,0.0,0.0,0.0,9.105,0.0,0.0,12.0,8.0,87.0,15.9994,54.8,16.0,2.0,66.0,3.44,2.0,4.0,0.0,0.0,6.0,0.0,2.0,0.0,0.0,2.0,9.105,0.0,0.0,12.0
1000,Zn0.97Al0.03O,1.712600873,0,Mgaultois/Sparks,Peer-reviewed literature,37.489999999999995,156.12,80.22744615799998,754.7036999999999,28.03,5.97,187.97,5.0888,4.0,4.03,9.7,0.0,17.73,0.0,2.15,0.0,0.0,2.15,23.1406,0.0,0.0,206.93,18.744999999999997,78.06,40.11372307899999,377.35184999999996,14.015,2.985,93.985,2.5444,2.0,2.015,4.85,0.0,8.865,0.0,1.075,0.0,0.0,1.075,11.5703,0.0,0.0,103.465,10.917349999999999,8.94,24.50828861337,322.55184999999994,1.9849999999999999,0.985,27.985,0.8956,0.0,1.9849999999999999,4.9955,0.0,3.0409499999999996,0.0,1.0427499999999998,0.0,0.0,1.0427499999999998,2.4653,0.0,0.0,91.465,22.0,18.0,49.380599999999994,878.6700000000001,4.0,2.0,56.0,1.8299999999999998,0.0,4.0,10.0,0.0,9.0,0.0,5.0,0.0,0.0,5.0,7.375,0.0,0.0,213.0,30.0,87.0,65.38,933.47,16.0,4.0,122.0,3.44,2.0,4.0,10.0,0.0,12.0,0.0,5.0,0.0,0.0,5.0,16.48,0.0,0.0,225.0,8.0,69.0,15.9994,54.8,12.0,2.0,66.0,1.61,2.0,0.0,0.0,0.0,3.0,0.0,0.0,0.0,0.0,0.0,9.105,0.0,0.0,12.0,8.0,87.0,15.9994,54.8,16.0,2.0,66.0,3.44,2.0,4.0,0.0,0.0,6.0,0.0,2.0,0.0,0.0,2.0,9.105,0.0,0.0,12.0
700,Zn0.95Al0.05O,1.329452797,0,Mgaultois/Sparks,Peer-reviewed literature,37.15,156.2,79.45947693,759.5194999999999,28.049999999999997,5.949999999999999,187.95,5.088,4.0,4.05,9.5,0.0,17.549999999999997,0.0,2.25,0.0,0.0,2.25,23.191000000000003,0.0,0.0,207.54999999999998,18.575,78.1,39.729738465,379.75974999999994,14.024999999999999,2.9749999999999996,93.975,2.544,2.0,2.025,4.75,0.0,8.774999999999999,0.0,1.125,0.0,0.0,1.125,11.595500000000001,0.0,0.0,103.77499999999999,10.85375,8.899999999999999,24.36774845825,324.95975,1.975,0.975,27.975,0.8959999999999999,0.0,1.975,4.9875,0.0,3.0637499999999998,0.0,1.06875,0.0,0.0,1.06875,2.4905,0.0,0.0,91.775,22.0,18.0,49.380599999999994,878.6700000000001,4.0,2.0,56.0,1.8299999999999998,0.0,4.0,10.0,0.0,9.0,0.0,5.0,0.0,0.0,5.0,7.375,0.0,0.0,213.0,30.0,87.0,65.38,933.47,16.0,4.0,122.0,3.44,2.0,4.0,10.0,0.0,12.0,0.0,5.0,0.0,0.0,5.0,16.48,0.0,0.0,225.0,8.0,69.0,15.9994,54.8,12.0,2.0,66.0,1.61,2.0,0.0,0.0,0.0,3.0,0.0,0.0,0.0,0.0,0.0,9.105,0.0,0.0,12.0,8.0,87.0,15.9994,54.8,16.0,2.0,66.0,3.44,2.0,4.0,0.0,0.0,6.0,0.0,2.0,0.0,0.0,2.0,9.105,0.0,0.0,12.0
1000,Zn0.95Al0.05O,1.737108313,0,Mgaultois/Sparks,Peer-reviewed literature,37.15,156.2,79.45947693,759.5194999999999,28.049999999999997,5.949999999999999,187.95,5.088,4.0,4.05,9.5,0.0,17.549999999999997,0.0,2.25,0.0,0.0,2.25,23.191000000000003,0.0,0.0,207.54999999999998,18.575,78.1,39.729738465,379.75974999999994,14.024999999999999,2.9749999999999996,93.975,2.544,2.0,2.025,4.75,0.0,8.774999999999999,0.0,1.125,0.0,0.0,1.125,11.595500000000001,0.0,0.0,103.77499999999999,10.85375,8.899999999999999,24.36774845825,324.95975,1.975,0.975,27.975,0.8959999999999999,0.0,1.975,4.9875,0.0,3.0637499999999998,0.0,1.06875,0.0,0.0,1.06875,2.4905,0.0,0.0,91.775,22.0,18.0,49.380599999999994,878.6700000000001,4.0,2.0,56.0,1.8299999999999998,0.0,4.0,10.0,0.0,9.0,0.0,5.0,0.0,0.0,5.0,7.375,0.0,0.0,213.0,30.0,87.0,65.38,933.47,16.0,4.0,122.0,3.44,2.0,4.0,10.0,0.0,12.0,0.0,5.0,0.0,0.0,5.0,16.48,0.0,0.0,225.0,8.0,69.0,15.9994,54.8,12.0,2.0,66.0,1.61,2.0,0.0,0.0,0.0,3.0,0.0,0.0,0.0,0.0,0.0,9.105,0.0,0.0,12.0,8.0,87.0,15.9994,54.8,16.0,2.0,66.0,3.44,2.0,4.0,0.0,0.0,6.0,0.0,2.0,0.0,0.0,2.0,9.105,0.0,0.0,12.0
700,Zn0.97Al0.025Ti0.005O,1.470780825,0,Mgaultois/Sparks,Peer-reviewed literature,37.535,155.97,80.33187346499999,759.74135,27.985,5.975,188.16500000000002,5.08845,4.0,4.025,9.709999999999999,0.0,17.735,0.0,2.125,0.04,0.0,2.165,23.14165,0.0,1.126666666665e-07,206.775,18.7675,77.985,40.16593673249999,379.870675,13.9925,2.9875,94.08250000000001,2.544225,2.0,2.0125,4.8549999999999995,0.0,8.8675,0.0,1.0625,0.02,0.0,1.0825,11.570825,0.0,5.633333333325e-08,103.3875,10.9116875,9.015,24.496146685812498,325.07067499999994,2.0075,0.9875,28.0825,0.895775,0.0,1.9875,4.99065,0.0,3.038525,0.0,1.0359375,0.039900000000000005,0.0,1.050025,2.465825,0.0,1.1238499999983375e-07,91.38749999999999,22.0,44.0,49.380599999999994,1886.2,12.0,2.0,94.0,1.9,0.0,4.0,10.0,0.0,9.0,0.0,5.0,8.0,0.0,8.0,7.585000000000001,0.0,2.25333333333e-05,213.0,30.0,87.0,65.38,1941.0,16.0,4.0,160.0,3.44,2.0,4.0,10.0,0.0,12.0,0.0,5.0,8.0,0.0,8.0,16.69,0.0,2.25333333333e-05,225.0,8.0,43.0,15.9994,54.8,4.0,2.0,66.0,1.54,2.0,0.0,0.0,0.0,3.0,0.0,0.0,0.0,0.0,0.0,9.105,0.0,0.0,12.0,8.0,87.0,15.9994,54.8,16.0,2.0,66.0,3.44,2.0,4.0,0.0,0.0,6.0,0.0,2.0,0.0,0.0,2.0,9.105,0.0,0.0,12.0
1000,Zn0.97Al0.025Ti0.005O,1.759576441,0,Mgaultois/Sparks,Peer-reviewed literature,37.535,155.97,80.33187346499999,759.74135,27.985,5.975,188.16500000000002,5.08845,4.0,4.025,9.709999999999999,0.0,17.735,0.0,2.125,0.04,0.0,2.165,23.14165,0.0,1.126666666665e-07,206.775,18.7675,77.985,40.16593673249999,379.870675,13.9925,2.9875,94.08250000000001,2.544225,2.0,2.0125,4.8549999999999995,0.0,8.8675,0.0,1.0625,0.02,0.0,1.0825,11.570825,0.0,5.633333333325e-08,103.3875,10.9116875,9.015,24.496146685812498,325.07067499999994,2.0075,0.9875,28.0825,0.895775,0.0,1.9875,4.99065,0.0,3.038525,0.0,1.0359375,0.039900000000000005,0.0,1.050025,2.465825,0.0,1.1238499999983375e-07,91.38749999999999,22.0,44.0,49.380599999999994,1886.2,12.0,2.0,94.0,1.9,0.0,4.0,10.0,0.0,9.0,0.0,5.0,8.0,0.0,8.0,7.585000000000001,0.0,2.25333333333e-05,213.0,30.0,87.0,65.38,1941.0,16.0,4.0,160.0,3.44,2.0,4.0,10.0,0.0,12.0,0.0,5.0,8.0,0.0,8.0,16.69,0.0,2.25333333333e-05,225.0,8.0,43.0,15.9994,54.8,4.0,2.0,66.0,1.54,2.0,0.0,0.0,0.0,3.0,0.0,0.0,0.0,0.0,0.0,9.105,0.0,0.0,12.0,8.0,87.0,15.9994,54.8,16.0,2.0,66.0,3.44,2.0,4.0,0.0,0.0,6.0,0.0,2.0,0.0,0.0,2.0,9.105,0.0,0.0,12.0
700,Zn0.97Al0.02Ti0.01O,1.531602802,0,Mgaultois/Sparks,Peer-reviewed literature,37.58,155.82,80.43630077199998,764.7789999999999,27.939999999999998,5.98,188.36,5.0881,4.0,4.02,9.719999999999999,0.0,17.740000000000002,0.0,2.1,0.08,0.0,2.18,23.142699999999998,0.0,2.25333333333e-07,206.62,18.79,77.91,40.21815038599999,382.38949999999994,13.969999999999999,2.99,94.18,2.54405,2.0,2.01,4.859999999999999,0.0,8.870000000000001,0.0,1.05,0.04,0.0,1.09,11.571349999999999,0.0,1.126666666665e-07,103.31,10.9058,9.09,24.483482621719997,327.58949999999993,2.0300000000000002,0.99,28.18,0.89595,0.0,1.99,4.985799999999999,0.0,3.0361000000000002,0.0,1.029,0.0796,0.0,1.0573000000000001,2.4663500000000003,0.0,2.24206666666335e-07,91.31,22.0,44.0,49.380599999999994,1886.2,12.0,2.0,94.0,1.9,0.0,4.0,10.0,0.0,9.0,0.0,5.0,8.0,0.0,8.0,7.585000000000001,0.0,2.25333333333e-05,213.0,30.0,87.0,65.38,1941.0,16.0,4.0,160.0,3.44,2.0,4.0,10.0,0.0,12.0,0.0,5.0,8.0,0.0,8.0,16.69,0.0,2.25333333333e-05,225.0,8.0,43.0,15.9994,54.8,4.0,2.0,66.0,1.54,2.0,0.0,0.0,0.0,3.0,0.0,0.0,0.0,0.0,0.0,9.105,0.0,0.0,12.0,8.0,87.0,15.9994,54.8,16.0,2.0,66.0,3.44,2.0,4.0,0.0,0.0,6.0,0.0,2.0,0.0,0.0,2.0,9.105,0.0,0.0,12.0
1000,Zn0.97Al0.02Ti0.01O,1.798640981,0,Mgaultois/Sparks,Peer-reviewed literature,37.58,155.82,80.43630077199998,764.7789999999999,27.939999999999998,5.98,188.36,5.0881,4.0,4.02,9.719999999999999,0.0,17.740000000000002,0.0,2.1,0.08,0.0,2.18,23.142699999999998,0.0,2.25333333333e-07,206.62,18.79,77.91,40.21815038599999,382.38949999999994,13.969999999999999,2.99,94.18,2.54405,2.0,2.01,4.859999999999999,0.0,8.870000000000001,0.0,1.05,0.04,0.0,1.09,11.571349999999999,0.0,1.126666666665e-07,103.31,10.9058,9.09,24.483482621719997,327.58949999999993,2.0300000000000002,0.99,28.18,0.89595,0.0,1.99,4.985799999999999,0.0,3.0361000000000002,0.0,1.029,0.0796,0.0,1.0573000000000001,2.4663500000000003,0.0,2.24206666666335e-07,91.31,22.0,44.0,49.380599999999994,1886.2,12.0,2.0,94.0,1.9,0.0,4.0,10.0,0.0,9.0,0.0,5.0,8.0,0.0,8.0,7.585000000000001,0.0,2.25333333333e-05,213.0,30.0,87.0,65.38,1941.0,16.0,4.0,160.0,3.44,2.0,4.0,10.0,0.0,12.0,0.0,5.0,8.0,0.0,8.0,16.69,0.0,2.25333333333e-05,225.0,8.0,43.0,15.9994,54.8,4.0,2.0,66.0,1.54,2.0,0.0,0.0,0.0,3.0,0.0,0.0,0.0,0.0,0.0,9.105,0.0,0.0,12.0,8.0,87.0,15.9994,54.8,16.0,2.0,66.0,3.44,2.0,4.0,0.0,0.0,6.0,0.0,2.0,0.0,0.0,2.0,9.105,0.0,0.0,12.0
700,Zn0.97Al0.015Ti0.015O,1.584942658,0,Mgaultois/Sparks,Peer-reviewed literature,37.625,155.67,80.54072807899999,769.81665,27.895000000000003,5.984999999999999,188.555,5.08775,4.0,4.015,9.729999999999999,0.0,17.745,0.0,2.075,0.12,0.0,2.195,23.143749999999997,0.0,3.379999999995e-07,206.465,18.8125,77.835,40.270364039499995,384.908325,13.947500000000002,2.9924999999999997,94.2775,2.543875,2.0,2.0075,4.864999999999999,0.0,8.8725,0.0,1.0375,0.06,0.0,1.0975,11.571874999999999,0.0,1.6899999999975e-07,103.2325,10.899687499999999,9.165,24.4702964210925,330.108325,2.0525,0.9924999999999999,28.2775,0.8961250000000001,0.0,1.9925000000000002,4.98095,0.0,3.0336749999999997,0.0,1.0219375,0.1191,0.0,1.064575,2.466875,0.0,3.3546499999950374e-07,91.2325,22.0,44.0,49.380599999999994,1886.2,12.0,2.0,94.0,1.9,0.0,4.0,10.0,0.0,9.0,0.0,5.0,8.0,0.0,8.0,7.585000000000001,0.0,2.25333333333e-05,213.0,30.0,87.0,65.38,1941.0,16.0,4.0,160.0,3.44,2.0,4.0,10.0,0.0,12.0,0.0,5.0,8.0,0.0,8.0,16.69,0.0,2.25333333333e-05,225.0,8.0,43.0,15.9994,54.8,4.0,2.0,66.0,1.54,2.0,0.0,0.0,0.0,3.0,0.0,0.0,0.0,0.0,0.0,9.105,0.0,0.0,12.0,8.0,87.0,15.9994,54.8,16.0,2.0,66.0,3.44,2.0,4.0,0.0,0.0,6.0,0.0,2.0,0.0,0.0,2.0,9.105,0.0,0.0,12.0
1000,Zn0.97Al0.015Ti0.015O,1.83997241,0,Mgaultois/Sparks,Peer-reviewed literature,37.625,155.67,80.54072807899999,769.81665,27.895000000000003,5.984999999999999,188.555,5.08775,4.0,4.015,9.729999999999999,0.0,17.745,0.0,2.075,0.12,0.0,2.195,23.143749999999997,0.0,3.379999999995e-07,206.465,18.8125,77.835,40.270364039499995,384.908325,13.947500000000002,2.9924999999999997,94.2775,2.543875,2.0,2.0075,4.864999999999999,0.0,8.8725,0.0,1.0375,0.06,0.0,1.0975,11.571874999999999,0.0,1.6899999999975e-07,103.2325,10.899687499999999,9.165,24.4702964210925,330.108325,2.0525,0.9924999999999999,28.2775,0.8961250000000001,0.0,1.9925000000000002,4.98095,0.0,3.0336749999999997,0.0,1.0219375,0.1191,0.0,1.064575,2.466875,0.0,3.3546499999950374e-07,91.2325,22.0,44.0,49.380599999999994,1886.2,12.0,2.0,94.0,1.9,0.0,4.0,10.0,0.0,9.0,0.0,5.0,8.0,0.0,8.0,7.585000000000001,0.0,2.25333333333e-05,213.0,30.0,87.0,65.38,1941.0,16.0,4.0,160.0,3.44,2.0,4.0,10.0,0.0,12.0,0.0,5.0,8.0,0.0,8.0,16.69,0.0,2.25333333333e-05,225.0,8.0,43.0,15.9994,54.8,4.0,2.0,66.0,1.54,2.0,0.0,0.0,0.0,3.0,0.0,0.0,0.0,0.0,0.0,9.105,0.0,0.0,12.0,8.0,87.0,15.9994,54.8,16.0,2.0,66.0,3.44,2.0,4.0,0.0,0.0,6.0,0.0,2.0,0.0,0.0,2.0,9.105,0.0,0.0,12.0
700,Zn0.97Al0.01Ti0.02O,1.628512553,0,Mgaultois/Sparks,Peer-reviewed literature,37.67,155.51999999999998,80.64515538599998,774.8543,27.85,5.99,188.75,5.0874,4.0,4.01,9.739999999999998,0.0,17.75,0.0,2.05,0.16,0.0,2.21,23.1448,0.0,4.50666666666e-07,206.31,18.835,77.75999999999999,40.32257769299999,387.42715,13.925,2.995,94.375,2.5437,2.0,2.005,4.869999999999999,0.0,8.875,0.0,1.025,0.08,0.0,1.105,11.5724,0.0,2.25333333333e-07,103.155,10.89335,9.239999999999998,24.456588083929997,332.62715,2.075,0.995,28.375,0.8963000000000001,0.0,1.9949999999999999,4.976100000000001,0.0,3.03125,0.0,1.0147499999999998,0.1584,0.0,1.07185,2.4674000000000005,0.0,4.4615999999934e-07,91.155,22.0,44.0,49.380599999999994,1886.2,12.0,2.0,94.0,1.9,0.0,4.0,10.0,0.0,9.0,0.0,5.0,8.0,0.0,8.0,7.585000000000001,0.0,2.25333333333e-05,213.0,30.0,87.0,65.38,1941.0,16.0,4.0,160.0,3.44,2.0,4.0,10.0,0.0,12.0,0.0,5.0,8.0,0.0,8.0,16.69,0.0,2.25333333333e-05,225.0,8.0,43.0,15.9994,54.8,4.0,2.0,66.0,1.54,2.0,0.0,0.0,0.0,3.0,0.0,0.0,0.0,0.0,0.0,9.105,0.0,0.0,12.0,8.0,87.0,15.9994,54.8,16.0,2.0,66.0,3.44,2.0,4.0,0.0,0.0,6.0,0.0,2.0,0.0,0.0,2.0,9.105,0.0,0.0,12.0
1000,Zn0.97Al0.01Ti0.02O,1.877710478,0,Mgaultois/Sparks,Peer-reviewed literature,37.67,155.51999999999998,80.64515538599998,774.8543,27.85,5.99,188.75,5.0874,4.0,4.01,9.739999999999998,0.0,17.75,0.0,2.05,0.16,0.0,2.21,23.1448,0.0,4.50666666666e-07,206.31,18.835,77.75999999999999,40.32257769299999,387.42715,13.925,2.995,94.375,2.5437,2.0,2.005,4.869999999999999,0.0,8.875,0.0,1.025,0.08,0.0,1.105,11.5724,0.0,2.25333333333e-07,103.155,10.89335,9.239999999999998,24.456588083929997,332.62715,2.075,0.995,28.375,0.8963000000000001,0.0,1.9949999999999999,4.976100000000001,0.0,3.03125,0.0,1.0147499999999998,0.1584,0.0,1.07185,2.4674000000000005,0.0,4.4615999999934e-07,91.155,22.0,44.0,49.380599999999994,1886.2,12.0,2.0,94.0,1.9,0.0,4.0,10.0,0.0,9.0,0.0,5.0,8.0,0.0,8.0,7.585000000000001,0.0,2.25333333333e-05,213.0,30.0,87.0,65.38,1941.0,16.0,4.0,160.0,3.44,2.0,4.0,10.0,0.0,12.0,0.0,5.0,8.0,0.0,8.0,16.69,0.0,2.25333333333e-05,225.0,8.0,43.0,15.9994,54.8,4.0,2.0,66.0,1.54,2.0,0.0,0.0,0.0,3.0,0.0,0.0,0.0,0.0,0.0,9.105,0.0,0.0,12.0,8.0,87.0,15.9994,54.8,16.0,2.0,66.0,3.44,2.0,4.0,0.0,0.0,6.0,0.0,2.0,0.0,0.0,2.0,9.105,0.0,0.0,12.0
300,SrTi0.8Nb0.2O3,2.335518047,1,Mgaultois/Sparks,Peer-reviewed literature,87.80000000000001,312.8,192.493076,3317.2000000000003,54.2,15.2,553.8,12.822000000000001,9.8,12.0,2.4000000000000004,0.0,24.2,0.2,6.0,7.6000000000000005,0.0,13.8,98.53299999999999,0.0,1.802666666664e-05,462.00000000000006,17.560000000000002,62.559999999999995,38.498615199999996,663.4399999999999,10.84,3.04,110.75999999999999,2.5644,1.96,2.4,0.48,0.0,4.84,0.04,1.2,1.52,0.0,2.76,19.7066,0.0,3.605333333328e-06,92.39999999999999,11.472000000000001,29.328,26.999058239999997,730.3679999999999,6.192,1.248,53.712,1.05072,0.07680000000000003,1.92,0.768,0.0,1.4047999999999998,0.07680000000000001,0.96,2.4320000000000004,0.0,2.016,13.80936,0.0,6.05695999999104e-06,96.48,33.0,79.0,76.90698,2695.2,14.0,3.0,129.0,2.49,1.0,4.0,4.0,0.0,4.0,1.0,2.0,8.0,0.0,8.0,45.125,0.0,2.25333333333e-05,217.0,41.0,87.0,92.90638,2750.0,16.0,5.0,195.0,3.44,2.0,4.0,4.0,0.0,6.0,1.0,2.0,8.0,0.0,8.0,54.23,0.0,2.25333333333e-05,229.0,8.0,8.0,15.9994,54.8,2.0,2.0,66.0,0.95,1.0,0.0,0.0,0.0,2.0,0.0,0.0,0.0,0.0,0.0,9.105,0.0,0.0,12.0,8.0,87.0,15.9994,54.8,16.0,2.0,66.0,3.44,2.0,4.0,0.0,0.0,6.0,0.0,2.0,0.0,0.0,2.0,9.105,0.0,0.0,12.0
400,SrTi0.8Nb0.2O3,2.342840943,1,Mgaultois/Sparks,Peer-reviewed literature,87.80000000000001,312.8,192.493076,3317.2000000000003,54.2,15.2,553.8,12.822000000000001,9.8,12.0,2.4000000000000004,0.0,24.2,0.2,6.0,7.6000000000000005,0.0,13.8,98.53299999999999,0.0,1.802666666664e-05,462.00000000000006,17.560000000000002,62.559999999999995,38.498615199999996,663.4399999999999,10.84,3.04,110.75999999999999,2.5644,1.96,2.4,0.48,0.0,4.84,0.04,1.2,1.52,0.0,2.76,19.7066,0.0,3.605333333328e-06,92.39999999999999,11.472000000000001,29.328,26.999058239999997,730.3679999999999,6.192,1.248,53.712,1.05072,0.07680000000000003,1.92,0.768,0.0,1.4047999999999998,0.07680000000000001,0.96,2.4320000000000004,0.0,2.016,13.80936,0.0,6.05695999999104e-06,96.48,33.0,79.0,76.90698,2695.2,14.0,3.0,129.0,2.49,1.0,4.0,4.0,0.0,4.0,1.0,2.0,8.0,0.0,8.0,45.125,0.0,2.25333333333e-05,217.0,41.0,87.0,92.90638,2750.0,16.0,5.0,195.0,3.44,2.0,4.0,4.0,0.0,6.0,1.0,2.0,8.0,0.0,8.0,54.23,0.0,2.25333333333e-05,229.0,8.0,8.0,15.9994,54.8,2.0,2.0,66.0,0.95,1.0,0.0,0.0,0.0,2.0,0.0,0.0,0.0,0.0,0.0,9.105,0.0,0.0,12.0,8.0,87.0,15.9994,54.8,16.0,2.0,66.0,3.44,2.0,4.0,0.0,0.0,6.0,0.0,2.0,0.0,0.0,2.0,9.105,0.0,0.0,12.0
700,SrTi0.8Nb0.2O3,2.335854927,1,Mgaultois/Sparks,Peer-reviewed literature,87.80000000000001,312.8,192.493076,3317.2000000000003,54.2,15.2,553.8,12.822000000000001,9.8,12.0,2.4000000000000004,0.0,24.2,0.2,6.0,7.6000000000000005,0.0,13.8,98.53299999999999,0.0,1.802666666664e-05,462.00000000000006,17.560000000000002,62.559999999999995,38.498615199999996,663.4399999999999,10.84,3.04,110.75999999999999,2.5644,1.96,2.4,0.48,0.0,4.84,0.04,1.2,1.52,0.0,2.76,19.7066,0.0,3.605333333328e-06,92.39999999999999,11.472000000000001,29.328,26.999058239999997,730.3679999999999,6.192,1.248,53.712,1.05072,0.07680000000000003,1.92,0.768,0.0,1.4047999999999998,0.07680000000000001,0.96,2.4320000000000004,0.0,2.016,13.80936,0.0,6.05695999999104e-06,96.48,33.0,79.0,76.90698,2695.2,14.0,3.0,129.0,2.49,1.0,4.0,4.0,0.0,4.0,1.0,2.0,8.0,0.0,8.0,45.125,0.0,2.25333333333e-05,217.0,41.0,87.0,92.90638,2750.0,16.0,5.0,195.0,3.44,2.0,4.0,4.0,0.0,6.0,1.0,2.0,8.0,0.0,8.0,54.23,0.0,2.25333333333e-05,229.0,8.0,8.0,15.9994,54.8,2.0,2.0,66.0,0.95,1.0,0.0,0.0,0.0,2.0,0.0,0.0,0.0,0.0,0.0,9.105,0.0,0.0,12.0,8.0,87.0,15.9994,54.8,16.0,2.0,66.0,3.44,2.0,4.0,0.0,0.0,6.0,0.0,2.0,0.0,0.0,2.0,9.105,0.0,0.0,12.0
1000,SrTi0.8Nb0.2O3,2.249790083,1,Mgaultois/Sparks,Peer-reviewed literature,87.80000000000001,312.8,192.493076,3317.2000000000003,54.2,15.2,553.8,12.822000000000001,9.8,12.0,2.4000000000000004,0.0,24.2,0.2,6.0,7.6000000000000005,0.0,13.8,98.53299999999999,0.0,1.802666666664e-05,462.00000000000006,17.560000000000002,62.559999999999995,38.498615199999996,663.4399999999999,10.84,3.04,110.75999999999999,2.5644,1.96,2.4,0.48,0.0,4.84,0.04,1.2,1.52,0.0,2.76,19.7066,0.0,3.605333333328e-06,92.39999999999999,11.472000000000001,29.328,26.999058239999997,730.3679999999999,6.192,1.248,53.712,1.05072,0.07680000000000003,1.92,0.768,0.0,1.4047999999999998,0.07680000000000001,0.96,2.4320000000000004,0.0,2.016,13.80936,0.0,6.05695999999104e-06,96.48,33.0,79.0,76.90698,2695.2,14.0,3.0,129.0,2.49,1.0,4.0,4.0,0.0,4.0,1.0,2.0,8.0,0.0,8.0,45.125,0.0,2.25333333333e-05,217.0,41.0,87.0,92.90638,2750.0,16.0,5.0,195.0,3.44,2.0,4.0,4.0,0.0,6.0,1.0,2.0,8.0,0.0,8.0,54.23,0.0,2.25333333333e-05,229.0,8.0,8.0,15.9994,54.8,2.0,2.0,66.0,0.95,1.0,0.0,0.0,0.0,2.0,0.0,0.0,0.0,0.0,0.0,9.105,0.0,0.0,12.0,8.0,87.0,15.9994,54.8,16.0,2.0,66.0,3.44,2.0,4.0,0.0,0.0,6.0,0.0,2.0,0.0,0.0,2.0,9.105,0.0,0.0,12.0
300,ZnO,0.58552805,0,Mgaultois/Sparks,Peer-reviewed literature,38.0,156.0,81.37939999999999,747.4799999999999,28.0,6.0,188.0,5.09,4.0,4.0,10.0,0.0,18.0,0.0,2.0,0.0,0.0,2.0,23.065,0.0,0.0,206.0,19.0,78.0,40.689699999999995,373.73999999999995,14.0,3.0,94.0,2.545,2.0,2.0,5.0,0.0,9.0,0.0,1.0,0.0,0.0,1.0,11.5325,0.0,0.0,103.0,11.0,9.0,24.690299999999997,318.93999999999994,2.0,1.0,28.0,0.895,0.0,2.0,5.0,0.0,3.0,0.0,1.0,0.0,0.0,1.0,2.4275,0.0,0.0,91.0,22.0,18.0,49.380599999999994,637.88,4.0,2.0,56.0,1.79,0.0,4.0,10.0,0.0,6.0,0.0,2.0,0.0,0.0,2.0,4.855,0.0,0.0,182.0,30.0,87.0,65.38,692.68,16.0,4.0,122.0,3.44,2.0,4.0,10.0,0.0,12.0,0.0,2.0,0.0,0.0,2.0,13.96,0.0,0.0,194.0,8.0,69.0,15.9994,54.8,12.0,2.0,66.0,1.65,2.0,0.0,0.0,0.0,6.0,0.0,0.0,0.0,0.0,0.0,9.105,0.0,0.0,12.0,8.0,69.0,15.9994,54.8,12.0,2.0,66.0,1.65,2.0,0.0,0.0,0.0,6.0,0.0,0.0,0.0,0.0,0.0,9.105,0.0,0.0,12.0
400,ZnO,0.409938769,0,Mgaultois/Sparks,Peer-reviewed literature,38.0,156.0,81.37939999999999,747.4799999999999,28.0,6.0,188.0,5.09,4.0,4.0,10.0,0.0,18.0,0.0,2.0,0.0,0.0,2.0,23.065,0.0,0.0,206.0,19.0,78.0,40.689699999999995,373.73999999999995,14.0,3.0,94.0,2.545,2.0,2.0,5.0,0.0,9.0,0.0,1.0,0.0,0.0,1.0,11.5325,0.0,0.0,103.0,11.0,9.0,24.690299999999997,318.93999999999994,2.0,1.0,28.0,0.895,0.0,2.0,5.0,0.0,3.0,0.0,1.0,0.0,0.0,1.0,2.4275,0.0,0.0,91.0,22.0,18.0,49.380599999999994,637.88,4.0,2.0,56.0,1.79,0.0,4.0,10.0,0.0,6.0,0.0,2.0,0.0,0.0,2.0,4.855,0.0,0.0,182.0,30.0,87.0,65.38,692.68,16.0,4.0,122.0,3.44,2.0,4.0,10.0,0.0,12.0,0.0,2.0,0.0,0.0,2.0,13.96,0.0,0.0,194.0,8.0,69.0,15.9994,54.8,12.0,2.0,66.0,1.65,2.0,0.0,0.0,0.0,6.0,0.0,0.0,0.0,0.0,0.0,9.105,0.0,0.0,12.0,8.0,69.0,15.9994,54.8,12.0,2.0,66.0,1.65,2.0,0.0,0.0,0.0,6.0,0.0,0.0,0.0,0.0,0.0,9.105,0.0,0.0,12.0
700,ZnO,-0.251881455,0,Mgaultois/Sparks,Peer-reviewed literature,38.0,156.0,81.37939999999999,747.4799999999999,28.0,6.0,188.0,5.09,4.0,4.0,10.0,0.0,18.0,0.0,2.0,0.0,0.0,2.0,23.065,0.0,0.0,206.0,19.0,78.0,40.689699999999995,373.73999999999995,14.0,3.0,94.0,2.545,2.0,2.0,5.0,0.0,9.0,0.0,1.0,0.0,0.0,1.0,11.5325,0.0,0.0,103.0,11.0,9.0,24.690299999999997,318.93999999999994,2.0,1.0,28.0,0.895,0.0,2.0,5.0,0.0,3.0,0.0,1.0,0.0,0.0,1.0,2.4275,0.0,0.0,91.0,22.0,18.0,49.380599999999994,637.88,4.0,2.0,56.0,1.79,0.0,4.0,10.0,0.0,6.0,0.0,2.0,0.0,0.0,2.0,4.855,0.0,0.0,182.0,30.0,87.0,65.38,692.68,16.0,4.0,122.0,3.44,2.0,4.0,10.0,0.0,12.0,0.0,2.0,0.0,0.0,2.0,13.96,0.0,0.0,194.0,8.0,69.0,15.9994,54.8,12.0,2.0,66.0,1.65,2.0,0.0,0.0,0.0,6.0,0.0,0.0,0.0,0.0,0.0,9.105,0.0,0.0,12.0,8.0,69.0,15.9994,54.8,12.0,2.0,66.0,1.65,2.0,0.0,0.0,0.0,6.0,0.0,0.0,0.0,0.0,0.0,9.105,0.0,0.0,12.0
1000,ZnO,-0.472756449,0,Mgaultois/Sparks,Peer-reviewed literature,38.0,156.0,81.37939999999999,747.4799999999999,28.0,6.0,188.0,5.09,4.0,4.0,10.0,0.0,18.0,0.0,2.0,0.0,0.0,2.0,23.065,0.0,0.0,206.0,19.0,78.0,40.689699999999995,373.73999999999995,14.0,3.0,94.0,2.545,2.0,2.0,5.0,0.0,9.0,0.0,1.0,0.0,0.0,1.0,11.5325,0.0,0.0,103.0,11.0,9.0,24.690299999999997,318.93999999999994,2.0,1.0,28.0,0.895,0.0,2.0,5.0,0.0,3.0,0.0,1.0,0.0,0.0,1.0,2.4275,0.0,0.0,91.0,22.0,18.0,49.380599999999994,637.88,4.0,2.0,56.0,1.79,0.0,4.0,10.0,0.0,6.0,0.0,2.0,0.0,0.0,2.0,4.855,0.0,0.0,182.0,30.0,87.0,65.38,692.68,16.0,4.0,122.0,3.44,2.0,4.0,10.0,0.0,12.0,0.0,2.0,0.0,0.0,2.0,13.96,0.0,0.0,194.0,8.0,69.0,15.9994,54.8,12.0,2.0,66.0,1.65,2.0,0.0,0.0,0.0,6.0,0.0,0.0,0.0,0.0,0.0,9.105,0.0,0.0,12.0,8.0,69.0,15.9994,54.8,12.0,2.0,66.0,1.65,2.0,0.0,0.0,0.0,6.0,0.0,0.0,0.0,0.0,0.0,9.105,0.0,0.0,12.0
300,SrNb0.15Ti0.85O3,-0.700449121,0,Mgaultois/Sparks,Peer-reviewed literature,86.85,312.6,190.241107,3276.75,54.15,15.15,553.6,12.818999999999999,9.85,12.0,2.3,0.0,24.15,0.15,6.0,7.699999999999999,0.0,13.85,98.45849999999999,0.0,1.9153333333305e-05,460.25,17.37,62.519999999999996,38.0482214,655.35,10.83,3.03,110.72,2.5638,1.97,2.4,0.45999999999999996,0.0,4.83,0.03,1.2,1.5399999999999998,0.0,2.7699999999999996,19.6917,0.0,3.8306666666609995e-06,92.05,11.244,29.376,26.45858568,720.6600000000001,6.204,1.236,53.664,1.05144,0.05820000000000003,1.92,0.736,0.0,1.4142000000000001,0.0582,0.96,2.4639999999999995,0.0,2.0319999999999996,13.81532,0.0,6.35890666665726e-06,96.06,33.0,79.0,76.90698,2695.2,14.0,3.0,129.0,2.49,1.0,4.0,4.0,0.0,4.0,1.0,2.0,8.0,0.0,8.0,45.125,0.0,2.25333333333e-05,217.0,41.0,87.0,92.90638,2750.0,16.0,5.0,195.0,3.44,2.0,4.0,4.0,0.0,6.0,1.0,2.0,8.0,0.0,8.0,54.23,0.0,2.25333333333e-05,229.0,8.0,8.0,15.9994,54.8,2.0,2.0,66.0,0.95,1.0,0.0,0.0,0.0,2.0,0.0,0.0,0.0,0.0,0.0,9.105,0.0,0.0,12.0,8.0,87.0,15.9994,54.8,16.0,2.0,66.0,3.44,2.0,4.0,0.0,0.0,6.0,0.0,2.0,0.0,0.0,2.0,9.105,0.0,0.0,12.0
400,SrNb0.15Ti0.85O3,0.425416827,0,Mgaultois/Sparks,Peer-reviewed literature,86.85,312.6,190.241107,3276.75,54.15,15.15,553.6,12.818999999999999,9.85,12.0,2.3,0.0,24.15,0.15,6.0,7.699999999999999,0.0,13.85,98.45849999999999,0.0,1.9153333333305e-05,460.25,17.37,62.519999999999996,38.0482214,655.35,10.83,3.03,110.72,2.5638,1.97,2.4,0.45999999999999996,0.0,4.83,0.03,1.2,1.5399999999999998,0.0,2.7699999999999996,19.6917,0.0,3.8306666666609995e-06,92.05,11.244,29.376,26.45858568,720.6600000000001,6.204,1.236,53.664,1.05144,0.05820000000000003,1.92,0.736,0.0,1.4142000000000001,0.0582,0.96,2.4639999999999995,0.0,2.0319999999999996,13.81532,0.0,6.35890666665726e-06,96.06,33.0,79.0,76.90698,2695.2,14.0,3.0,129.0,2.49,1.0,4.0,4.0,0.0,4.0,1.0,2.0,8.0,0.0,8.0,45.125,0.0,2.25333333333e-05,217.0,41.0,87.0,92.90638,2750.0,16.0,5.0,195.0,3.44,2.0,4.0,4.0,0.0,6.0,1.0,2.0,8.0,0.0,8.0,54.23,0.0,2.25333333333e-05,229.0,8.0,8.0,15.9994,54.8,2.0,2.0,66.0,0.95,1.0,0.0,0.0,0.0,2.0,0.0,0.0,0.0,0.0,0.0,9.105,0.0,0.0,12.0,8.0,87.0,15.9994,54.8,16.0,2.0,66.0,3.44,2.0,4.0,0.0,0.0,6.0,0.0,2.0,0.0,0.0,2.0,9.105,0.0,0.0,12.0
700,SrNb0.15Ti0.85O3,1.258177363,0,Mgaultois/Sparks,Peer-reviewed literature,86.85,312.6,190.241107,3276.75,54.15,15.15,553.6,12.818999999999999,9.85,12.0,2.3,0.0,24.15,0.15,6.0,7.699999999999999,0.0,13.85,98.45849999999999,0.0,1.9153333333305e-05,460.25,17.37,62.519999999999996,38.0482214,655.35,10.83,3.03,110.72,2.5638,1.97,2.4,0.45999999999999996,0.0,4.83,0.03,1.2,1.5399999999999998,0.0,2.7699999999999996,19.6917,0.0,3.8306666666609995e-06,92.05,11.244,29.376,26.45858568,720.6600000000001,6.204,1.236,53.664,1.05144,0.05820000000000003,1.92,0.736,0.0,1.4142000000000001,0.0582,0.96,2.4639999999999995,0.0,2.0319999999999996,13.81532,0.0,6.35890666665726e-06,96.06,33.0,79.0,76.90698,2695.2,14.0,3.0,129.0,2.49,1.0,4.0,4.0,0.0,4.0,1.0,2.0,8.0,0.0,8.0,45.125,0.0,2.25333333333e-05,217.0,41.0,87.0,92.90638,2750.0,16.0,5.0,195.0,3.44,2.0,4.0,4.0,0.0,6.0,1.0,2.0,8.0,0.0,8.0,54.23,0.0,2.25333333333e-05,229.0,8.0,8.0,15.9994,54.8,2.0,2.0,66.0,0.95,1.0,0.0,0.0,0.0,2.0,0.0,0.0,0.0,0.0,0.0,9.105,0.0,0.0,12.0,8.0,87.0,15.9994,54.8,16.0,2.0,66.0,3.44,2.0,4.0,0.0,0.0,6.0,0.0,2.0,0.0,0.0,2.0,9.105,0.0,0.0,12.0
1000,SrNb0.15Ti0.85O3,1.612154208,0,Mgaultois/Sparks,Peer-reviewed literature,86.85,312.6,190.241107,3276.75,54.15,15.15,553.6,12.818999999999999,9.85,12.0,2.3,0.0,24.15,0.15,6.0,7.699999999999999,0.0,13.85,98.45849999999999,0.0,1.9153333333305e-05,460.25,17.37,62.519999999999996,38.0482214,655.35,10.83,3.03,110.72,2.5638,1.97,2.4,0.45999999999999996,0.0,4.83,0.03,1.2,1.5399999999999998,0.0,2.7699999999999996,19.6917,0.0,3.8306666666609995e-06,92.05,11.244,29.376,26.45858568,720.6600000000001,6.204,1.236,53.664,1.05144,0.05820000000000003,1.92,0.736,0.0,1.4142000000000001,0.0582,0.96,2.4639999999999995,0.0,2.0319999999999996,13.81532,0.0,6.35890666665726e-06,96.06,33.0,79.0,76.90698,2695.2,14.0,3.0,129.0,2.49,1.0,4.0,4.0,0.0,4.0,1.0,2.0,8.0,0.0,8.0,45.125,0.0,2.25333333333e-05,217.0,41.0,87.0,92.90638,2750.0,16.0,5.0,195.0,3.44,2.0,4.0,4.0,0.0,6.0,1.0,2.0,8.0,0.0,8.0,54.23,0.0,2.25333333333e-05,229.0,8.0,8.0,15.9994,54.8,2.0,2.0,66.0,0.95,1.0,0.0,0.0,0.0,2.0,0.0,0.0,0.0,0.0,0.0,9.105,0.0,0.0,12.0,8.0,87.0,15.9994,54.8,16.0,2.0,66.0,3.44,2.0,4.0,0.0,0.0,6.0,0.0,2.0,0.0,0.0,2.0,9.105,0.0,0.0,12.0
300,Ca3Co4O9,2.705313376,0,Mgaultois/Sparks,Peer-reviewed literature,240.0,1036.0,499.96137999999996,10910.2,186.0,46.0,1626.0,41.480000000000004,32.0,36.0,28.0,0.0,96.0,0.0,18.0,12.0,0.0,30.0,236.235,0.0,6.1938848,1559.0,15.0,64.75,31.247586249999998,681.8875,11.625,2.875,101.625,2.5925000000000002,2.0,2.25,1.75,0.0,6.0,0.0,1.125,0.75,0.0,1.875,14.7646875,0.0,0.3871178,97.4375,7.875,25.03125,17.15420953125,705.4734375,4.921875,0.984375,40.078125,0.9534374999999999,0.0,1.96875,2.625,0.0,1.5,0.0,0.984375,1.125,0.0,0.703125,8.6269921875,0.0,0.5806767,96.1171875,19.0,80.0,42.933794999999996,1713.2,14.0,2.0,110.0,2.44,0.0,4.0,7.0,0.0,7.0,0.0,2.0,3.0,0.0,3.0,28.665000000000003,0.0,1.5484712,213.0,27.0,87.0,58.933195,1768.0,16.0,4.0,176.0,3.44,2.0,4.0,7.0,0.0,9.0,0.0,2.0,3.0,0.0,3.0,37.77,0.0,1.5484712,225.0,8.0,7.0,15.9994,54.8,2.0,2.0,66.0,1.0,2.0,0.0,0.0,0.0,2.0,0.0,0.0,0.0,0.0,0.0,9.105,0.0,0.0,12.0,8.0,87.0,15.9994,54.8,16.0,2.0,66.0,3.44,2.0,4.0,0.0,0.0,6.0,0.0,2.0,0.0,0.0,2.0,9.105,0.0,0.0,12.0
400,Ca3Co4O9,2.663140179,0,Mgaultois/Sparks,Peer-reviewed literature,240.0,1036.0,499.96137999999996,10910.2,186.0,46.0,1626.0,41.480000000000004,32.0,36.0,28.0,0.0,96.0,0.0,18.0,12.0,0.0,30.0,236.235,0.0,6.1938848,1559.0,15.0,64.75,31.247586249999998,681.8875,11.625,2.875,101.625,2.5925000000000002,2.0,2.25,1.75,0.0,6.0,0.0,1.125,0.75,0.0,1.875,14.7646875,0.0,0.3871178,97.4375,7.875,25.03125,17.15420953125,705.4734375,4.921875,0.984375,40.078125,0.9534374999999999,0.0,1.96875,2.625,0.0,1.5,0.0,0.984375,1.125,0.0,0.703125,8.6269921875,0.0,0.5806767,96.1171875,19.0,80.0,42.933794999999996,1713.2,14.0,2.0,110.0,2.44,0.0,4.0,7.0,0.0,7.0,0.0,2.0,3.0,0.0,3.0,28.665000000000003,0.0,1.5484712,213.0,27.0,87.0,58.933195,1768.0,16.0,4.0,176.0,3.44,2.0,4.0,7.0,0.0,9.0,0.0,2.0,3.0,0.0,3.0,37.77,0.0,1.5484712,225.0,8.0,7.0,15.9994,54.8,2.0,2.0,66.0,1.0,2.0,0.0,0.0,0.0,2.0,0.0,0.0,0.0,0.0,0.0,9.105,0.0,0.0,12.0,8.0,87.0,15.9994,54.8,16.0,2.0,66.0,3.44,2.0,4.0,0.0,0.0,6.0,0.0,2.0,0.0,0.0,2.0,9.105,0.0,0.0,12.0
700,Ca3Co4O9,2.635824367,0,Mgaultois/Sparks,Peer-reviewed literature,240.0,1036.0,499.96137999999996,10910.2,186.0,46.0,1626.0,41.480000000000004,32.0,36.0,28.0,0.0,96.0,0.0,18.0,12.0,0.0,30.0,236.235,0.0,6.1938848,1559.0,15.0,64.75,31.247586249999998,681.8875,11.625,2.875,101.625,2.5925000000000002,2.0,2.25,1.75,0.0,6.0,0.0,1.125,0.75,0.0,1.875,14.7646875,0.0,0.3871178,97.4375,7.875,25.03125,17.15420953125,705.4734375,4.921875,0.984375,40.078125,0.9534374999999999,0.0,1.96875,2.625,0.0,1.5,0.0,0.984375,1.125,0.0,0.703125,8.6269921875,0.0,0.5806767,96.1171875,19.0,80.0,42.933794999999996,1713.2,14.0,2.0,110.0,2.44,0.0,4.0,7.0,0.0,7.0,0.0,2.0,3.0,0.0,3.0,28.665000000000003,0.0,1.5484712,213.0,27.0,87.0,58.933195,1768.0,16.0,4.0,176.0,3.44,2.0,4.0,7.0,0.0,9.0,0.0,2.0,3.0,0.0,3.0,37.77,0.0,1.5484712,225.0,8.0,7.0,15.9994,54.8,2.0,2.0,66.0,1.0,2.0,0.0,0.0,0.0,2.0,0.0,0.0,0.0,0.0,0.0,9.105,0.0,0.0,12.0,8.0,87.0,15.9994,54.8,16.0,2.0,66.0,3.44,2.0,4.0,0.0,0.0,6.0,0.0,2.0,0.0,0.0,2.0,9.105,0.0,0.0,12.0
1000,Ca3Co4O9,2.643782866,0,Mgaultois/Sparks,Peer-reviewed literature,240.0,1036.0,499.96137999999996,10910.2,186.0,46.0,1626.0,41.480000000000004,32.0,36.0,28.0,0.0,96.0,0.0,18.0,12.0,0.0,30.0,236.235,0.0,6.1938848,1559.0,15.0,64.75,31.247586249999998,681.8875,11.625,2.875,101.625,2.5925000000000002,2.0,2.25,1.75,0.0,6.0,0.0,1.125,0.75,0.0,1.875,14.7646875,0.0,0.3871178,97.4375,7.875,25.03125,17.15420953125,705.4734375,4.921875,0.984375,40.078125,0.9534374999999999,0.0,1.96875,2.625,0.0,1.5,0.0,0.984375,1.125,0.0,0.703125,8.6269921875,0.0,0.5806767,96.1171875,19.0,80.0,42.933794999999996,1713.2,14.0,2.0,110.0,2.44,0.0,4.0,7.0,0.0,7.0,0.0,2.0,3.0,0.0,3.0,28.665000000000003,0.0,1.5484712,213.0,27.0,87.0,58.933195,1768.0,16.0,4.0,176.0,3.44,2.0,4.0,7.0,0.0,9.0,0.0,2.0,3.0,0.0,3.0,37.77,0.0,1.5484712,225.0,8.0,7.0,15.9994,54.8,2.0,2.0,66.0,1.0,2.0,0.0,0.0,0.0,2.0,0.0,0.0,0.0,0.0,0.0,9.105,0.0,0.0,12.0,8.0,87.0,15.9994,54.8,16.0,2.0,66.0,3.44,2.0,4.0,0.0,0.0,6.0,0.0,2.0,0.0,0.0,2.0,9.105,0.0,0.0,12.0
300,Ca3Co4O9,1.971835581,0,Mgaultois/Sparks,Peer-reviewed literature,240.0,1036.0,499.96137999999996,10910.2,186.0,46.0,1626.0,41.480000000000004,32.0,36.0,28.0,0.0,96.0,0.0,18.0,12.0,0.0,30.0,236.235,0.0,6.1938848,1559.0,15.0,64.75,31.247586249999998,681.8875,11.625,2.875,101.625,2.5925000000000002,2.0,2.25,1.75,0.0,6.0,0.0,1.125,0.75,0.0,1.875,14.7646875,0.0,0.3871178,97.4375,7.875,25.03125,17.15420953125,705.4734375,4.921875,0.984375,40.078125,0.9534374999999999,0.0,1.96875,2.625,0.0,1.5,0.0,0.984375,1.125,0.0,0.703125,8.6269921875,0.0,0.5806767,96.1171875,19.0,80.0,42.933794999999996,1713.2,14.0,2.0,110.0,2.44,0.0,4.0,7.0,0.0,7.0,0.0,2.0,3.0,0.0,3.0,28.665000000000003,0.0,1.5484712,213.0,27.0,87.0,58.933195,1768.0,16.0,4.0,176.0,3.44,2.0,4.0,7.0,0.0,9.0,0.0,2.0,3.0,0.0,3.0,37.77,0.0,1.5484712,225.0,8.0,7.0,15.9994,54.8,2.0,2.0,66.0,1.0,2.0,0.0,0.0,0.0,2.0,0.0,0.0,0.0,0.0,0.0,9.105,0.0,0.0,12.0,8.0,87.0,15.9994,54.8,16.0,2.0,66.0,3.44,2.0,4.0,0.0,0.0,6.0,0.0,2.0,0.0,0.0,2.0,9.105,0.0,0.0,12.0
400,Ca3Co4O9,1.950007143,0,Mgaultois/Sparks,Peer-reviewed literature,240.0,1036.0,499.96137999999996,10910.2,186.0,46.0,1626.0,41.480000000000004,32.0,36.0,28.0,0.0,96.0,0.0,18.0,12.0,0.0,30.0,236.235,0.0,6.1938848,1559.0,15.0,64.75,31.247586249999998,681.8875,11.625,2.875,101.625,2.5925000000000002,2.0,2.25,1.75,0.0,6.0,0.0,1.125,0.75,0.0,1.875,14.7646875,0.0,0.3871178,97.4375,7.875,25.03125,17.15420953125,705.4734375,4.921875,0.984375,40.078125,0.9534374999999999,0.0,1.96875,2.625,0.0,1.5,0.0,0.984375,1.125,0.0,0.703125,8.6269921875,0.0,0.5806767,96.1171875,19.0,80.0,42.933794999999996,1713.2,14.0,2.0,110.0,2.44,0.0,4.0,7.0,0.0,7.0,0.0,2.0,3.0,0.0,3.0,28.665000000000003,0.0,1.5484712,213.0,27.0,87.0,58.933195,1768.0,16.0,4.0,176.0,3.44,2.0,4.0,7.0,0.0,9.0,0.0,2.0,3.0,0.0,3.0,37.77,0.0,1.5484712,225.0,8.0,7.0,15.9994,54.8,2.0,2.0,66.0,1.0,2.0,0.0,0.0,0.0,2.0,0.0,0.0,0.0,0.0,0.0,9.105,0.0,0.0,12.0,8.0,87.0,15.9994,54.8,16.0,2.0,66.0,3.44,2.0,4.0,0.0,0.0,6.0,0.0,2.0,0.0,0.0,2.0,9.105,0.0,0.0,12.0
700,Ca3Co4O9,2.004320939,0,Mgaultois/Sparks,Peer-reviewed literature,240.0,1036.0,499.96137999999996,10910.2,186.0,46.0,1626.0,41.480000000000004,32.0,36.0,28.0,0.0,96.0,0.0,18.0,12.0,0.0,30.0,236.235,0.0,6.1938848,1559.0,15.0,64.75,31.247586249999998,681.8875,11.625,2.875,101.625,2.5925000000000002,2.0,2.25,1.75,0.0,6.0,0.0,1.125,0.75,0.0,1.875,14.7646875,0.0,0.3871178,97.4375,7.875,25.03125,17.15420953125,705.4734375,4.921875,0.984375,40.078125,0.9534374999999999,0.0,1.96875,2.625,0.0,1.5,0.0,0.984375,1.125,0.0,0.703125,8.6269921875,0.0,0.5806767,96.1171875,19.0,80.0,42.933794999999996,1713.2,14.0,2.0,110.0,2.44,0.0,4.0,7.0,0.0,7.0,0.0,2.0,3.0,0.0,3.0,28.665000000000003,0.0,1.5484712,213.0,27.0,87.0,58.933195,1768.0,16.0,4.0,176.0,3.44,2.0,4.0,7.0,0.0,9.0,0.0,2.0,3.0,0.0,3.0,37.77,0.0,1.5484712,225.0,8.0,7.0,15.9994,54.8,2.0,2.0,66.0,1.0,2.0,0.0,0.0,0.0,2.0,0.0,0.0,0.0,0.0,0.0,9.105,0.0,0.0,12.0,8.0,87.0,15.9994,54.8,16.0,2.0,66.0,3.44,2.0,4.0,0.0,0.0,6.0,0.0,2.0,0.0,0.0,2.0,9.105,0.0,0.0,12.0
1000,Ca3Co4O9,2.0473044,0,Mgaultois/Sparks,Peer-reviewed literature,240.0,1036.0,499.96137999999996,10910.2,186.0,46.0,1626.0,41.480000000000004,32.0,36.0,28.0,0.0,96.0,0.0,18.0,12.0,0.0,30.0,236.235,0.0,6.1938848,1559.0,15.0,64.75,31.247586249999998,681.8875,11.625,2.875,101.625,2.5925000000000002,2.0,2.25,1.75,0.0,6.0,0.0,1.125,0.75,0.0,1.875,14.7646875,0.0,0.3871178,97.4375,7.875,25.03125,17.15420953125,705.4734375,4.921875,0.984375,40.078125,0.9534374999999999,0.0,1.96875,2.625,0.0,1.5,0.0,0.984375,1.125,0.0,0.703125,8.6269921875,0.0,0.5806767,96.1171875,19.0,80.0,42.933794999999996,1713.2,14.0,2.0,110.0,2.44,0.0,4.0,7.0,0.0,7.0,0.0,2.0,3.0,0.0,3.0,28.665000000000003,0.0,1.5484712,213.0,27.0,87.0,58.933195,1768.0,16.0,4.0,176.0,3.44,2.0,4.0,7.0,0.0,9.0,0.0,2.0,3.0,0.0,3.0,37.77,0.0,1.5484712,225.0,8.0,7.0,15.9994,54.8,2.0,2.0,66.0,1.0,2.0,0.0,0.0,0.0,2.0,0.0,0.0,0.0,0.0,0.0,9.105,0.0,0.0,12.0,8.0,87.0,15.9994,54.8,16.0,2.0,66.0,3.44,2.0,4.0,0.0,0.0,6.0,0.0,2.0,0.0,0.0,2.0,9.105,0.0,0.0,12.0
300,Ca2.7Na0.3Co4O9,2.089909454,0,Mgaultois/Sparks,Peer-reviewed literature,237.3,1034.5,494.834910784,10686.961000000001,185.7,45.7,1623.0,41.459,31.7,36.0,28.0,0.0,95.7,0.3,18.0,12.0,0.0,30.3,233.67699999999002,0.0,6.1938848,1560.2,14.83125,64.65625,30.927181924,667.9350625000001,11.60625,2.85625,101.4375,2.5911875,1.98125,2.25,1.75,0.0,5.98125,0.01875,1.125,0.75,0.0,1.89375,14.604812499999376,0.0,0.3871178,97.5125,7.828828125,25.13671875,17.09140763865,700.91688515625,4.94296875,0.9632812500000001,39.8671875,0.9549140624999999,0.03679687500000005,1.96875,2.625,0.0,1.53046875,0.036796875,0.984375,1.125,0.0,0.67265625,8.367195312498986,0.0,0.5806767,96.2015625,19.0,85.0,42.933794999999996,1713.2,15.0,2.0,110.0,2.51,1.0,4.0,7.0,0.0,8.0,1.0,2.0,3.0,0.0,3.0,28.665000000000003,0.0,1.5484712,217.0,27.0,87.0,58.933195,1768.0,16.0,4.0,176.0,3.44,2.0,4.0,7.0,0.0,9.0,1.0,2.0,3.0,0.0,3.0,37.77,0.0,1.5484712,229.0,8.0,2.0,15.9994,54.8,1.0,2.0,66.0,0.93,1.0,0.0,0.0,0.0,1.0,0.0,0.0,0.0,0.0,0.0,9.105,0.0,0.0,12.0,8.0,87.0,15.9994,54.8,16.0,2.0,66.0,3.44,2.0,4.0,0.0,0.0,6.0,0.0,2.0,0.0,0.0,2.0,9.105,0.0,0.0,12.0
400,Ca2.7Na0.3Co4O9,2.276216063,0,Mgaultois/Sparks,Peer-reviewed literature,237.3,1034.5,494.834910784,10686.961000000001,185.7,45.7,1623.0,41.459,31.7,36.0,28.0,0.0,95.7,0.3,18.0,12.0,0.0,30.3,233.67699999999002,0.0,6.1938848,1560.2,14.83125,64.65625,30.927181924,667.9350625000001,11.60625,2.85625,101.4375,2.5911875,1.98125,2.25,1.75,0.0,5.98125,0.01875,1.125,0.75,0.0,1.89375,14.604812499999376,0.0,0.3871178,97.5125,7.828828125,25.13671875,17.09140763865,700.91688515625,4.94296875,0.9632812500000001,39.8671875,0.9549140624999999,0.03679687500000005,1.96875,2.625,0.0,1.53046875,0.036796875,0.984375,1.125,0.0,0.67265625,8.367195312498986,0.0,0.5806767,96.2015625,19.0,85.0,42.933794999999996,1713.2,15.0,2.0,110.0,2.51,1.0,4.0,7.0,0.0,8.0,1.0,2.0,3.0,0.0,3.0,28.665000000000003,0.0,1.5484712,217.0,27.0,87.0,58.933195,1768.0,16.0,4.0,176.0,3.44,2.0,4.0,7.0,0.0,9.0,1.0,2.0,3.0,0.0,3.0,37.77,0.0,1.5484712,229.0,8.0,2.0,15.9994,54.8,1.0,2.0,66.0,0.93,1.0,0.0,0.0,0.0,1.0,0.0,0.0,0.0,0.0,0.0,9.105,0.0,0.0,12.0,8.0,87.0,15.9994,54.8,16.0,2.0,66.0,3.44,2.0,4.0,0.0,0.0,6.0,0.0,2.0,0.0,0.0,2.0,9.105,0.0,0.0,12.0
700,Ca2.7Na0.3Co4O9,2.096584414,0,Mgaultois/Sparks,Peer-reviewed literature,237.3,1034.5,494.834910784,10686.961000000001,185.7,45.7,1623.0,41.459,31.7,36.0,28.0,0.0,95.7,0.3,18.0,12.0,0.0,30.3,233.67699999999002,0.0,6.1938848,1560.2,14.83125,64.65625,30.927181924,667.9350625000001,11.60625,2.85625,101.4375,2.5911875,1.98125,2.25,1.75,0.0,5.98125,0.01875,1.125,0.75,0.0,1.89375,14.604812499999376,0.0,0.3871178,97.5125,7.828828125,25.13671875,17.09140763865,700.91688515625,4.94296875,0.9632812500000001,39.8671875,0.9549140624999999,0.03679687500000005,1.96875,2.625,0.0,1.53046875,0.036796875,0.984375,1.125,0.0,0.67265625,8.367195312498986,0.0,0.5806767,96.2015625,19.0,85.0,42.933794999999996,1713.2,15.0,2.0,110.0,2.51,1.0,4.0,7.0,0.0,8.0,1.0,2.0,3.0,0.0,3.0,28.665000000000003,0.0,1.5484712,217.0,27.0,87.0,58.933195,1768.0,16.0,4.0,176.0,3.44,2.0,4.0,7.0,0.0,9.0,1.0,2.0,3.0,0.0,3.0,37.77,0.0,1.5484712,229.0,8.0,2.0,15.9994,54.8,1.0,2.0,66.0,0.93,1.0,0.0,0.0,0.0,1.0,0.0,0.0,0.0,0.0,0.0,9.105,0.0,0.0,12.0,8.0,87.0,15.9994,54.8,16.0,2.0,66.0,3.44,2.0,4.0,0.0,0.0,6.0,0.0,2.0,0.0,0.0,2.0,9.105,0.0,0.0,12.0
1000,Ca2.7Na0.3Co4O9,2.13768969,0,Mgaultois/Sparks,Peer-reviewed literature,237.3,1034.5,494.834910784,10686.961000000001,185.7,45.7,1623.0,41.459,31.7,36.0,28.0,0.0,95.7,0.3,18.0,12.0,0.0,30.3,233.67699999999002,0.0,6.1938848,1560.2,14.83125,64.65625,30.927181924,667.9350625000001,11.60625,2.85625,101.4375,2.5911875,1.98125,2.25,1.75,0.0,5.98125,0.01875,1.125,0.75,0.0,1.89375,14.604812499999376,0.0,0.3871178,97.5125,7.828828125,25.13671875,17.09140763865,700.91688515625,4.94296875,0.9632812500000001,39.8671875,0.9549140624999999,0.03679687500000005,1.96875,2.625,0.0,1.53046875,0.036796875,0.984375,1.125,0.0,0.67265625,8.367195312498986,0.0,0.5806767,96.2015625,19.0,85.0,42.933794999999996,1713.2,15.0,2.0,110.0,2.51,1.0,4.0,7.0,0.0,8.0,1.0,2.0,3.0,0.0,3.0,28.665000000000003,0.0,1.5484712,217.0,27.0,87.0,58.933195,1768.0,16.0,4.0,176.0,3.44,2.0,4.0,7.0,0.0,9.0,1.0,2.0,3.0,0.0,3.0,37.77,0.0,1.5484712,229.0,8.0,2.0,15.9994,54.8,1.0,2.0,66.0,0.93,1.0,0.0,0.0,0.0,1.0,0.0,0.0,0.0,0.0,0.0,9.105,0.0,0.0,12.0,8.0,87.0,15.9994,54.8,16.0,2.0,66.0,3.44,2.0,4.0,0.0,0.0,6.0,0.0,2.0,0.0,0.0,2.0,9.105,0.0,0.0,12.0
300,Ca2.7Bi0.3Co4O9,1.98505965,0,Mgaultois/Sparks,Peer-reviewed literature,258.9,1059.7,550.6321,10739.02,189.9,46.6,1617.6,41.786,32.0,36.9,31.0,4.2,104.1,0.0,18.9,12.0,0.0,30.9,234.78900000000004,0.0,6.1938848,1495.1,16.18125,66.23125,34.41450625,671.18875,11.86875,2.9125,101.1,2.611625,2.0,2.30625,1.9375,0.2625,6.50625,0.0,1.18125,0.75,0.0,1.93125,14.674312500000003,0.0,0.3871178,93.44375,9.20390625,24.106171875,20.71699453125,698.191921875,4.7650781250000005,1.0265624999999998,39.4875,0.931921875,0.0,1.9314843750000001,2.83359375,0.51515625,2.090390625,0.0,0.9892968750000001,1.125,0.0,0.651796875,8.480132812500003,0.0,0.5806767,94.67835937500001,75.0,80.0,192.981,1713.2,14.0,4.0,110.0,2.44,0.0,4.0,10.0,14.0,27.0,0.0,3.0,3.0,0.0,3.0,28.665000000000003,0.0,1.5484712,213.0,83.0,87.0,208.9804,1768.0,16.0,6.0,176.0,3.44,2.0,4.0,10.0,14.0,29.0,0.0,3.0,3.0,0.0,3.0,37.77,0.0,1.5484712,225.0,8.0,7.0,15.9994,54.8,2.0,2.0,66.0,1.0,2.0,0.0,0.0,0.0,2.0,0.0,0.0,0.0,0.0,0.0,9.105,0.0,0.0,12.0,8.0,87.0,15.9994,54.8,16.0,2.0,66.0,3.44,2.0,4.0,0.0,0.0,6.0,0.0,2.0,0.0,0.0,2.0,9.105,0.0,0.0,12.0
400,Ca2.7Bi0.3Co4O9,1.993277308,0,Mgaultois/Sparks,Peer-reviewed literature,258.9,1059.7,550.6321,10739.02,189.9,46.6,1617.6,41.786,32.0,36.9,31.0,4.2,104.1,0.0,18.9,12.0,0.0,30.9,234.78900000000004,0.0,6.1938848,1495.1,16.18125,66.23125,34.41450625,671.18875,11.86875,2.9125,101.1,2.611625,2.0,2.30625,1.9375,0.2625,6.50625,0.0,1.18125,0.75,0.0,1.93125,14.674312500000003,0.0,0.3871178,93.44375,9.20390625,24.106171875,20.71699453125,698.191921875,4.7650781250000005,1.0265624999999998,39.4875,0.931921875,0.0,1.9314843750000001,2.83359375,0.51515625,2.090390625,0.0,0.9892968750000001,1.125,0.0,0.651796875,8.480132812500003,0.0,0.5806767,94.67835937500001,75.0,80.0,192.981,1713.2,14.0,4.0,110.0,2.44,0.0,4.0,10.0,14.0,27.0,0.0,3.0,3.0,0.0,3.0,28.665000000000003,0.0,1.5484712,213.0,83.0,87.0,208.9804,1768.0,16.0,6.0,176.0,3.44,2.0,4.0,10.0,14.0,29.0,0.0,3.0,3.0,0.0,3.0,37.77,0.0,1.5484712,225.0,8.0,7.0,15.9994,54.8,2.0,2.0,66.0,1.0,2.0,0.0,0.0,0.0,2.0,0.0,0.0,0.0,0.0,0.0,9.105,0.0,0.0,12.0,8.0,87.0,15.9994,54.8,16.0,2.0,66.0,3.44,2.0,4.0,0.0,0.0,6.0,0.0,2.0,0.0,0.0,2.0,9.105,0.0,0.0,12.0
700,Ca2.7Bi0.3Co4O9,2.041197297,0,Mgaultois/Sparks,Peer-reviewed literature,258.9,1059.7,550.6321,10739.02,189.9,46.6,1617.6,41.786,32.0,36.9,31.0,4.2,104.1,0.0,18.9,12.0,0.0,30.9,234.78900000000004,0.0,6.1938848,1495.1,16.18125,66.23125,34.41450625,671.18875,11.86875,2.9125,101.1,2.611625,2.0,2.30625,1.9375,0.2625,6.50625,0.0,1.18125,0.75,0.0,1.93125,14.674312500000003,0.0,0.3871178,93.44375,9.20390625,24.106171875,20.71699453125,698.191921875,4.7650781250000005,1.0265624999999998,39.4875,0.931921875,0.0,1.9314843750000001,2.83359375,0.51515625,2.090390625,0.0,0.9892968750000001,1.125,0.0,0.651796875,8.480132812500003,0.0,0.5806767,94.67835937500001,75.0,80.0,192.981,1713.2,14.0,4.0,110.0,2.44,0.0,4.0,10.0,14.0,27.0,0.0,3.0,3.0,0.0,3.0,28.665000000000003,0.0,1.5484712,213.0,83.0,87.0,208.9804,1768.0,16.0,6.0,176.0,3.44,2.0,4.0,10.0,14.0,29.0,0.0,3.0,3.0,0.0,3.0,37.77,0.0,1.5484712,225.0,8.0,7.0,15.9994,54.8,2.0,2.0,66.0,1.0,2.0,0.0,0.0,0.0,2.0,0.0,0.0,0.0,0.0,0.0,9.105,0.0,0.0,12.0,8.0,87.0,15.9994,54.8,16.0,2.0,66.0,3.44,2.0,4.0,0.0,0.0,6.0,0.0,2.0,0.0,0.0,2.0,9.105,0.0,0.0,12.0
1000,Ca2.7Bi0.3Co4O9,2.106182776,0,Mgaultois/Sparks,Peer-reviewed literature,258.9,1059.7,550.6321,10739.02,189.9,46.6,1617.6,41.786,32.0,36.9,31.0,4.2,104.1,0.0,18.9,12.0,0.0,30.9,234.78900000000004,0.0,6.1938848,1495.1,16.18125,66.23125,34.41450625,671.18875,11.86875,2.9125,101.1,2.611625,2.0,2.30625,1.9375,0.2625,6.50625,0.0,1.18125,0.75,0.0,1.93125,14.674312500000003,0.0,0.3871178,93.44375,9.20390625,24.106171875,20.71699453125,698.191921875,4.7650781250000005,1.0265624999999998,39.4875,0.931921875,0.0,1.9314843750000001,2.83359375,0.51515625,2.090390625,0.0,0.9892968750000001,1.125,0.0,0.651796875,8.480132812500003,0.0,0.5806767,94.67835937500001,75.0,80.0,192.981,1713.2,14.0,4.0,110.0,2.44,0.0,4.0,10.0,14.0,27.0,0.0,3.0,3.0,0.0,3.0,28.665000000000003,0.0,1.5484712,213.0,83.0,87.0,208.9804,1768.0,16.0,6.0,176.0,3.44,2.0,4.0,10.0,14.0,29.0,0.0,3.0,3.0,0.0,3.0,37.77,0.0,1.5484712,225.0,8.0,7.0,15.9994,54.8,2.0,2.0,66.0,1.0,2.0,0.0,0.0,0.0,2.0,0.0,0.0,0.0,0.0,0.0,9.105,0.0,0.0,12.0,8.0,87.0,15.9994,54.8,16.0,2.0,66.0,3.44,2.0,4.0,0.0,0.0,6.0,0.0,2.0,0.0,0.0,2.0,9.105,0.0,0.0,12.0
300,Ca2.4Na0.3Bi0.3Co4O9,2.028863371,0,Mgaultois/Sparks,Peer-reviewed literature,256.2,1058.2,545.505630784,10515.781,189.6,46.3,1614.6,41.765,31.7,36.9,31.0,4.2,103.8,0.3,18.9,12.0,0.0,31.2,232.23099999999005,0.0,6.1938848,1496.3000000000002,16.0125,66.1375,34.094101924,657.2363125,11.85,2.89375,100.9125,2.6103125,1.98125,2.30625,1.9375,0.2625,6.4875,0.01875,1.18125,0.75,0.0,1.95,14.514437499999378,0.0,0.3871178,93.51875000000001,9.202031250000001,24.21515625,20.77295213865,692.7109499999999,4.786875,1.00546875,39.2765625,0.9333984375,0.03679687500000004,1.931484375,2.83359375,0.51515625,2.1004687499999997,0.036796875,0.989296875,1.125,0.0,0.6206250000000001,8.220335937498986,0.0,0.5806767,94.765546875,75.0,85.0,192.981,1713.2,15.0,4.0,110.0,2.51,1.0,4.0,10.0,14.0,28.0,1.0,3.0,3.0,0.0,3.0,28.665000000000003,0.0,1.5484712,217.0,83.0,87.0,208.9804,1768.0,16.0,6.0,176.0,3.44,2.0,4.0,10.0,14.0,29.0,1.0,3.0,3.0,0.0,3.0,37.77,0.0,1.5484712,229.0,8.0,2.0,15.9994,54.8,1.0,2.0,66.0,0.93,1.0,0.0,0.0,0.0,1.0,0.0,0.0,0.0,0.0,0.0,9.105,0.0,0.0,12.0,8.0,87.0,15.9994,54.8,16.0,2.0,66.0,3.44,2.0,4.0,0.0,0.0,6.0,0.0,2.0,0.0,0.0,2.0,9.105,0.0,0.0,12.0
400,Ca2.4Na0.3Bi0.3Co4O9,2.035033625,0,Mgaultois/Sparks,Peer-reviewed literature,256.2,1058.2,545.505630784,10515.781,189.6,46.3,1614.6,41.765,31.7,36.9,31.0,4.2,103.8,0.3,18.9,12.0,0.0,31.2,232.23099999999005,0.0,6.1938848,1496.3000000000002,16.0125,66.1375,34.094101924,657.2363125,11.85,2.89375,100.9125,2.6103125,1.98125,2.30625,1.9375,0.2625,6.4875,0.01875,1.18125,0.75,0.0,1.95,14.514437499999378,0.0,0.3871178,93.51875000000001,9.202031250000001,24.21515625,20.77295213865,692.7109499999999,4.786875,1.00546875,39.2765625,0.9333984375,0.03679687500000004,1.931484375,2.83359375,0.51515625,2.1004687499999997,0.036796875,0.989296875,1.125,0.0,0.6206250000000001,8.220335937498986,0.0,0.5806767,94.765546875,75.0,85.0,192.981,1713.2,15.0,4.0,110.0,2.51,1.0,4.0,10.0,14.0,28.0,1.0,3.0,3.0,0.0,3.0,28.665000000000003,0.0,1.5484712,217.0,83.0,87.0,208.9804,1768.0,16.0,6.0,176.0,3.44,2.0,4.0,10.0,14.0,29.0,1.0,3.0,3.0,0.0,3.0,37.77,0.0,1.5484712,229.0,8.0,2.0,15.9994,54.8,1.0,2.0,66.0,0.93,1.0,0.0,0.0,0.0,1.0,0.0,0.0,0.0,0.0,0.0,9.105,0.0,0.0,12.0,8.0,87.0,15.9994,54.8,16.0,2.0,66.0,3.44,2.0,4.0,0.0,0.0,6.0,0.0,2.0,0.0,0.0,2.0,9.105,0.0,0.0,12.0
700,Ca2.4Na0.3Bi0.3Co4O9,2.070427821,0,Mgaultois/Sparks,Peer-reviewed literature,256.2,1058.2,545.505630784,10515.781,189.6,46.3,1614.6,41.765,31.7,36.9,31.0,4.2,103.8,0.3,18.9,12.0,0.0,31.2,232.23099999999005,0.0,6.1938848,1496.3000000000002,16.0125,66.1375,34.094101924,657.2363125,11.85,2.89375,100.9125,2.6103125,1.98125,2.30625,1.9375,0.2625,6.4875,0.01875,1.18125,0.75,0.0,1.95,14.514437499999378,0.0,0.3871178,93.51875000000001,9.202031250000001,24.21515625,20.77295213865,692.7109499999999,4.786875,1.00546875,39.2765625,0.9333984375,0.03679687500000004,1.931484375,2.83359375,0.51515625,2.1004687499999997,0.036796875,0.989296875,1.125,0.0,0.6206250000000001,8.220335937498986,0.0,0.5806767,94.765546875,75.0,85.0,192.981,1713.2,15.0,4.0,110.0,2.51,1.0,4.0,10.0,14.0,28.0,1.0,3.0,3.0,0.0,3.0,28.665000000000003,0.0,1.5484712,217.0,83.0,87.0,208.9804,1768.0,16.0,6.0,176.0,3.44,2.0,4.0,10.0,14.0,29.0,1.0,3.0,3.0,0.0,3.0,37.77,0.0,1.5484712,229.0,8.0,2.0,15.9994,54.8,1.0,2.0,66.0,0.93,1.0,0.0,0.0,0.0,1.0,0.0,0.0,0.0,0.0,0.0,9.105,0.0,0.0,12.0,8.0,87.0,15.9994,54.8,16.0,2.0,66.0,3.44,2.0,4.0,0.0,0.0,6.0,0.0,2.0,0.0,0.0,2.0,9.105,0.0,0.0,12.0
1000,Ca2.4Na0.3Bi0.3Co4O9,2.117931056,0,Mgaultois/Sparks,Peer-reviewed literature,256.2,1058.2,545.505630784,10515.781,189.6,46.3,1614.6,41.765,31.7,36.9,31.0,4.2,103.8,0.3,18.9,12.0,0.0,31.2,232.23099999999005,0.0,6.1938848,1496.3000000000002,16.0125,66.1375,34.094101924,657.2363125,11.85,2.89375,100.9125,2.6103125,1.98125,2.30625,1.9375,0.2625,6.4875,0.01875,1.18125,0.75,0.0,1.95,14.514437499999378,0.0,0.3871178,93.51875000000001,9.202031250000001,24.21515625,20.77295213865,692.7109499999999,4.786875,1.00546875,39.2765625,0.9333984375,0.03679687500000004,1.931484375,2.83359375,0.51515625,2.1004687499999997,0.036796875,0.989296875,1.125,0.0,0.6206250000000001,8.220335937498986,0.0,0.5806767,94.765546875,75.0,85.0,192.981,1713.2,15.0,4.0,110.0,2.51,1.0,4.0,10.0,14.0,28.0,1.0,3.0,3.0,0.0,3.0,28.665000000000003,0.0,1.5484712,217.0,83.0,87.0,208.9804,1768.0,16.0,6.0,176.0,3.44,2.0,4.0,10.0,14.0,29.0,1.0,3.0,3.0,0.0,3.0,37.77,0.0,1.5484712,229.0,8.0,2.0,15.9994,54.8,1.0,2.0,66.0,0.93,1.0,0.0,0.0,0.0,1.0,0.0,0.0,0.0,0.0,0.0,9.105,0.0,0.0,12.0,8.0,87.0,15.9994,54.8,16.0,2.0,66.0,3.44,2.0,4.0,0.0,0.0,6.0,0.0,2.0,0.0,0.0,2.0,9.105,0.0,0.0,12.0
300,Sr0.9Y0.1TiO3,3.056505484,1,Mgaultois/Sparks,Peer-reviewed literature,84.1,312.4,183.613785,3230.3,54.1,15.0,552.5,12.837,10.0,12.0,2.1,0.0,24.1,0.0,6.0,8.9,0.0,14.9,96.04849999999999,0.0,2.25333333333e-05,451.9,16.82,62.48,36.722757,646.0600000000001,10.82,3.0,110.5,2.5674,2.0,2.4,0.42000000000000004,0.0,4.819999999999999,0.0,1.2,1.78,0.0,2.98,19.209699999999998,0.0,4.50666666666e-06,90.38000000000001,10.584,29.424,24.8680284,709.512,6.215999999999999,1.2,53.400000000000006,1.04712,0.0,1.92,0.6552,0.0,1.416,0.0,0.96,2.7768,0.0,2.2488,13.133519999999997,0.0,7.210666666655999e-06,94.05600000000001,31.0,79.0,72.90645,1886.2,14.0,3.0,129.0,2.49,0.0,4.0,2.0,0.0,4.0,0.0,2.0,9.0,0.0,9.0,45.125,0.0,2.25333333333e-05,213.0,39.0,87.0,88.90585,1941.0,16.0,5.0,195.0,3.44,2.0,4.0,2.0,0.0,6.0,0.0,2.0,9.0,0.0,9.0,54.23,0.0,2.25333333333e-05,225.0,8.0,8.0,15.9994,54.8,2.0,2.0,66.0,0.95,2.0,0.0,0.0,0.0,2.0,0.0,0.0,0.0,0.0,0.0,9.105,0.0,0.0,12.0,8.0,87.0,15.9994,54.8,16.0,2.0,66.0,3.44,2.0,4.0,0.0,0.0,6.0,0.0,2.0,0.0,0.0,2.0,9.105,0.0,0.0,12.0
400,Sr0.9Y0.1TiO3,2.89997427,1,Mgaultois/Sparks,Peer-reviewed literature,84.1,312.4,183.613785,3230.3,54.1,15.0,552.5,12.837,10.0,12.0,2.1,0.0,24.1,0.0,6.0,8.9,0.0,14.9,96.04849999999999,0.0,2.25333333333e-05,451.9,16.82,62.48,36.722757,646.0600000000001,10.82,3.0,110.5,2.5674,2.0,2.4,0.42000000000000004,0.0,4.819999999999999,0.0,1.2,1.78,0.0,2.98,19.209699999999998,0.0,4.50666666666e-06,90.38000000000001,10.584,29.424,24.8680284,709.512,6.215999999999999,1.2,53.400000000000006,1.04712,0.0,1.92,0.6552,0.0,1.416,0.0,0.96,2.7768,0.0,2.2488,13.133519999999997,0.0,7.210666666655999e-06,94.05600000000001,31.0,79.0,72.90645,1886.2,14.0,3.0,129.0,2.49,0.0,4.0,2.0,0.0,4.0,0.0,2.0,9.0,0.0,9.0,45.125,0.0,2.25333333333e-05,213.0,39.0,87.0,88.90585,1941.0,16.0,5.0,195.0,3.44,2.0,4.0,2.0,0.0,6.0,0.0,2.0,9.0,0.0,9.0,54.23,0.0,2.25333333333e-05,225.0,8.0,8.0,15.9994,54.8,2.0,2.0,66.0,0.95,2.0,0.0,0.0,0.0,2.0,0.0,0.0,0.0,0.0,0.0,9.105,0.0,0.0,12.0,8.0,87.0,15.9994,54.8,16.0,2.0,66.0,3.44,2.0,4.0,0.0,0.0,6.0,0.0,2.0,0.0,0.0,2.0,9.105,0.0,0.0,12.0
700,Sr0.9Y0.1TiO3,2.463441557,1,Mgaultois/Sparks,Peer-reviewed literature,84.1,312.4,183.613785,3230.3,54.1,15.0,552.5,12.837,10.0,12.0,2.1,0.0,24.1,0.0,6.0,8.9,0.0,14.9,96.04849999999999,0.0,2.25333333333e-05,451.9,16.82,62.48,36.722757,646.0600000000001,10.82,3.0,110.5,2.5674,2.0,2.4,0.42000000000000004,0.0,4.819999999999999,0.0,1.2,1.78,0.0,2.98,19.209699999999998,0.0,4.50666666666e-06,90.38000000000001,10.584,29.424,24.8680284,709.512,6.215999999999999,1.2,53.400000000000006,1.04712,0.0,1.92,0.6552,0.0,1.416,0.0,0.96,2.7768,0.0,2.2488,13.133519999999997,0.0,7.210666666655999e-06,94.05600000000001,31.0,79.0,72.90645,1886.2,14.0,3.0,129.0,2.49,0.0,4.0,2.0,0.0,4.0,0.0,2.0,9.0,0.0,9.0,45.125,0.0,2.25333333333e-05,213.0,39.0,87.0,88.90585,1941.0,16.0,5.0,195.0,3.44,2.0,4.0,2.0,0.0,6.0,0.0,2.0,9.0,0.0,9.0,54.23,0.0,2.25333333333e-05,225.0,8.0,8.0,15.9994,54.8,2.0,2.0,66.0,0.95,2.0,0.0,0.0,0.0,2.0,0.0,0.0,0.0,0.0,0.0,9.105,0.0,0.0,12.0,8.0,87.0,15.9994,54.8,16.0,2.0,66.0,3.44,2.0,4.0,0.0,0.0,6.0,0.0,2.0,0.0,0.0,2.0,9.105,0.0,0.0,12.0
1000,Sr0.9Y0.1TiO3,2.179535809,1,Mgaultois/Sparks,Peer-reviewed literature,84.1,312.4,183.613785,3230.3,54.1,15.0,552.5,12.837,10.0,12.0,2.1,0.0,24.1,0.0,6.0,8.9,0.0,14.9,96.04849999999999,0.0,2.25333333333e-05,451.9,16.82,62.48,36.722757,646.0600000000001,10.82,3.0,110.5,2.5674,2.0,2.4,0.42000000000000004,0.0,4.819999999999999,0.0,1.2,1.78,0.0,2.98,19.209699999999998,0.0,4.50666666666e-06,90.38000000000001,10.584,29.424,24.8680284,709.512,6.215999999999999,1.2,53.400000000000006,1.04712,0.0,1.92,0.6552,0.0,1.416,0.0,0.96,2.7768,0.0,2.2488,13.133519999999997,0.0,7.210666666655999e-06,94.05600000000001,31.0,79.0,72.90645,1886.2,14.0,3.0,129.0,2.49,0.0,4.0,2.0,0.0,4.0,0.0,2.0,9.0,0.0,9.0,45.125,0.0,2.25333333333e-05,213.0,39.0,87.0,88.90585,1941.0,16.0,5.0,195.0,3.44,2.0,4.0,2.0,0.0,6.0,0.0,2.0,9.0,0.0,9.0,54.23,0.0,2.25333333333e-05,225.0,8.0,8.0,15.9994,54.8,2.0,2.0,66.0,0.95,2.0,0.0,0.0,0.0,2.0,0.0,0.0,0.0,0.0,0.0,9.105,0.0,0.0,12.0,8.0,87.0,15.9994,54.8,16.0,2.0,66.0,3.44,2.0,4.0,0.0,0.0,6.0,0.0,2.0,0.0,0.0,2.0,9.105,0.0,0.0,12.0
300,Ba0.3Sr0.6La0.1TiO3,3.306536873,1,Mgaultois/Sparks,Peer-reviewed literature,91.30000000000001,312.8,203.525847,3154.7000000000003,54.1,15.4,560.2,12.807,10.0,12.0,2.1,0.0,24.1,0.0,6.0,8.9,0.0,14.9,99.30975,0.0,2.25333333333e-05,453.1,18.26,62.559999999999995,40.7051694,630.94,10.82,3.08,112.03999999999999,2.5614,2.0,2.4,0.42000000000000004,0.0,4.819999999999999,0.0,1.2,1.78,0.0,2.98,19.86195,0.0,4.50666666666e-06,90.62000000000002,12.312,29.328,29.646923279999996,691.3679999999999,6.216,1.2959999999999998,55.248000000000005,1.05432,0.0,1.92,0.6552,0.0,1.416,0.0,0.96,2.7768,0.0,2.2488,14.177119999999999,0.0,7.210666666655999e-06,94.34400000000001,49.0,79.0,122.90607000000001,1886.2,14.0,4.0,149.0,2.55,0.0,4.0,2.0,0.0,4.0,0.0,2.0,9.0,0.0,9.0,54.485,0.0,2.25333333333e-05,217.0,57.0,87.0,138.90547,1941.0,16.0,6.0,215.0,3.44,2.0,4.0,2.0,0.0,6.0,0.0,2.0,9.0,0.0,9.0,63.59,0.0,2.25333333333e-05,229.0,8.0,8.0,15.9994,54.8,2.0,2.0,66.0,0.89,2.0,0.0,0.0,0.0,2.0,0.0,0.0,0.0,0.0,0.0,9.105,0.0,0.0,12.0,8.0,87.0,15.9994,54.8,16.0,2.0,66.0,3.44,2.0,4.0,0.0,0.0,6.0,0.0,2.0,0.0,0.0,2.0,9.105,0.0,0.0,12.0
400,Ba0.3Sr0.6La0.1TiO3,3.117247844,1,Mgaultois/Sparks,Peer-reviewed literature,91.30000000000001,312.8,203.525847,3154.7000000000003,54.1,15.4,560.2,12.807,10.0,12.0,2.1,0.0,24.1,0.0,6.0,8.9,0.0,14.9,99.30975,0.0,2.25333333333e-05,453.1,18.26,62.559999999999995,40.7051694,630.94,10.82,3.08,112.03999999999999,2.5614,2.0,2.4,0.42000000000000004,0.0,4.819999999999999,0.0,1.2,1.78,0.0,2.98,19.86195,0.0,4.50666666666e-06,90.62000000000002,12.312,29.328,29.646923279999996,691.3679999999999,6.216,1.2959999999999998,55.248000000000005,1.05432,0.0,1.92,0.6552,0.0,1.416,0.0,0.96,2.7768,0.0,2.2488,14.177119999999999,0.0,7.210666666655999e-06,94.34400000000001,49.0,79.0,122.90607000000001,1886.2,14.0,4.0,149.0,2.55,0.0,4.0,2.0,0.0,4.0,0.0,2.0,9.0,0.0,9.0,54.485,0.0,2.25333333333e-05,217.0,57.0,87.0,138.90547,1941.0,16.0,6.0,215.0,3.44,2.0,4.0,2.0,0.0,6.0,0.0,2.0,9.0,0.0,9.0,63.59,0.0,2.25333333333e-05,229.0,8.0,8.0,15.9994,54.8,2.0,2.0,66.0,0.89,2.0,0.0,0.0,0.0,2.0,0.0,0.0,0.0,0.0,0.0,9.105,0.0,0.0,12.0,8.0,87.0,15.9994,54.8,16.0,2.0,66.0,3.44,2.0,4.0,0.0,0.0,6.0,0.0,2.0,0.0,0.0,2.0,9.105,0.0,0.0,12.0
700,Ba0.3Sr0.6La0.1TiO3,2.563837353,1,Mgaultois/Sparks,Peer-reviewed literature,91.30000000000001,312.8,203.525847,3154.7000000000003,54.1,15.4,560.2,12.807,10.0,12.0,2.1,0.0,24.1,0.0,6.0,8.9,0.0,14.9,99.30975,0.0,2.25333333333e-05,453.1,18.26,62.559999999999995,40.7051694,630.94,10.82,3.08,112.03999999999999,2.5614,2.0,2.4,0.42000000000000004,0.0,4.819999999999999,0.0,1.2,1.78,0.0,2.98,19.86195,0.0,4.50666666666e-06,90.62000000000002,12.312,29.328,29.646923279999996,691.3679999999999,6.216,1.2959999999999998,55.248000000000005,1.05432,0.0,1.92,0.6552,0.0,1.416,0.0,0.96,2.7768,0.0,2.2488,14.177119999999999,0.0,7.210666666655999e-06,94.34400000000001,49.0,79.0,122.90607000000001,1886.2,14.0,4.0,149.0,2.55,0.0,4.0,2.0,0.0,4.0,0.0,2.0,9.0,0.0,9.0,54.485,0.0,2.25333333333e-05,217.0,57.0,87.0,138.90547,1941.0,16.0,6.0,215.0,3.44,2.0,4.0,2.0,0.0,6.0,0.0,2.0,9.0,0.0,9.0,63.59,0.0,2.25333333333e-05,229.0,8.0,8.0,15.9994,54.8,2.0,2.0,66.0,0.89,2.0,0.0,0.0,0.0,2.0,0.0,0.0,0.0,0.0,0.0,9.105,0.0,0.0,12.0,8.0,87.0,15.9994,54.8,16.0,2.0,66.0,3.44,2.0,4.0,0.0,0.0,6.0,0.0,2.0,0.0,0.0,2.0,9.105,0.0,0.0,12.0
300,CuRhO2,0.231509895,0,Mgaultois/Sparks,Peer-reviewed literature,90.0,297.0,198.4503,3704.37,52.0,13.0,406.0,11.059999999999999,6.0,8.0,18.0,0.0,32.0,2.0,4.0,2.0,0.0,8.0,42.92,0.0,0.0,474.0,22.5,74.25,49.612575,926.0925,13.0,3.25,101.5,2.7649999999999997,1.5,2.0,4.5,0.0,8.0,0.5,1.0,0.5,0.0,2.0,10.73,0.0,0.0,118.5,14.5,12.75,33.613175,871.2925,3.0,1.25,35.5,0.675,0.5,2.0,4.5,0.0,2.0,0.5,1.0,0.75,0.0,0.5,1.625,0.0,0.0,106.5,37.0,28.0,86.90610000000001,2182.2,7.0,3.0,76.0,1.54,1.0,4.0,10.0,0.0,5.0,1.0,2.0,2.0,0.0,2.0,4.535,0.0,0.0,213.0,45.0,87.0,102.9055,2237.0,16.0,5.0,142.0,3.44,2.0,4.0,10.0,0.0,11.0,1.0,2.0,2.0,0.0,3.0,13.64,0.0,0.0,225.0,8.0,59.0,15.9994,54.8,9.0,2.0,66.0,1.9,1.0,0.0,0.0,0.0,6.0,0.0,0.0,0.0,0.0,1.0,9.105,0.0,0.0,12.0,8.0,87.0,15.9994,54.8,16.0,2.0,66.0,3.44,2.0,4.0,0.0,0.0,6.0,0.0,2.0,0.0,0.0,2.0,9.105,0.0,0.0,12.0
400,CuRhO2,0.658961368,0,Mgaultois/Sparks,Peer-reviewed literature,90.0,297.0,198.4503,3704.37,52.0,13.0,406.0,11.059999999999999,6.0,8.0,18.0,0.0,32.0,2.0,4.0,2.0,0.0,8.0,42.92,0.0,0.0,474.0,22.5,74.25,49.612575,926.0925,13.0,3.25,101.5,2.7649999999999997,1.5,2.0,4.5,0.0,8.0,0.5,1.0,0.5,0.0,2.0,10.73,0.0,0.0,118.5,14.5,12.75,33.613175,871.2925,3.0,1.25,35.5,0.675,0.5,2.0,4.5,0.0,2.0,0.5,1.0,0.75,0.0,0.5,1.625,0.0,0.0,106.5,37.0,28.0,86.90610000000001,2182.2,7.0,3.0,76.0,1.54,1.0,4.0,10.0,0.0,5.0,1.0,2.0,2.0,0.0,2.0,4.535,0.0,0.0,213.0,45.0,87.0,102.9055,2237.0,16.0,5.0,142.0,3.44,2.0,4.0,10.0,0.0,11.0,1.0,2.0,2.0,0.0,3.0,13.64,0.0,0.0,225.0,8.0,59.0,15.9994,54.8,9.0,2.0,66.0,1.9,1.0,0.0,0.0,0.0,6.0,0.0,0.0,0.0,0.0,1.0,9.105,0.0,0.0,12.0,8.0,87.0,15.9994,54.8,16.0,2.0,66.0,3.44,2.0,4.0,0.0,0.0,6.0,0.0,2.0,0.0,0.0,2.0,9.105,0.0,0.0,12.0
700,CuRhO2,0.990124366,0,Mgaultois/Sparks,Peer-reviewed literature,90.0,297.0,198.4503,3704.37,52.0,13.0,406.0,11.059999999999999,6.0,8.0,18.0,0.0,32.0,2.0,4.0,2.0,0.0,8.0,42.92,0.0,0.0,474.0,22.5,74.25,49.612575,926.0925,13.0,3.25,101.5,2.7649999999999997,1.5,2.0,4.5,0.0,8.0,0.5,1.0,0.5,0.0,2.0,10.73,0.0,0.0,118.5,14.5,12.75,33.613175,871.2925,3.0,1.25,35.5,0.675,0.5,2.0,4.5,0.0,2.0,0.5,1.0,0.75,0.0,0.5,1.625,0.0,0.0,106.5,37.0,28.0,86.90610000000001,2182.2,7.0,3.0,76.0,1.54,1.0,4.0,10.0,0.0,5.0,1.0,2.0,2.0,0.0,2.0,4.535,0.0,0.0,213.0,45.0,87.0,102.9055,2237.0,16.0,5.0,142.0,3.44,2.0,4.0,10.0,0.0,11.0,1.0,2.0,2.0,0.0,3.0,13.64,0.0,0.0,225.0,8.0,59.0,15.9994,54.8,9.0,2.0,66.0,1.9,1.0,0.0,0.0,0.0,6.0,0.0,0.0,0.0,0.0,1.0,9.105,0.0,0.0,12.0,8.0,87.0,15.9994,54.8,16.0,2.0,66.0,3.44,2.0,4.0,0.0,0.0,6.0,0.0,2.0,0.0,0.0,2.0,9.105,0.0,0.0,12.0
1000,CuRhO2,0.972242795,0,Mgaultois/Sparks,Peer-reviewed literature,90.0,297.0,198.4503,3704.37,52.0,13.0,406.0,11.059999999999999,6.0,8.0,18.0,0.0,32.0,2.0,4.0,2.0,0.0,8.0,42.92,0.0,0.0,474.0,22.5,74.25,49.612575,926.0925,13.0,3.25,101.5,2.7649999999999997,1.5,2.0,4.5,0.0,8.0,0.5,1.0,0.5,0.0,2.0,10.73,0.0,0.0,118.5,14.5,12.75,33.613175,871.2925,3.0,1.25,35.5,0.675,0.5,2.0,4.5,0.0,2.0,0.5,1.0,0.75,0.0,0.5,1.625,0.0,0.0,106.5,37.0,28.0,86.90610000000001,2182.2,7.0,3.0,76.0,1.54,1.0,4.0,10.0,0.0,5.0,1.0,2.0,2.0,0.0,2.0,4.535,0.0,0.0,213.0,45.0,87.0,102.9055,2237.0,16.0,5.0,142.0,3.44,2.0,4.0,10.0,0.0,11.0,1.0,2.0,2.0,0.0,3.0,13.64,0.0,0.0,225.0,8.0,59.0,15.9994,54.8,9.0,2.0,66.0,1.9,1.0,0.0,0.0,0.0,6.0,0.0,0.0,0.0,0.0,1.0,9.105,0.0,0.0,12.0,8.0,87.0,15.9994,54.8,16.0,2.0,66.0,3.44,2.0,4.0,0.0,0.0,6.0,0.0,2.0,0.0,0.0,2.0,9.105,0.0,0.0,12.0
300,CuRh0.99Mg0.01O2,0.881404635,0,Mgaultois/Sparks,Peer-reviewed literature,89.67,297.09000000000003,197.664295,3691.23,51.93,12.979999999999999,405.99000000000007,11.0503,6.01,8.0,17.92,0.0,31.93,1.99,4.0,1.98,0.0,7.97,43.0125,0.0,0.0,473.69,22.4175,74.27250000000001,49.41607375,922.8075,12.9825,3.2449999999999997,101.49750000000002,2.762575,1.5025,2.0,4.48,0.0,7.9825,0.4975,1.0,0.495,0.0,1.9925,10.753125,0.0,0.0,118.4225,14.4695875,12.7275,33.54222911875,868.0075000000002,3.0175,1.246225,35.4975,0.677425,0.4999875,2.0,4.5024,0.0,2.0124125,0.4999874999999999,1.0,0.7449749999999999,0.0,0.5062125000000001,1.6481249999999998,0.0,0.0,106.4225,37.0,28.0,86.90610000000001,2182.2,14.0,3.0,76.0,2.13,1.0,4.0,10.0,0.0,9.0,1.0,2.0,2.0,0.0,3.0,13.785,0.0,0.0,213.0,45.0,87.0,102.9055,2237.0,16.0,5.0,142.0,3.44,2.0,4.0,10.0,0.0,11.0,1.0,2.0,2.0,0.0,3.0,22.89,0.0,0.0,225.0,8.0,59.0,15.9994,54.8,2.0,2.0,66.0,1.31,1.0,0.0,0.0,0.0,2.0,0.0,0.0,0.0,0.0,0.0,9.105,0.0,0.0,12.0,8.0,87.0,15.9994,54.8,16.0,2.0,66.0,3.44,2.0,4.0,0.0,0.0,6.0,0.0,2.0,0.0,0.0,2.0,9.105,0.0,0.0,12.0
400,CuRh0.99Mg0.01O2,1.183096161,0,Mgaultois/Sparks,Peer-reviewed literature,89.67,297.09000000000003,197.664295,3691.23,51.93,12.979999999999999,405.99000000000007,11.0503,6.01,8.0,17.92,0.0,31.93,1.99,4.0,1.98,0.0,7.97,43.0125,0.0,0.0,473.69,22.4175,74.27250000000001,49.41607375,922.8075,12.9825,3.2449999999999997,101.49750000000002,2.762575,1.5025,2.0,4.48,0.0,7.9825,0.4975,1.0,0.495,0.0,1.9925,10.753125,0.0,0.0,118.4225,14.4695875,12.7275,33.54222911875,868.0075000000002,3.0175,1.246225,35.4975,0.677425,0.4999875,2.0,4.5024,0.0,2.0124125,0.4999874999999999,1.0,0.7449749999999999,0.0,0.5062125000000001,1.6481249999999998,0.0,0.0,106.4225,37.0,28.0,86.90610000000001,2182.2,14.0,3.0,76.0,2.13,1.0,4.0,10.0,0.0,9.0,1.0,2.0,2.0,0.0,3.0,13.785,0.0,0.0,213.0,45.0,87.0,102.9055,2237.0,16.0,5.0,142.0,3.44,2.0,4.0,10.0,0.0,11.0,1.0,2.0,2.0,0.0,3.0,22.89,0.0,0.0,225.0,8.0,59.0,15.9994,54.8,2.0,2.0,66.0,1.31,1.0,0.0,0.0,0.0,2.0,0.0,0.0,0.0,0.0,0.0,9.105,0.0,0.0,12.0,8.0,87.0,15.9994,54.8,16.0,2.0,66.0,3.44,2.0,4.0,0.0,0.0,6.0,0.0,2.0,0.0,0.0,2.0,9.105,0.0,0.0,12.0
700,CuRh0.99Mg0.01O2,1.339134522,0,Mgaultois/Sparks,Peer-reviewed literature,89.67,297.09000000000003,197.664295,3691.23,51.93,12.979999999999999,405.99000000000007,11.0503,6.01,8.0,17.92,0.0,31.93,1.99,4.0,1.98,0.0,7.97,43.0125,0.0,0.0,473.69,22.4175,74.27250000000001,49.41607375,922.8075,12.9825,3.2449999999999997,101.49750000000002,2.762575,1.5025,2.0,4.48,0.0,7.9825,0.4975,1.0,0.495,0.0,1.9925,10.753125,0.0,0.0,118.4225,14.4695875,12.7275,33.54222911875,868.0075000000002,3.0175,1.246225,35.4975,0.677425,0.4999875,2.0,4.5024,0.0,2.0124125,0.4999874999999999,1.0,0.7449749999999999,0.0,0.5062125000000001,1.6481249999999998,0.0,0.0,106.4225,37.0,28.0,86.90610000000001,2182.2,14.0,3.0,76.0,2.13,1.0,4.0,10.0,0.0,9.0,1.0,2.0,2.0,0.0,3.0,13.785,0.0,0.0,213.0,45.0,87.0,102.9055,2237.0,16.0,5.0,142.0,3.44,2.0,4.0,10.0,0.0,11.0,1.0,2.0,2.0,0.0,3.0,22.89,0.0,0.0,225.0,8.0,59.0,15.9994,54.8,2.0,2.0,66.0,1.31,1.0,0.0,0.0,0.0,2.0,0.0,0.0,0.0,0.0,0.0,9.105,0.0,0.0,12.0,8.0,87.0,15.9994,54.8,16.0,2.0,66.0,3.44,2.0,4.0,0.0,0.0,6.0,0.0,2.0,0.0,0.0,2.0,9.105,0.0,0.0,12.0
1000,CuRh0.99Mg0.01O2,1.311580178,0,Mgaultois/Sparks,Peer-reviewed literature,89.67,297.09000000000003,197.664295,3691.23,51.93,12.979999999999999,405.99000000000007,11.0503,6.01,8.0,17.92,0.0,31.93,1.99,4.0,1.98,0.0,7.97,43.0125,0.0,0.0,473.69,22.4175,74.27250000000001,49.41607375,922.8075,12.9825,3.2449999999999997,101.49750000000002,2.762575,1.5025,2.0,4.48,0.0,7.9825,0.4975,1.0,0.495,0.0,1.9925,10.753125,0.0,0.0,118.4225,14.4695875,12.7275,33.54222911875,868.0075000000002,3.0175,1.246225,35.4975,0.677425,0.4999875,2.0,4.5024,0.0,2.0124125,0.4999874999999999,1.0,0.7449749999999999,0.0,0.5062125000000001,1.6481249999999998,0.0,0.0,106.4225,37.0,28.0,86.90610000000001,2182.2,14.0,3.0,76.0,2.13,1.0,4.0,10.0,0.0,9.0,1.0,2.0,2.0,0.0,3.0,13.785,0.0,0.0,213.0,45.0,87.0,102.9055,2237.0,16.0,5.0,142.0,3.44,2.0,4.0,10.0,0.0,11.0,1.0,2.0,2.0,0.0,3.0,22.89,0.0,0.0,225.0,8.0,59.0,15.9994,54.8,2.0,2.0,66.0,1.31,1.0,0.0,0.0,0.0,2.0,0.0,0.0,0.0,0.0,0.0,9.105,0.0,0.0,12.0,8.0,87.0,15.9994,54.8,16.0,2.0,66.0,3.44,2.0,4.0,0.0,0.0,6.0,0.0,2.0,0.0,0.0,2.0,9.105,0.0,0.0,12.0
1000,CuRh0.6Mg0.4O2,2.389339837,0,Mgaultois/Sparks,Peer-reviewed literature,76.8,300.6,167.0101,3178.77,49.2,12.2,405.6,10.672,6.4,8.0,14.8,0.0,29.2,1.6,4.0,1.2,0.0,6.8,46.62,0.0,0.0,461.6,19.2,75.15,41.752525,794.6925,12.3,3.05,101.4,2.668,1.6,2.0,3.7,0.0,7.3,0.4,1.0,0.3,0.0,1.7,11.655,0.0,0.0,115.4,12.64,11.850000000000001,29.24263,739.8925,3.7,1.06,35.400000000000006,0.772,0.48,2.0,4.4399999999999995,0.0,2.3600000000000003,0.48000000000000004,1.0,0.51,0.0,0.6900000000000001,2.8424999999999994,0.0,0.0,103.4,37.0,28.0,86.90610000000001,2182.2,14.0,3.0,76.0,2.13,1.0,4.0,10.0,0.0,9.0,1.0,2.0,2.0,0.0,3.0,13.785,0.0,0.0,213.0,45.0,87.0,102.9055,2237.0,16.0,5.0,142.0,3.44,2.0,4.0,10.0,0.0,11.0,1.0,2.0,2.0,0.0,3.0,22.89,0.0,0.0,225.0,8.0,59.0,15.9994,54.8,2.0,2.0,66.0,1.31,1.0,0.0,0.0,0.0,2.0,0.0,0.0,0.0,0.0,0.0,9.105,0.0,0.0,12.0,8.0,87.0,15.9994,54.8,16.0,2.0,66.0,3.44,2.0,4.0,0.0,0.0,6.0,0.0,2.0,0.0,0.0,2.0,9.105,0.0,0.0,12.0
300,Fe0.978Co0.00196Si1.96Y0.04O0.06,0.894489815,0,Mgaultois/Sparks,Peer-reviewed literature,54.960919999999994,212.48368,114.29569706219999,5156.39128,36.361639999999994,10.119839999999998,358.46296,5.7726248,6.07992,4.16,5.9217200000000005,0.0,16.16164,0.0,7.96,4.27788,0.0,12.237879999999999,52.417320200000006,1.51508,2.067263221952,677.74224,18.07948788799853,69.89686706404031,37.59776347787471,1696.2036605744813,11.961223173989131,3.3289385386649823,117.91699890788037,1.8989147225621388,2.0,1.3684390584086632,1.9479598415768629,0.0,5.316398899985526,0.0,2.6184555059935,1.4072158844195317,0.0,4.025671390413031,17.242766417979183,0.498388136686009,0.6800297444545323,222.9444597955236,5.6583412503829145,11.124046718140082,13.118553023925912,76.66113656788389,2.788411155766493,0.47662196088321196,10.968787611625377,0.062232569128856455,0.0,0.9182707022556218,2.6137168078845363,0.0,1.7584427426486215,0.0,1.7814887092282397,1.8701404535108714,0.0,0.1309051068984311,4.520761565311144,0.35410943045002063,0.921631385660559,9.125894499106307,31.0,75.0,72.90645,1756.2,13.0,3.0,124.0,2.2199999999999998,0.0,4.0,7.0,0.0,6.0,0.0,4.0,9.0,0.0,7.0,23.26,0.773,2.1106628,217.0,39.0,87.0,88.90585,1811.0,16.0,5.0,190.0,3.44,2.0,4.0,7.0,0.0,9.0,0.0,4.0,9.0,0.0,9.0,32.365,0.773,2.1106628,229.0,8.0,12.0,15.9994,54.8,3.0,2.0,66.0,1.22,2.0,0.0,0.0,0.0,3.0,0.0,0.0,0.0,0.0,2.0,9.105,0.0,0.0,12.0,14.0,78.0,28.0855,1687.0,14.0,3.0,111.0,1.9,2.0,2.0,0.0,0.0,4.0,0.0,4.0,0.0,0.0,4.0,20.44,0.773,0.0,227.0
400,Fe0.978Co0.00196Si1.96Y0.04O0.06,1.249491605,0,Mgaultois/Sparks,Peer-reviewed literature,54.960919999999994,212.48368,114.29569706219999,5156.39128,36.361639999999994,10.119839999999998,358.46296,5.7726248,6.07992,4.16,5.9217200000000005,0.0,16.16164,0.0,7.96,4.27788,0.0,12.237879999999999,52.417320200000006,1.51508,2.067263221952,677.74224,18.07948788799853,69.89686706404031,37.59776347787471,1696.2036605744813,11.961223173989131,3.3289385386649823,117.91699890788037,1.8989147225621388,2.0,1.3684390584086632,1.9479598415768629,0.0,5.316398899985526,0.0,2.6184555059935,1.4072158844195317,0.0,4.025671390413031,17.242766417979183,0.498388136686009,0.6800297444545323,222.9444597955236,5.6583412503829145,11.124046718140082,13.118553023925912,76.66113656788389,2.788411155766493,0.47662196088321196,10.968787611625377,0.062232569128856455,0.0,0.9182707022556218,2.6137168078845363,0.0,1.7584427426486215,0.0,1.7814887092282397,1.8701404535108714,0.0,0.1309051068984311,4.520761565311144,0.35410943045002063,0.921631385660559,9.125894499106307,31.0,75.0,72.90645,1756.2,13.0,3.0,124.0,2.2199999999999998,0.0,4.0,7.0,0.0,6.0,0.0,4.0,9.0,0.0,7.0,23.26,0.773,2.1106628,217.0,39.0,87.0,88.90585,1811.0,16.0,5.0,190.0,3.44,2.0,4.0,7.0,0.0,9.0,0.0,4.0,9.0,0.0,9.0,32.365,0.773,2.1106628,229.0,8.0,12.0,15.9994,54.8,3.0,2.0,66.0,1.22,2.0,0.0,0.0,0.0,3.0,0.0,0.0,0.0,0.0,2.0,9.105,0.0,0.0,12.0,14.0,78.0,28.0855,1687.0,14.0,3.0,111.0,1.9,2.0,2.0,0.0,0.0,4.0,0.0,4.0,0.0,0.0,4.0,20.44,0.773,0.0,227.0
700,Fe0.978Co0.00196Si1.96Y0.04O0.06,1.619788758,0,Mgaultois/Sparks,Peer-reviewed literature,54.960919999999994,212.48368,114.29569706219999,5156.39128,36.361639999999994,10.119839999999998,358.46296,5.7726248,6.07992,4.16,5.9217200000000005,0.0,16.16164,0.0,7.96,4.27788,0.0,12.237879999999999,52.417320200000006,1.51508,2.067263221952,677.74224,18.07948788799853,69.89686706404031,37.59776347787471,1696.2036605744813,11.961223173989131,3.3289385386649823,117.91699890788037,1.8989147225621388,2.0,1.3684390584086632,1.9479598415768629,0.0,5.316398899985526,0.0,2.6184555059935,1.4072158844195317,0.0,4.025671390413031,17.242766417979183,0.498388136686009,0.6800297444545323,222.9444597955236,5.6583412503829145,11.124046718140082,13.118553023925912,76.66113656788389,2.788411155766493,0.47662196088321196,10.968787611625377,0.062232569128856455,0.0,0.9182707022556218,2.6137168078845363,0.0,1.7584427426486215,0.0,1.7814887092282397,1.8701404535108714,0.0,0.1309051068984311,4.520761565311144,0.35410943045002063,0.921631385660559,9.125894499106307,31.0,75.0,72.90645,1756.2,13.0,3.0,124.0,2.2199999999999998,0.0,4.0,7.0,0.0,6.0,0.0,4.0,9.0,0.0,7.0,23.26,0.773,2.1106628,217.0,39.0,87.0,88.90585,1811.0,16.0,5.0,190.0,3.44,2.0,4.0,7.0,0.0,9.0,0.0,4.0,9.0,0.0,9.0,32.365,0.773,2.1106628,229.0,8.0,12.0,15.9994,54.8,3.0,2.0,66.0,1.22,2.0,0.0,0.0,0.0,3.0,0.0,0.0,0.0,0.0,2.0,9.105,0.0,0.0,12.0,14.0,78.0,28.0855,1687.0,14.0,3.0,111.0,1.9,2.0,2.0,0.0,0.0,4.0,0.0,4.0,0.0,0.0,4.0,20.44,0.773,0.0,227.0
1000,Fe0.978Co0.00196Si1.96Y0.04O0.06,1.913640169,0,Mgaultois/Sparks,Peer-reviewed literature,54.960919999999994,212.48368,114.29569706219999,5156.39128,36.361639999999994,10.119839999999998,358.46296,5.7726248,6.07992,4.16,5.9217200000000005,0.0,16.16164,0.0,7.96,4.27788,0.0,12.237879999999999,52.417320200000006,1.51508,2.067263221952,677.74224,18.07948788799853,69.89686706404031,37.59776347787471,1696.2036605744813,11.961223173989131,3.3289385386649823,117.91699890788037,1.8989147225621388,2.0,1.3684390584086632,1.9479598415768629,0.0,5.316398899985526,0.0,2.6184555059935,1.4072158844195317,0.0,4.025671390413031,17.242766417979183,0.498388136686009,0.6800297444545323,222.9444597955236,5.6583412503829145,11.124046718140082,13.118553023925912,76.66113656788389,2.788411155766493,0.47662196088321196,10.968787611625377,0.062232569128856455,0.0,0.9182707022556218,2.6137168078845363,0.0,1.7584427426486215,0.0,1.7814887092282397,1.8701404535108714,0.0,0.1309051068984311,4.520761565311144,0.35410943045002063,0.921631385660559,9.125894499106307,31.0,75.0,72.90645,1756.2,13.0,3.0,124.0,2.2199999999999998,0.0,4.0,7.0,0.0,6.0,0.0,4.0,9.0,0.0,7.0,23.26,0.773,2.1106628,217.0,39.0,87.0,88.90585,1811.0,16.0,5.0,190.0,3.44,2.0,4.0,7.0,0.0,9.0,0.0,4.0,9.0,0.0,9.0,32.365,0.773,2.1106628,229.0,8.0,12.0,15.9994,54.8,3.0,2.0,66.0,1.22,2.0,0.0,0.0,0.0,3.0,0.0,0.0,0.0,0.0,2.0,9.105,0.0,0.0,12.0,14.0,78.0,28.0855,1687.0,14.0,3.0,111.0,1.9,2.0,2.0,0.0,0.0,4.0,0.0,4.0,0.0,0.0,4.0,20.44,0.773,0.0,227.0
300,Fe0.978Co0.00196Si1.96Y0.12O0.18,0.568636236,0,Mgaultois/Sparks,Peer-reviewed literature,59.04091999999999,223.88368,123.32809306219998,5306.88728,38.52164,10.759839999999999,381.58296,6.2830248,6.479920000000001,4.64,6.001720000000001,0.0,17.12164,0.0,8.2,4.99788,0.0,13.19788,56.0991202,1.51508,2.067263221952,694.70224,18.22273114482895,69.10075433030036,38.06469618828627,1637.9483944246224,11.88954184619563,3.3209792713490285,117.77397251817922,1.9392291262855095,1.9999999999999998,1.4321164458820477,1.8524055852541388,0.0,5.284522031136187,0.0,2.530895443153619,1.5425745996864157,0.0,4.073470042840035,17.314757034037456,0.46762305707477864,0.6380520814923641,214.41691872739165,6.244919474273725,12.755951143321031,14.52547429161633,175.90754885642554,3.010148550686643,0.5351273723668944,13.94850627100554,0.16675437799763448,2.2204460492503128e-16,0.9724013912594089,2.510177053219394,0.0,1.723358204893436,0.0,1.7774570867658281,2.037747159427233,0.0,0.36493265031617406,4.896051413722447,0.36947296147695263,0.8901330289094573,24.0281316923192,31.0,75.0,72.90645,1756.2,13.0,3.0,124.0,2.2199999999999998,0.0,4.0,7.0,0.0,6.0,0.0,4.0,9.0,0.0,7.0,23.26,0.773,2.1106628,217.0,39.0,87.0,88.90585,1811.0,16.0,5.0,190.0,3.44,2.0,4.0,7.0,0.0,9.0,0.0,4.0,9.0,0.0,9.0,32.365,0.773,2.1106628,229.0,8.0,12.0,15.9994,54.8,3.0,2.0,66.0,1.22,2.0,0.0,0.0,0.0,3.0,0.0,0.0,0.0,0.0,2.0,9.105,0.0,0.0,12.0,14.0,78.0,28.0855,1687.0,14.0,3.0,111.0,1.9,2.0,2.0,0.0,0.0,4.0,0.0,4.0,0.0,0.0,4.0,20.44,0.773,0.0,227.0
400,Fe0.978Co0.00196Si1.96Y0.12O0.18,0.825358807,0,Mgaultois/Sparks,Peer-reviewed literature,59.04091999999999,223.88368,123.32809306219998,5306.88728,38.52164,10.759839999999999,381.58296,6.2830248,6.479920000000001,4.64,6.001720000000001,0.0,17.12164,0.0,8.2,4.99788,0.0,13.19788,56.0991202,1.51508,2.067263221952,694.70224,18.22273114482895,69.10075433030036,38.06469618828627,1637.9483944246224,11.88954184619563,3.3209792713490285,117.77397251817922,1.9392291262855095,1.9999999999999998,1.4321164458820477,1.8524055852541388,0.0,5.284522031136187,0.0,2.530895443153619,1.5425745996864157,0.0,4.073470042840035,17.314757034037456,0.46762305707477864,0.6380520814923641,214.41691872739165,6.244919474273725,12.755951143321031,14.52547429161633,175.90754885642554,3.010148550686643,0.5351273723668944,13.94850627100554,0.16675437799763448,2.2204460492503128e-16,0.9724013912594089,2.510177053219394,0.0,1.723358204893436,0.0,1.7774570867658281,2.037747159427233,0.0,0.36493265031617406,4.896051413722447,0.36947296147695263,0.8901330289094573,24.0281316923192,31.0,75.0,72.90645,1756.2,13.0,3.0,124.0,2.2199999999999998,0.0,4.0,7.0,0.0,6.0,0.0,4.0,9.0,0.0,7.0,23.26,0.773,2.1106628,217.0,39.0,87.0,88.90585,1811.0,16.0,5.0,190.0,3.44,2.0,4.0,7.0,0.0,9.0,0.0,4.0,9.0,0.0,9.0,32.365,0.773,2.1106628,229.0,8.0,12.0,15.9994,54.8,3.0,2.0,66.0,1.22,2.0,0.0,0.0,0.0,3.0,0.0,0.0,0.0,0.0,2.0,9.105,0.0,0.0,12.0,14.0,78.0,28.0855,1687.0,14.0,3.0,111.0,1.9,2.0,2.0,0.0,0.0,4.0,0.0,4.0,0.0,0.0,4.0,20.44,0.773,0.0,227.0
700,Fe0.978Co0.00196Si1.96Y0.12O0.18,1.28567024,0,Mgaultois/Sparks,Peer-reviewed literature,59.04091999999999,223.88368,123.32809306219998,5306.88728,38.52164,10.759839999999999,381.58296,6.2830248,6.479920000000001,4.64,6.001720000000001,0.0,17.12164,0.0,8.2,4.99788,0.0,13.19788,56.0991202,1.51508,2.067263221952,694.70224,18.22273114482895,69.10075433030036,38.06469618828627,1637.9483944246224,11.88954184619563,3.3209792713490285,117.77397251817922,1.9392291262855095,1.9999999999999998,1.4321164458820477,1.8524055852541388,0.0,5.284522031136187,0.0,2.530895443153619,1.5425745996864157,0.0,4.073470042840035,17.314757034037456,0.46762305707477864,0.6380520814923641,214.41691872739165,6.244919474273725,12.755951143321031,14.52547429161633,175.90754885642554,3.010148550686643,0.5351273723668944,13.94850627100554,0.16675437799763448,2.2204460492503128e-16,0.9724013912594089,2.510177053219394,0.0,1.723358204893436,0.0,1.7774570867658281,2.037747159427233,0.0,0.36493265031617406,4.896051413722447,0.36947296147695263,0.8901330289094573,24.0281316923192,31.0,75.0,72.90645,1756.2,13.0,3.0,124.0,2.2199999999999998,0.0,4.0,7.0,0.0,6.0,0.0,4.0,9.0,0.0,7.0,23.26,0.773,2.1106628,217.0,39.0,87.0,88.90585,1811.0,16.0,5.0,190.0,3.44,2.0,4.0,7.0,0.0,9.0,0.0,4.0,9.0,0.0,9.0,32.365,0.773,2.1106628,229.0,8.0,12.0,15.9994,54.8,3.0,2.0,66.0,1.22,2.0,0.0,0.0,0.0,3.0,0.0,0.0,0.0,0.0,2.0,9.105,0.0,0.0,12.0,14.0,78.0,28.0855,1687.0,14.0,3.0,111.0,1.9,2.0,2.0,0.0,0.0,4.0,0.0,4.0,0.0,0.0,4.0,20.44,0.773,0.0,227.0
1000,Fe0.978Co0.00196Si1.96Y0.12O0.18,1.669586227,0,Mgaultois/Sparks,Peer-reviewed literature,59.04091999999999,223.88368,123.32809306219998,5306.88728,38.52164,10.759839999999999,381.58296,6.2830248,6.479920000000001,4.64,6.001720000000001,0.0,17.12164,0.0,8.2,4.99788,0.0,13.19788,56.0991202,1.51508,2.067263221952,694.70224,18.22273114482895,69.10075433030036,38.06469618828627,1637.9483944246224,11.88954184619563,3.3209792713490285,117.77397251817922,1.9392291262855095,1.9999999999999998,1.4321164458820477,1.8524055852541388,0.0,5.284522031136187,0.0,2.530895443153619,1.5425745996864157,0.0,4.073470042840035,17.314757034037456,0.46762305707477864,0.6380520814923641,214.41691872739165,6.244919474273725,12.755951143321031,14.52547429161633,175.90754885642554,3.010148550686643,0.5351273723668944,13.94850627100554,0.16675437799763448,2.2204460492503128e-16,0.9724013912594089,2.510177053219394,0.0,1.723358204893436,0.0,1.7774570867658281,2.037747159427233,0.0,0.36493265031617406,4.896051413722447,0.36947296147695263,0.8901330289094573,24.0281316923192,31.0,75.0,72.90645,1756.2,13.0,3.0,124.0,2.2199999999999998,0.0,4.0,7.0,0.0,6.0,0.0,4.0,9.0,0.0,7.0,23.26,0.773,2.1106628,217.0,39.0,87.0,88.90585,1811.0,16.0,5.0,190.0,3.44,2.0,4.0,7.0,0.0,9.0,0.0,4.0,9.0,0.0,9.0,32.365,0.773,2.1106628,229.0,8.0,12.0,15.9994,54.8,3.0,2.0,66.0,1.22,2.0,0.0,0.0,0.0,3.0,0.0,0.0,0.0,0.0,2.0,9.105,0.0,0.0,12.0,14.0,78.0,28.0855,1687.0,14.0,3.0,111.0,1.9,2.0,2.0,0.0,0.0,4.0,0.0,4.0,0.0,0.0,4.0,20.44,0.773,0.0,227.0
300,Fe1.98Ti0.02O3,0.051661796,0,Mgaultois/Sparks,Peer-reviewed literature,75.91999999999999,370.76,159.52864,3789.0,63.92,14.0,462.56,13.9742,10.0,12.0,11.919999999999998,0.0,33.92,0.0,6.0,8.08,0.0,14.08,48.8942,0.0,4.179112794666667,493.3,15.184000000000001,74.152,31.905728000000003,757.8000000000001,12.783999999999999,2.8,92.512,2.79484,2.0,2.4,2.3840000000000003,0.0,6.784,0.0,1.2,1.616,0.0,2.816,9.77884,0.0,0.8358225589333335,98.66,8.6208,15.4176,19.0875936,843.6,3.8592000000000004,0.96,31.8144,0.774192,0.0,1.92,2.8638719999999998,0.0,0.9630719999999999,0.0,0.96,1.9392,0.0,0.9792,0.808608,0.0,1.0096734709248,103.99199999999999,18.0,44.0,39.8456,1886.2,12.0,2.0,94.0,1.9,0.0,4.0,6.0,0.0,4.0,0.0,2.0,8.0,0.0,6.0,7.585000000000001,0.0,2.1106628,217.0,26.0,87.0,55.845,1941.0,16.0,4.0,160.0,3.44,2.0,4.0,6.0,0.0,8.0,0.0,2.0,8.0,0.0,8.0,16.69,0.0,2.1106628,229.0,8.0,43.0,15.9994,54.8,4.0,2.0,66.0,1.54,2.0,0.0,0.0,0.0,4.0,0.0,0.0,0.0,0.0,2.0,9.105,0.0,0.0,12.0,8.0,87.0,15.9994,54.8,16.0,2.0,66.0,3.44,2.0,4.0,0.0,0.0,6.0,0.0,2.0,0.0,0.0,2.0,9.105,0.0,0.0,12.0
400,Fe1.98Ti0.02O3,0.308118152,0,Mgaultois/Sparks,Peer-reviewed literature,75.91999999999999,370.76,159.52864,3789.0,63.92,14.0,462.56,13.9742,10.0,12.0,11.919999999999998,0.0,33.92,0.0,6.0,8.08,0.0,14.08,48.8942,0.0,4.179112794666667,493.3,15.184000000000001,74.152,31.905728000000003,757.8000000000001,12.783999999999999,2.8,92.512,2.79484,2.0,2.4,2.3840000000000003,0.0,6.784,0.0,1.2,1.616,0.0,2.816,9.77884,0.0,0.8358225589333335,98.66,8.6208,15.4176,19.0875936,843.6,3.8592000000000004,0.96,31.8144,0.774192,0.0,1.92,2.8638719999999998,0.0,0.9630719999999999,0.0,0.96,1.9392,0.0,0.9792,0.808608,0.0,1.0096734709248,103.99199999999999,18.0,44.0,39.8456,1886.2,12.0,2.0,94.0,1.9,0.0,4.0,6.0,0.0,4.0,0.0,2.0,8.0,0.0,6.0,7.585000000000001,0.0,2.1106628,217.0,26.0,87.0,55.845,1941.0,16.0,4.0,160.0,3.44,2.0,4.0,6.0,0.0,8.0,0.0,2.0,8.0,0.0,8.0,16.69,0.0,2.1106628,229.0,8.0,43.0,15.9994,54.8,4.0,2.0,66.0,1.54,2.0,0.0,0.0,0.0,4.0,0.0,0.0,0.0,0.0,2.0,9.105,0.0,0.0,12.0,8.0,87.0,15.9994,54.8,16.0,2.0,66.0,3.44,2.0,4.0,0.0,0.0,6.0,0.0,2.0,0.0,0.0,2.0,9.105,0.0,0.0,12.0
700,Fe1.98Ti0.02O3,0.745387122,0,Mgaultois/Sparks,Peer-reviewed literature,75.91999999999999,370.76,159.52864,3789.0,63.92,14.0,462.56,13.9742,10.0,12.0,11.919999999999998,0.0,33.92,0.0,6.0,8.08,0.0,14.08,48.8942,0.0,4.179112794666667,493.3,15.184000000000001,74.152,31.905728000000003,757.8000000000001,12.783999999999999,2.8,92.512,2.79484,2.0,2.4,2.3840000000000003,0.0,6.784,0.0,1.2,1.616,0.0,2.816,9.77884,0.0,0.8358225589333335,98.66,8.6208,15.4176,19.0875936,843.6,3.8592000000000004,0.96,31.8144,0.774192,0.0,1.92,2.8638719999999998,0.0,0.9630719999999999,0.0,0.96,1.9392,0.0,0.9792,0.808608,0.0,1.0096734709248,103.99199999999999,18.0,44.0,39.8456,1886.2,12.0,2.0,94.0,1.9,0.0,4.0,6.0,0.0,4.0,0.0,2.0,8.0,0.0,6.0,7.585000000000001,0.0,2.1106628,217.0,26.0,87.0,55.845,1941.0,16.0,4.0,160.0,3.44,2.0,4.0,6.0,0.0,8.0,0.0,2.0,8.0,0.0,8.0,16.69,0.0,2.1106628,229.0,8.0,43.0,15.9994,54.8,4.0,2.0,66.0,1.54,2.0,0.0,0.0,0.0,4.0,0.0,0.0,0.0,0.0,2.0,9.105,0.0,0.0,12.0,8.0,87.0,15.9994,54.8,16.0,2.0,66.0,3.44,2.0,4.0,0.0,0.0,6.0,0.0,2.0,0.0,0.0,2.0,9.105,0.0,0.0,12.0
1000,Fe1.98Ti0.02O3,0.859778755,0,Mgaultois/Sparks,Peer-reviewed literature,75.91999999999999,370.76,159.52864,3789.0,63.92,14.0,462.56,13.9742,10.0,12.0,11.919999999999998,0.0,33.92,0.0,6.0,8.08,0.0,14.08,48.8942,0.0,4.179112794666667,493.3,15.184000000000001,74.152,31.905728000000003,757.8000000000001,12.783999999999999,2.8,92.512,2.79484,2.0,2.4,2.3840000000000003,0.0,6.784,0.0,1.2,1.616,0.0,2.816,9.77884,0.0,0.8358225589333335,98.66,8.6208,15.4176,19.0875936,843.6,3.8592000000000004,0.96,31.8144,0.774192,0.0,1.92,2.8638719999999998,0.0,0.9630719999999999,0.0,0.96,1.9392,0.0,0.9792,0.808608,0.0,1.0096734709248,103.99199999999999,18.0,44.0,39.8456,1886.2,12.0,2.0,94.0,1.9,0.0,4.0,6.0,0.0,4.0,0.0,2.0,8.0,0.0,6.0,7.585000000000001,0.0,2.1106628,217.0,26.0,87.0,55.845,1941.0,16.0,4.0,160.0,3.44,2.0,4.0,6.0,0.0,8.0,0.0,2.0,8.0,0.0,8.0,16.69,0.0,2.1106628,229.0,8.0,43.0,15.9994,54.8,4.0,2.0,66.0,1.54,2.0,0.0,0.0,0.0,4.0,0.0,0.0,0.0,0.0,2.0,9.105,0.0,0.0,12.0,8.0,87.0,15.9994,54.8,16.0,2.0,66.0,3.44,2.0,4.0,0.0,0.0,6.0,0.0,2.0,0.0,0.0,2.0,9.105,0.0,0.0,12.0
300,Fe1.96Ti0.04O3,0.424353959,0,Mgaultois/Sparks,Peer-reviewed literature,75.84,370.52,159.36908,3791.6,63.84,14.0,463.11999999999995,13.9684,10.0,12.0,11.84,0.0,33.84,0.0,6.0,8.16,0.0,14.16,49.013400000000004,0.0,4.136899989333333,492.59999999999997,15.168,74.104,31.873815999999998,758.32,12.768,2.8,92.624,2.79368,2.0,2.4,2.3680000000000003,0.0,6.768,0.0,1.2,1.6320000000000001,0.0,2.832,9.80268,0.0,0.8273799978666667,98.52000000000001,8.6016,15.475200000000001,19.0492992,844.2239999999999,3.8784,0.96,31.9488,0.7755839999999998,0.0,1.92,2.8474880000000002,0.0,0.965888,0.0,0.96,1.9584000000000001,0.0,0.9984,0.837216,0.0,1.0060937168725332,103.82400000000001,18.0,44.0,39.8456,1886.2,12.0,2.0,94.0,1.9,0.0,4.0,6.0,0.0,4.0,0.0,2.0,8.0,0.0,6.0,7.585000000000001,0.0,2.1106628,217.0,26.0,87.0,55.845,1941.0,16.0,4.0,160.0,3.44,2.0,4.0,6.0,0.0,8.0,0.0,2.0,8.0,0.0,8.0,16.69,0.0,2.1106628,229.0,8.0,43.0,15.9994,54.8,4.0,2.0,66.0,1.54,2.0,0.0,0.0,0.0,4.0,0.0,0.0,0.0,0.0,2.0,9.105,0.0,0.0,12.0,8.0,87.0,15.9994,54.8,16.0,2.0,66.0,3.44,2.0,4.0,0.0,0.0,6.0,0.0,2.0,0.0,0.0,2.0,9.105,0.0,0.0,12.0
400,Fe1.96Ti0.04O3,0.669741667,0,Mgaultois/Sparks,Peer-reviewed literature,75.84,370.52,159.36908,3791.6,63.84,14.0,463.11999999999995,13.9684,10.0,12.0,11.84,0.0,33.84,0.0,6.0,8.16,0.0,14.16,49.013400000000004,0.0,4.136899989333333,492.59999999999997,15.168,74.104,31.873815999999998,758.32,12.768,2.8,92.624,2.79368,2.0,2.4,2.3680000000000003,0.0,6.768,0.0,1.2,1.6320000000000001,0.0,2.832,9.80268,0.0,0.8273799978666667,98.52000000000001,8.6016,15.475200000000001,19.0492992,844.2239999999999,3.8784,0.96,31.9488,0.7755839999999998,0.0,1.92,2.8474880000000002,0.0,0.965888,0.0,0.96,1.9584000000000001,0.0,0.9984,0.837216,0.0,1.0060937168725332,103.82400000000001,18.0,44.0,39.8456,1886.2,12.0,2.0,94.0,1.9,0.0,4.0,6.0,0.0,4.0,0.0,2.0,8.0,0.0,6.0,7.585000000000001,0.0,2.1106628,217.0,26.0,87.0,55.845,1941.0,16.0,4.0,160.0,3.44,2.0,4.0,6.0,0.0,8.0,0.0,2.0,8.0,0.0,8.0,16.69,0.0,2.1106628,229.0,8.0,43.0,15.9994,54.8,4.0,2.0,66.0,1.54,2.0,0.0,0.0,0.0,4.0,0.0,0.0,0.0,0.0,2.0,9.105,0.0,0.0,12.0,8.0,87.0,15.9994,54.8,16.0,2.0,66.0,3.44,2.0,4.0,0.0,0.0,6.0,0.0,2.0,0.0,0.0,2.0,9.105,0.0,0.0,12.0
700,Fe1.96Ti0.04O3,1.025829982,0,Mgaultois/Sparks,Peer-reviewed literature,75.84,370.52,159.36908,3791.6,63.84,14.0,463.11999999999995,13.9684,10.0,12.0,11.84,0.0,33.84,0.0,6.0,8.16,0.0,14.16,49.013400000000004,0.0,4.136899989333333,492.59999999999997,15.168,74.104,31.873815999999998,758.32,12.768,2.8,92.624,2.79368,2.0,2.4,2.3680000000000003,0.0,6.768,0.0,1.2,1.6320000000000001,0.0,2.832,9.80268,0.0,0.8273799978666667,98.52000000000001,8.6016,15.475200000000001,19.0492992,844.2239999999999,3.8784,0.96,31.9488,0.7755839999999998,0.0,1.92,2.8474880000000002,0.0,0.965888,0.0,0.96,1.9584000000000001,0.0,0.9984,0.837216,0.0,1.0060937168725332,103.82400000000001,18.0,44.0,39.8456,1886.2,12.0,2.0,94.0,1.9,0.0,4.0,6.0,0.0,4.0,0.0,2.0,8.0,0.0,6.0,7.585000000000001,0.0,2.1106628,217.0,26.0,87.0,55.845,1941.0,16.0,4.0,160.0,3.44,2.0,4.0,6.0,0.0,8.0,0.0,2.0,8.0,0.0,8.0,16.69,0.0,2.1106628,229.0,8.0,43.0,15.9994,54.8,4.0,2.0,66.0,1.54,2.0,0.0,0.0,0.0,4.0,0.0,0.0,0.0,0.0,2.0,9.105,0.0,0.0,12.0,8.0,87.0,15.9994,54.8,16.0,2.0,66.0,3.44,2.0,4.0,0.0,0.0,6.0,0.0,2.0,0.0,0.0,2.0,9.105,0.0,0.0,12.0
1000,Fe1.96Ti0.04O3,1.142067066,0,Mgaultois/Sparks,Peer-reviewed literature,75.84,370.52,159.36908,3791.6,63.84,14.0,463.11999999999995,13.9684,10.0,12.0,11.84,0.0,33.84,0.0,6.0,8.16,0.0,14.16,49.013400000000004,0.0,4.136899989333333,492.59999999999997,15.168,74.104,31.873815999999998,758.32,12.768,2.8,92.624,2.79368,2.0,2.4,2.3680000000000003,0.0,6.768,0.0,1.2,1.6320000000000001,0.0,2.832,9.80268,0.0,0.8273799978666667,98.52000000000001,8.6016,15.475200000000001,19.0492992,844.2239999999999,3.8784,0.96,31.9488,0.7755839999999998,0.0,1.92,2.8474880000000002,0.0,0.965888,0.0,0.96,1.9584000000000001,0.0,0.9984,0.837216,0.0,1.0060937168725332,103.82400000000001,18.0,44.0,39.8456,1886.2,12.0,2.0,94.0,1.9,0.0,4.0,6.0,0.0,4.0,0.0,2.0,8.0,0.0,6.0,7.585000000000001,0.0,2.1106628,217.0,26.0,87.0,55.845,1941.0,16.0,4.0,160.0,3.44,2.0,4.0,6.0,0.0,8.0,0.0,2.0,8.0,0.0,8.0,16.69,0.0,2.1106628,229.0,8.0,43.0,15.9994,54.8,4.0,2.0,66.0,1.54,2.0,0.0,0.0,0.0,4.0,0.0,0.0,0.0,0.0,2.0,9.105,0.0,0.0,12.0,8.0,87.0,15.9994,54.8,16.0,2.0,66.0,3.44,2.0,4.0,0.0,0.0,6.0,0.0,2.0,0.0,0.0,2.0,9.105,0.0,0.0,12.0
300,Fe1.94Ti0.06O3,0.385608061,0,Mgaultois/Sparks,Peer-reviewed literature,75.75999999999999,370.28,159.20952,3794.2,63.76,14.0,463.68,13.9626,10.0,12.0,11.76,0.0,33.76,0.0,6.0,8.24,0.0,14.24,49.1326,0.0,4.094687184,491.9,15.152000000000001,74.056,31.841904,758.84,12.751999999999999,2.8,92.736,2.79252,2.0,2.4,2.3520000000000003,0.0,6.752,0.0,1.2,1.6480000000000001,0.0,2.848,9.82652,0.0,0.8189374368,98.38000000000001,8.5824,15.5328,19.011004800000002,844.848,3.8976,0.96,32.083200000000005,0.7769759999999999,0.0,1.92,2.8308480000000005,0.0,0.968448,0.0,0.96,1.9775999999999998,0.0,1.0175999999999998,0.8658239999999999,0.0,1.0023788818432,103.656,18.0,44.0,39.8456,1886.2,12.0,2.0,94.0,1.9,0.0,4.0,6.0,0.0,4.0,0.0,2.0,8.0,0.0,6.0,7.585000000000001,0.0,2.1106628,217.0,26.0,87.0,55.845,1941.0,16.0,4.0,160.0,3.44,2.0,4.0,6.0,0.0,8.0,0.0,2.0,8.0,0.0,8.0,16.69,0.0,2.1106628,229.0,8.0,43.0,15.9994,54.8,4.0,2.0,66.0,1.54,2.0,0.0,0.0,0.0,4.0,0.0,0.0,0.0,0.0,2.0,9.105,0.0,0.0,12.0,8.0,87.0,15.9994,54.8,16.0,2.0,66.0,3.44,2.0,4.0,0.0,0.0,6.0,0.0,2.0,0.0,0.0,2.0,9.105,0.0,0.0,12.0
400,Fe1.94Ti0.06O3,0.686346642,0,Mgaultois/Sparks,Peer-reviewed literature,75.75999999999999,370.28,159.20952,3794.2,63.76,14.0,463.68,13.9626,10.0,12.0,11.76,0.0,33.76,0.0,6.0,8.24,0.0,14.24,49.1326,0.0,4.094687184,491.9,15.152000000000001,74.056,31.841904,758.84,12.751999999999999,2.8,92.736,2.79252,2.0,2.4,2.3520000000000003,0.0,6.752,0.0,1.2,1.6480000000000001,0.0,2.848,9.82652,0.0,0.8189374368,98.38000000000001,8.5824,15.5328,19.011004800000002,844.848,3.8976,0.96,32.083200000000005,0.7769759999999999,0.0,1.92,2.8308480000000005,0.0,0.968448,0.0,0.96,1.9775999999999998,0.0,1.0175999999999998,0.8658239999999999,0.0,1.0023788818432,103.656,18.0,44.0,39.8456,1886.2,12.0,2.0,94.0,1.9,0.0,4.0,6.0,0.0,4.0,0.0,2.0,8.0,0.0,6.0,7.585000000000001,0.0,2.1106628,217.0,26.0,87.0,55.845,1941.0,16.0,4.0,160.0,3.44,2.0,4.0,6.0,0.0,8.0,0.0,2.0,8.0,0.0,8.0,16.69,0.0,2.1106628,229.0,8.0,43.0,15.9994,54.8,4.0,2.0,66.0,1.54,2.0,0.0,0.0,0.0,4.0,0.0,0.0,0.0,0.0,2.0,9.105,0.0,0.0,12.0,8.0,87.0,15.9994,54.8,16.0,2.0,66.0,3.44,2.0,4.0,0.0,0.0,6.0,0.0,2.0,0.0,0.0,2.0,9.105,0.0,0.0,12.0
700,Fe1.94Ti0.06O3,1.119925297,0,Mgaultois/Sparks,Peer-reviewed literature,75.75999999999999,370.28,159.20952,3794.2,63.76,14.0,463.68,13.9626,10.0,12.0,11.76,0.0,33.76,0.0,6.0,8.24,0.0,14.24,49.1326,0.0,4.094687184,491.9,15.152000000000001,74.056,31.841904,758.84,12.751999999999999,2.8,92.736,2.79252,2.0,2.4,2.3520000000000003,0.0,6.752,0.0,1.2,1.6480000000000001,0.0,2.848,9.82652,0.0,0.8189374368,98.38000000000001,8.5824,15.5328,19.011004800000002,844.848,3.8976,0.96,32.083200000000005,0.7769759999999999,0.0,1.92,2.8308480000000005,0.0,0.968448,0.0,0.96,1.9775999999999998,0.0,1.0175999999999998,0.8658239999999999,0.0,1.0023788818432,103.656,18.0,44.0,39.8456,1886.2,12.0,2.0,94.0,1.9,0.0,4.0,6.0,0.0,4.0,0.0,2.0,8.0,0.0,6.0,7.585000000000001,0.0,2.1106628,217.0,26.0,87.0,55.845,1941.0,16.0,4.0,160.0,3.44,2.0,4.0,6.0,0.0,8.0,0.0,2.0,8.0,0.0,8.0,16.69,0.0,2.1106628,229.0,8.0,43.0,15.9994,54.8,4.0,2.0,66.0,1.54,2.0,0.0,0.0,0.0,4.0,0.0,0.0,0.0,0.0,2.0,9.105,0.0,0.0,12.0,8.0,87.0,15.9994,54.8,16.0,2.0,66.0,3.44,2.0,4.0,0.0,0.0,6.0,0.0,2.0,0.0,0.0,2.0,9.105,0.0,0.0,12.0
1000,Fe1.94Ti0.06O3,1.239852317,0,Mgaultois/Sparks,Peer-reviewed literature,75.75999999999999,370.28,159.20952,3794.2,63.76,14.0,463.68,13.9626,10.0,12.0,11.76,0.0,33.76,0.0,6.0,8.24,0.0,14.24,49.1326,0.0,4.094687184,491.9,15.152000000000001,74.056,31.841904,758.84,12.751999999999999,2.8,92.736,2.79252,2.0,2.4,2.3520000000000003,0.0,6.752,0.0,1.2,1.6480000000000001,0.0,2.848,9.82652,0.0,0.8189374368,98.38000000000001,8.5824,15.5328,19.011004800000002,844.848,3.8976,0.96,32.083200000000005,0.7769759999999999,0.0,1.92,2.8308480000000005,0.0,0.968448,0.0,0.96,1.9775999999999998,0.0,1.0175999999999998,0.8658239999999999,0.0,1.0023788818432,103.656,18.0,44.0,39.8456,1886.2,12.0,2.0,94.0,1.9,0.0,4.0,6.0,0.0,4.0,0.0,2.0,8.0,0.0,6.0,7.585000000000001,0.0,2.1106628,217.0,26.0,87.0,55.845,1941.0,16.0,4.0,160.0,3.44,2.0,4.0,6.0,0.0,8.0,0.0,2.0,8.0,0.0,8.0,16.69,0.0,2.1106628,229.0,8.0,43.0,15.9994,54.8,4.0,2.0,66.0,1.54,2.0,0.0,0.0,0.0,4.0,0.0,0.0,0.0,0.0,2.0,9.105,0.0,0.0,12.0,8.0,87.0,15.9994,54.8,16.0,2.0,66.0,3.44,2.0,4.0,0.0,0.0,6.0,0.0,2.0,0.0,0.0,2.0,9.105,0.0,0.0,12.0
300,Fe1.98Sn0.02O3,0.0,0,Mgaultois/Sparks,Peer-reviewed literature,76.47999999999999,371.5,160.94549999999998,3760.2816,64.12,14.02,462.14,13.982600000000001,10.0,12.04,12.079999999999998,0.0,34.120000000000005,0.0,6.08,7.92,0.0,14.0,49.2261,0.0,4.179112344,492.24,15.296,74.3,32.1891,752.05632,12.824,2.8040000000000003,92.428,2.79652,2.0,2.408,2.4160000000000004,0.0,6.824,0.0,1.216,1.584,0.0,2.8,9.845220000000001,0.0,0.8358224688000001,98.448,8.7552,15.2856,19.427639999999997,838.68339456,3.820608,0.9648000000000001,31.7136,0.7721759999999999,0.0,1.9104,2.8992,0.0,0.9888,0.0,0.9630719999999999,1.913472,0.0,0.96,0.8882640000000002,0.0,1.0096735423104002,103.73760000000001,42.0,32.0,102.7106,1756.2,8.0,3.0,73.0,1.6099999999999999,0.0,4.0,10.0,0.0,8.0,0.0,4.0,4.0,0.0,2.0,24.179999999999996,0.0,2.1106628,217.0,50.0,87.0,118.71,1811.0,16.0,5.0,139.0,3.44,2.0,4.0,10.0,0.0,14.0,0.0,4.0,4.0,0.0,4.0,33.285,0.0,2.1106628,229.0,8.0,55.0,15.9994,54.8,8.0,2.0,66.0,1.83,2.0,0.0,0.0,0.0,6.0,0.0,0.0,0.0,0.0,2.0,9.105,0.0,0.0,12.0,8.0,87.0,15.9994,54.8,16.0,2.0,66.0,3.44,2.0,4.0,0.0,0.0,6.0,0.0,2.0,0.0,0.0,2.0,9.105,0.0,0.0,12.0
400,Fe1.98Sn0.02O3,0.287821877,0,Mgaultois/Sparks,Peer-reviewed literature,76.47999999999999,371.5,160.94549999999998,3760.2816,64.12,14.02,462.14,13.982600000000001,10.0,12.04,12.079999999999998,0.0,34.120000000000005,0.0,6.08,7.92,0.0,14.0,49.2261,0.0,4.179112344,492.24,15.296,74.3,32.1891,752.05632,12.824,2.8040000000000003,92.428,2.79652,2.0,2.408,2.4160000000000004,0.0,6.824,0.0,1.216,1.584,0.0,2.8,9.845220000000001,0.0,0.8358224688000001,98.448,8.7552,15.2856,19.427639999999997,838.68339456,3.820608,0.9648000000000001,31.7136,0.7721759999999999,0.0,1.9104,2.8992,0.0,0.9888,0.0,0.9630719999999999,1.913472,0.0,0.96,0.8882640000000002,0.0,1.0096735423104002,103.73760000000001,42.0,32.0,102.7106,1756.2,8.0,3.0,73.0,1.6099999999999999,0.0,4.0,10.0,0.0,8.0,0.0,4.0,4.0,0.0,2.0,24.179999999999996,0.0,2.1106628,217.0,50.0,87.0,118.71,1811.0,16.0,5.0,139.0,3.44,2.0,4.0,10.0,0.0,14.0,0.0,4.0,4.0,0.0,4.0,33.285,0.0,2.1106628,229.0,8.0,55.0,15.9994,54.8,8.0,2.0,66.0,1.83,2.0,0.0,0.0,0.0,6.0,0.0,0.0,0.0,0.0,2.0,9.105,0.0,0.0,12.0,8.0,87.0,15.9994,54.8,16.0,2.0,66.0,3.44,2.0,4.0,0.0,0.0,6.0,0.0,2.0,0.0,0.0,2.0,9.105,0.0,0.0,12.0
700,Fe1.98Sn0.02O3,0.671586568,0,Mgaultois/Sparks,Peer-reviewed literature,76.47999999999999,371.5,160.94549999999998,3760.2816,64.12,14.02,462.14,13.982600000000001,10.0,12.04,12.079999999999998,0.0,34.120000000000005,0.0,6.08,7.92,0.0,14.0,49.2261,0.0,4.179112344,492.24,15.296,74.3,32.1891,752.05632,12.824,2.8040000000000003,92.428,2.79652,2.0,2.408,2.4160000000000004,0.0,6.824,0.0,1.216,1.584,0.0,2.8,9.845220000000001,0.0,0.8358224688000001,98.448,8.7552,15.2856,19.427639999999997,838.68339456,3.820608,0.9648000000000001,31.7136,0.7721759999999999,0.0,1.9104,2.8992,0.0,0.9888,0.0,0.9630719999999999,1.913472,0.0,0.96,0.8882640000000002,0.0,1.0096735423104002,103.73760000000001,42.0,32.0,102.7106,1756.2,8.0,3.0,73.0,1.6099999999999999,0.0,4.0,10.0,0.0,8.0,0.0,4.0,4.0,0.0,2.0,24.179999999999996,0.0,2.1106628,217.0,50.0,87.0,118.71,1811.0,16.0,5.0,139.0,3.44,2.0,4.0,10.0,0.0,14.0,0.0,4.0,4.0,0.0,4.0,33.285,0.0,2.1106628,229.0,8.0,55.0,15.9994,54.8,8.0,2.0,66.0,1.83,2.0,0.0,0.0,0.0,6.0,0.0,0.0,0.0,0.0,2.0,9.105,0.0,0.0,12.0,8.0,87.0,15.9994,54.8,16.0,2.0,66.0,3.44,2.0,4.0,0.0,0.0,6.0,0.0,2.0,0.0,0.0,2.0,9.105,0.0,0.0,12.0
1000,Fe1.98Sn0.02O3,0.789668125,0,Mgaultois/Sparks,Peer-reviewed literature,76.47999999999999,371.5,160.94549999999998,3760.2816,64.12,14.02,462.14,13.982600000000001,10.0,12.04,12.079999999999998,0.0,34.120000000000005,0.0,6.08,7.92,0.0,14.0,49.2261,0.0,4.179112344,492.24,15.296,74.3,32.1891,752.05632,12.824,2.8040000000000003,92.428,2.79652,2.0,2.408,2.4160000000000004,0.0,6.824,0.0,1.216,1.584,0.0,2.8,9.845220000000001,0.0,0.8358224688000001,98.448,8.7552,15.2856,19.427639999999997,838.68339456,3.820608,0.9648000000000001,31.7136,0.7721759999999999,0.0,1.9104,2.8992,0.0,0.9888,0.0,0.9630719999999999,1.913472,0.0,0.96,0.8882640000000002,0.0,1.0096735423104002,103.73760000000001,42.0,32.0,102.7106,1756.2,8.0,3.0,73.0,1.6099999999999999,0.0,4.0,10.0,0.0,8.0,0.0,4.0,4.0,0.0,2.0,24.179999999999996,0.0,2.1106628,217.0,50.0,87.0,118.71,1811.0,16.0,5.0,139.0,3.44,2.0,4.0,10.0,0.0,14.0,0.0,4.0,4.0,0.0,4.0,33.285,0.0,2.1106628,229.0,8.0,55.0,15.9994,54.8,8.0,2.0,66.0,1.83,2.0,0.0,0.0,0.0,6.0,0.0,0.0,0.0,0.0,2.0,9.105,0.0,0.0,12.0,8.0,87.0,15.9994,54.8,16.0,2.0,66.0,3.44,2.0,4.0,0.0,0.0,6.0,0.0,2.0,0.0,0.0,2.0,9.105,0.0,0.0,12.0
300,Fe1.96Sn0.04O3,0.33025748,0,Mgaultois/Sparks,Peer-reviewed literature,76.96000000000001,372.0,162.2028,3734.1632,64.24,14.04,462.28,13.9852,10.0,12.08,12.16,0.0,34.239999999999995,0.0,6.16,7.84,0.0,14.0,49.6772,0.0,4.136899088,490.47999999999996,15.392,74.4,32.44056,746.8326400000001,12.847999999999999,2.808,92.456,2.79704,2.0,2.416,2.4320000000000004,0.0,6.848,0.0,1.232,1.568,0.0,2.8,9.93544,0.0,0.8273798176,98.096,8.8704,15.209599999999998,19.729391999999997,834.3072102400001,3.800832,0.9696,31.7472,0.7715519999999999,0.0,1.9008,2.9184,0.0,1.0176,0.0,0.9658880000000001,1.906688,0.0,0.96,0.9965279999999999,0.0,1.0060938582016001,103.3152,42.0,32.0,102.7106,1756.2,8.0,3.0,73.0,1.6099999999999999,0.0,4.0,10.0,0.0,8.0,0.0,4.0,4.0,0.0,2.0,24.179999999999996,0.0,2.1106628,217.0,50.0,87.0,118.71,1811.0,16.0,5.0,139.0,3.44,2.0,4.0,10.0,0.0,14.0,0.0,4.0,4.0,0.0,4.0,33.285,0.0,2.1106628,229.0,8.0,55.0,15.9994,54.8,8.0,2.0,66.0,1.83,2.0,0.0,0.0,0.0,6.0,0.0,0.0,0.0,0.0,2.0,9.105,0.0,0.0,12.0,8.0,87.0,15.9994,54.8,16.0,2.0,66.0,3.44,2.0,4.0,0.0,0.0,6.0,0.0,2.0,0.0,0.0,2.0,9.105,0.0,0.0,12.0
400,Fe1.96Sn0.04O3,0.579335357,0,Mgaultois/Sparks,Peer-reviewed literature,76.96000000000001,372.0,162.2028,3734.1632,64.24,14.04,462.28,13.9852,10.0,12.08,12.16,0.0,34.239999999999995,0.0,6.16,7.84,0.0,14.0,49.6772,0.0,4.136899088,490.47999999999996,15.392,74.4,32.44056,746.8326400000001,12.847999999999999,2.808,92.456,2.79704,2.0,2.416,2.4320000000000004,0.0,6.848,0.0,1.232,1.568,0.0,2.8,9.93544,0.0,0.8273798176,98.096,8.8704,15.209599999999998,19.729391999999997,834.3072102400001,3.800832,0.9696,31.7472,0.7715519999999999,0.0,1.9008,2.9184,0.0,1.0176,0.0,0.9658880000000001,1.906688,0.0,0.96,0.9965279999999999,0.0,1.0060938582016001,103.3152,42.0,32.0,102.7106,1756.2,8.0,3.0,73.0,1.6099999999999999,0.0,4.0,10.0,0.0,8.0,0.0,4.0,4.0,0.0,2.0,24.179999999999996,0.0,2.1106628,217.0,50.0,87.0,118.71,1811.0,16.0,5.0,139.0,3.44,2.0,4.0,10.0,0.0,14.0,0.0,4.0,4.0,0.0,4.0,33.285,0.0,2.1106628,229.0,8.0,55.0,15.9994,54.8,8.0,2.0,66.0,1.83,2.0,0.0,0.0,0.0,6.0,0.0,0.0,0.0,0.0,2.0,9.105,0.0,0.0,12.0,8.0,87.0,15.9994,54.8,16.0,2.0,66.0,3.44,2.0,4.0,0.0,0.0,6.0,0.0,2.0,0.0,0.0,2.0,9.105,0.0,0.0,12.0
700,Fe1.96Sn0.04O3,0.968634693,0,Mgaultois/Sparks,Peer-reviewed literature,76.96000000000001,372.0,162.2028,3734.1632,64.24,14.04,462.28,13.9852,10.0,12.08,12.16,0.0,34.239999999999995,0.0,6.16,7.84,0.0,14.0,49.6772,0.0,4.136899088,490.47999999999996,15.392,74.4,32.44056,746.8326400000001,12.847999999999999,2.808,92.456,2.79704,2.0,2.416,2.4320000000000004,0.0,6.848,0.0,1.232,1.568,0.0,2.8,9.93544,0.0,0.8273798176,98.096,8.8704,15.209599999999998,19.729391999999997,834.3072102400001,3.800832,0.9696,31.7472,0.7715519999999999,0.0,1.9008,2.9184,0.0,1.0176,0.0,0.9658880000000001,1.906688,0.0,0.96,0.9965279999999999,0.0,1.0060938582016001,103.3152,42.0,32.0,102.7106,1756.2,8.0,3.0,73.0,1.6099999999999999,0.0,4.0,10.0,0.0,8.0,0.0,4.0,4.0,0.0,2.0,24.179999999999996,0.0,2.1106628,217.0,50.0,87.0,118.71,1811.0,16.0,5.0,139.0,3.44,2.0,4.0,10.0,0.0,14.0,0.0,4.0,4.0,0.0,4.0,33.285,0.0,2.1106628,229.0,8.0,55.0,15.9994,54.8,8.0,2.0,66.0,1.83,2.0,0.0,0.0,0.0,6.0,0.0,0.0,0.0,0.0,2.0,9.105,0.0,0.0,12.0,8.0,87.0,15.9994,54.8,16.0,2.0,66.0,3.44,2.0,4.0,0.0,0.0,6.0,0.0,2.0,0.0,0.0,2.0,9.105,0.0,0.0,12.0
1000,Fe1.96Sn0.04O3,1.059040586,0,Mgaultois/Sparks,Peer-reviewed literature,76.96000000000001,372.0,162.2028,3734.1632,64.24,14.04,462.28,13.9852,10.0,12.08,12.16,0.0,34.239999999999995,0.0,6.16,7.84,0.0,14.0,49.6772,0.0,4.136899088,490.47999999999996,15.392,74.4,32.44056,746.8326400000001,12.847999999999999,2.808,92.456,2.79704,2.0,2.416,2.4320000000000004,0.0,6.848,0.0,1.232,1.568,0.0,2.8,9.93544,0.0,0.8273798176,98.096,8.8704,15.209599999999998,19.729391999999997,834.3072102400001,3.800832,0.9696,31.7472,0.7715519999999999,0.0,1.9008,2.9184,0.0,1.0176,0.0,0.9658880000000001,1.906688,0.0,0.96,0.9965279999999999,0.0,1.0060938582016001,103.3152,42.0,32.0,102.7106,1756.2,8.0,3.0,73.0,1.6099999999999999,0.0,4.0,10.0,0.0,8.0,0.0,4.0,4.0,0.0,2.0,24.179999999999996,0.0,2.1106628,217.0,50.0,87.0,118.71,1811.0,16.0,5.0,139.0,3.44,2.0,4.0,10.0,0.0,14.0,0.0,4.0,4.0,0.0,4.0,33.285,0.0,2.1106628,229.0,8.0,55.0,15.9994,54.8,8.0,2.0,66.0,1.83,2.0,0.0,0.0,0.0,6.0,0.0,0.0,0.0,0.0,2.0,9.105,0.0,0.0,12.0,8.0,87.0,15.9994,54.8,16.0,2.0,66.0,3.44,2.0,4.0,0.0,0.0,6.0,0.0,2.0,0.0,0.0,2.0,9.105,0.0,0.0,12.0
300,Nd2CuO4,-0.465217729,0,Mgaultois/Sparks,Peer-reviewed literature,181.0,450.0,416.02759999999995,4164.97,81.0,24.0,798.0,17.939999999999998,13.0,16.0,10.0,8.0,47.0,1.0,8.0,0.0,20.0,29.0,117.11,0.0,0.0,661.0,25.857142857142854,64.28571428571428,59.43251428571428,594.9957142857143,11.571428571428571,3.4285714285714284,114.0,2.5628571428571427,1.857142857142857,2.2857142857142856,1.4285714285714284,1.1428571428571428,6.7142857142857135,0.14285714285714285,1.1428571428571428,0.0,2.8571428571428568,4.142857142857142,16.73,0.0,0.0,94.42857142857142,20.408163265306122,25.95918367346939,49.63784489795917,617.3665306122449,5.061224489795919,1.6326530612244896,54.85714285714285,1.0024489795918368,0.24489795918367357,1.9591836734693877,2.448979591836734,1.6326530612244898,1.224489795918367,0.24489795918367346,0.9795918367346939,0.0,4.081632653061224,3.346938775510204,10.331428571428571,0.0,0.0,94.20408163265306,52.0,68.0,128.24259999999998,1302.97,13.0,4.0,135.0,2.3,1.0,4.0,10.0,4.0,5.0,1.0,2.0,0.0,10.0,9.0,25.705000000000002,0.0,0.0,213.0,60.0,87.0,144.242,1357.77,16.0,6.0,201.0,3.44,2.0,4.0,10.0,4.0,11.0,1.0,2.0,0.0,10.0,10.0,34.81,0.0,0.0,225.0,8.0,19.0,15.9994,54.8,3.0,2.0,66.0,1.14,1.0,0.0,0.0,0.0,6.0,0.0,0.0,0.0,0.0,1.0,9.105,0.0,0.0,12.0,8.0,87.0,15.9994,54.8,16.0,2.0,66.0,3.44,2.0,4.0,0.0,0.0,6.0,0.0,2.0,0.0,0.0,2.0,9.105,0.0,0.0,12.0
400,Nd2CuO4,-0.334783368,0,Mgaultois/Sparks,Peer-reviewed literature,181.0,450.0,416.02759999999995,4164.97,81.0,24.0,798.0,17.939999999999998,13.0,16.0,10.0,8.0,47.0,1.0,8.0,0.0,20.0,29.0,117.11,0.0,0.0,661.0,25.857142857142854,64.28571428571428,59.43251428571428,594.9957142857143,11.571428571428571,3.4285714285714284,114.0,2.5628571428571427,1.857142857142857,2.2857142857142856,1.4285714285714284,1.1428571428571428,6.7142857142857135,0.14285714285714285,1.1428571428571428,0.0,2.8571428571428568,4.142857142857142,16.73,0.0,0.0,94.42857142857142,20.408163265306122,25.95918367346939,49.63784489795917,617.3665306122449,5.061224489795919,1.6326530612244896,54.85714285714285,1.0024489795918368,0.24489795918367357,1.9591836734693877,2.448979591836734,1.6326530612244898,1.224489795918367,0.24489795918367346,0.9795918367346939,0.0,4.081632653061224,3.346938775510204,10.331428571428571,0.0,0.0,94.20408163265306,52.0,68.0,128.24259999999998,1302.97,13.0,4.0,135.0,2.3,1.0,4.0,10.0,4.0,5.0,1.0,2.0,0.0,10.0,9.0,25.705000000000002,0.0,0.0,213.0,60.0,87.0,144.242,1357.77,16.0,6.0,201.0,3.44,2.0,4.0,10.0,4.0,11.0,1.0,2.0,0.0,10.0,10.0,34.81,0.0,0.0,225.0,8.0,19.0,15.9994,54.8,3.0,2.0,66.0,1.14,1.0,0.0,0.0,0.0,6.0,0.0,0.0,0.0,0.0,1.0,9.105,0.0,0.0,12.0,8.0,87.0,15.9994,54.8,16.0,2.0,66.0,3.44,2.0,4.0,0.0,0.0,6.0,0.0,2.0,0.0,0.0,2.0,9.105,0.0,0.0,12.0
700,Nd2CuO4,1.613042904,0,Mgaultois/Sparks,Peer-reviewed literature,181.0,450.0,416.02759999999995,4164.97,81.0,24.0,798.0,17.939999999999998,13.0,16.0,10.0,8.0,47.0,1.0,8.0,0.0,20.0,29.0,117.11,0.0,0.0,661.0,25.857142857142854,64.28571428571428,59.43251428571428,594.9957142857143,11.571428571428571,3.4285714285714284,114.0,2.5628571428571427,1.857142857142857,2.2857142857142856,1.4285714285714284,1.1428571428571428,6.7142857142857135,0.14285714285714285,1.1428571428571428,0.0,2.8571428571428568,4.142857142857142,16.73,0.0,0.0,94.42857142857142,20.408163265306122,25.95918367346939,49.63784489795917,617.3665306122449,5.061224489795919,1.6326530612244896,54.85714285714285,1.0024489795918368,0.24489795918367357,1.9591836734693877,2.448979591836734,1.6326530612244898,1.224489795918367,0.24489795918367346,0.9795918367346939,0.0,4.081632653061224,3.346938775510204,10.331428571428571,0.0,0.0,94.20408163265306,52.0,68.0,128.24259999999998,1302.97,13.0,4.0,135.0,2.3,1.0,4.0,10.0,4.0,5.0,1.0,2.0,0.0,10.0,9.0,25.705000000000002,0.0,0.0,213.0,60.0,87.0,144.242,1357.77,16.0,6.0,201.0,3.44,2.0,4.0,10.0,4.0,11.0,1.0,2.0,0.0,10.0,10.0,34.81,0.0,0.0,225.0,8.0,19.0,15.9994,54.8,3.0,2.0,66.0,1.14,1.0,0.0,0.0,0.0,6.0,0.0,0.0,0.0,0.0,1.0,9.105,0.0,0.0,12.0,8.0,87.0,15.9994,54.8,16.0,2.0,66.0,3.44,2.0,4.0,0.0,0.0,6.0,0.0,2.0,0.0,0.0,2.0,9.105,0.0,0.0,12.0
1000,Nd2CuO4,2.800000875,0,Mgaultois/Sparks,Peer-reviewed literature,181.0,450.0,416.02759999999995,4164.97,81.0,24.0,798.0,17.939999999999998,13.0,16.0,10.0,8.0,47.0,1.0,8.0,0.0,20.0,29.0,117.11,0.0,0.0,661.0,25.857142857142854,64.28571428571428,59.43251428571428,594.9957142857143,11.571428571428571,3.4285714285714284,114.0,2.5628571428571427,1.857142857142857,2.2857142857142856,1.4285714285714284,1.1428571428571428,6.7142857142857135,0.14285714285714285,1.1428571428571428,0.0,2.8571428571428568,4.142857142857142,16.73,0.0,0.0,94.42857142857142,20.408163265306122,25.95918367346939,49.63784489795917,617.3665306122449,5.061224489795919,1.6326530612244896,54.85714285714285,1.0024489795918368,0.24489795918367357,1.9591836734693877,2.448979591836734,1.6326530612244898,1.224489795918367,0.24489795918367346,0.9795918367346939,0.0,4.081632653061224,3.346938775510204,10.331428571428571,0.0,0.0,94.20408163265306,52.0,68.0,128.24259999999998,1302.97,13.0,4.0,135.0,2.3,1.0,4.0,10.0,4.0,5.0,1.0,2.0,0.0,10.0,9.0,25.705000000000002,0.0,0.0,213.0,60.0,87.0,144.242,1357.77,16.0,6.0,201.0,3.44,2.0,4.0,10.0,4.0,11.0,1.0,2.0,0.0,10.0,10.0,34.81,0.0,0.0,225.0,8.0,19.0,15.9994,54.8,3.0,2.0,66.0,1.14,1.0,0.0,0.0,0.0,6.0,0.0,0.0,0.0,0.0,1.0,9.105,0.0,0.0,12.0,8.0,87.0,15.9994,54.8,16.0,2.0,66.0,3.44,2.0,4.0,0.0,0.0,6.0,0.0,2.0,0.0,0.0,2.0,9.105,0.0,0.0,12.0
300,Nd2Cu0.98Ni0.02O4,1.226087087,0,Mgaultois/Sparks,Peer-reviewed literature,180.98,449.94,415.930548,4172.3746,80.98,24.0,797.84,17.940199999999997,13.02,16.0,9.96,8.0,46.980000000000004,0.98,8.0,0.04,20.0,29.02,117.09500000000001,0.0,0.011907894000000002,661.0,25.85428571428571,64.27714285714285,59.418649714285706,596.0535142857142,11.568571428571428,3.4285714285714284,113.97714285714284,2.5628857142857138,1.8599999999999999,2.2857142857142856,1.4228571428571428,1.1428571428571428,6.711428571428571,0.13999999999999999,1.1428571428571428,0.005714285714285714,2.8571428571428568,4.145714285714286,16.727857142857143,0.0,0.0017011277142857145,94.42857142857142,20.40489795918367,25.968979591836735,49.62614395755101,618.5754448979592,5.064489795918368,1.6326530612244896,54.831020408163255,1.0024163265306123,0.24080000000000007,1.9591836734693877,2.4391836734693877,1.6326530612244898,1.2195918367346934,0.2408,0.9795918367346939,0.011395918367346937,4.081632653061224,3.3453061224489797,10.332653061224491,0.0,0.0033925346987755105,94.20408163265304,52.0,68.0,128.24259999999998,1673.2,13.0,4.0,135.0,2.3,1.0,4.0,10.0,4.0,5.0,1.0,2.0,2.0,10.0,9.0,25.705000000000002,0.0,0.5953947,213.0,60.0,87.0,144.242,1728.0,16.0,6.0,201.0,3.44,2.0,4.0,10.0,4.0,11.0,1.0,2.0,2.0,10.0,10.0,34.81,0.0,0.5953947,225.0,8.0,19.0,15.9994,54.8,3.0,2.0,66.0,1.14,1.0,0.0,0.0,0.0,6.0,0.0,0.0,0.0,0.0,1.0,9.105,0.0,0.0,12.0,8.0,87.0,15.9994,54.8,16.0,2.0,66.0,3.44,2.0,4.0,0.0,0.0,6.0,0.0,2.0,0.0,0.0,2.0,9.105,0.0,0.0,12.0
400,Nd2Cu0.98Ni0.02O4,1.417391269,0,Mgaultois/Sparks,Peer-reviewed literature,180.98,449.94,415.930548,4172.3746,80.98,24.0,797.84,17.940199999999997,13.02,16.0,9.96,8.0,46.980000000000004,0.98,8.0,0.04,20.0,29.02,117.09500000000001,0.0,0.011907894000000002,661.0,25.85428571428571,64.27714285714285,59.418649714285706,596.0535142857142,11.568571428571428,3.4285714285714284,113.97714285714284,2.5628857142857138,1.8599999999999999,2.2857142857142856,1.4228571428571428,1.1428571428571428,6.711428571428571,0.13999999999999999,1.1428571428571428,0.005714285714285714,2.8571428571428568,4.145714285714286,16.727857142857143,0.0,0.0017011277142857145,94.42857142857142,20.40489795918367,25.968979591836735,49.62614395755101,618.5754448979592,5.064489795918368,1.6326530612244896,54.831020408163255,1.0024163265306123,0.24080000000000007,1.9591836734693877,2.4391836734693877,1.6326530612244898,1.2195918367346934,0.2408,0.9795918367346939,0.011395918367346937,4.081632653061224,3.3453061224489797,10.332653061224491,0.0,0.0033925346987755105,94.20408163265304,52.0,68.0,128.24259999999998,1673.2,13.0,4.0,135.0,2.3,1.0,4.0,10.0,4.0,5.0,1.0,2.0,2.0,10.0,9.0,25.705000000000002,0.0,0.5953947,213.0,60.0,87.0,144.242,1728.0,16.0,6.0,201.0,3.44,2.0,4.0,10.0,4.0,11.0,1.0,2.0,2.0,10.0,10.0,34.81,0.0,0.5953947,225.0,8.0,19.0,15.9994,54.8,3.0,2.0,66.0,1.14,1.0,0.0,0.0,0.0,6.0,0.0,0.0,0.0,0.0,1.0,9.105,0.0,0.0,12.0,8.0,87.0,15.9994,54.8,16.0,2.0,66.0,3.44,2.0,4.0,0.0,0.0,6.0,0.0,2.0,0.0,0.0,2.0,9.105,0.0,0.0,12.0
700,Nd2Cu0.98Ni0.02O4,1.665216632,0,Mgaultois/Sparks,Peer-reviewed literature,180.98,449.94,415.930548,4172.3746,80.98,24.0,797.84,17.940199999999997,13.02,16.0,9.96,8.0,46.980000000000004,0.98,8.0,0.04,20.0,29.02,117.09500000000001,0.0,0.011907894000000002,661.0,25.85428571428571,64.27714285714285,59.418649714285706,596.0535142857142,11.568571428571428,3.4285714285714284,113.97714285714284,2.5628857142857138,1.8599999999999999,2.2857142857142856,1.4228571428571428,1.1428571428571428,6.711428571428571,0.13999999999999999,1.1428571428571428,0.005714285714285714,2.8571428571428568,4.145714285714286,16.727857142857143,0.0,0.0017011277142857145,94.42857142857142,20.40489795918367,25.968979591836735,49.62614395755101,618.5754448979592,5.064489795918368,1.6326530612244896,54.831020408163255,1.0024163265306123,0.24080000000000007,1.9591836734693877,2.4391836734693877,1.6326530612244898,1.2195918367346934,0.2408,0.9795918367346939,0.011395918367346937,4.081632653061224,3.3453061224489797,10.332653061224491,0.0,0.0033925346987755105,94.20408163265304,52.0,68.0,128.24259999999998,1673.2,13.0,4.0,135.0,2.3,1.0,4.0,10.0,4.0,5.0,1.0,2.0,2.0,10.0,9.0,25.705000000000002,0.0,0.5953947,213.0,60.0,87.0,144.242,1728.0,16.0,6.0,201.0,3.44,2.0,4.0,10.0,4.0,11.0,1.0,2.0,2.0,10.0,10.0,34.81,0.0,0.5953947,225.0,8.0,19.0,15.9994,54.8,3.0,2.0,66.0,1.14,1.0,0.0,0.0,0.0,6.0,0.0,0.0,0.0,0.0,1.0,9.105,0.0,0.0,12.0,8.0,87.0,15.9994,54.8,16.0,2.0,66.0,3.44,2.0,4.0,0.0,0.0,6.0,0.0,2.0,0.0,0.0,2.0,9.105,0.0,0.0,12.0
1000,Nd2Cu0.98Ni0.02O4,1.639130271,0,Mgaultois/Sparks,Peer-reviewed literature,180.98,449.94,415.930548,4172.3746,80.98,24.0,797.84,17.940199999999997,13.02,16.0,9.96,8.0,46.980000000000004,0.98,8.0,0.04,20.0,29.02,117.09500000000001,0.0,0.011907894000000002,661.0,25.85428571428571,64.27714285714285,59.418649714285706,596.0535142857142,11.568571428571428,3.4285714285714284,113.97714285714284,2.5628857142857138,1.8599999999999999,2.2857142857142856,1.4228571428571428,1.1428571428571428,6.711428571428571,0.13999999999999999,1.1428571428571428,0.005714285714285714,2.8571428571428568,4.145714285714286,16.727857142857143,0.0,0.0017011277142857145,94.42857142857142,20.40489795918367,25.968979591836735,49.62614395755101,618.5754448979592,5.064489795918368,1.6326530612244896,54.831020408163255,1.0024163265306123,0.24080000000000007,1.9591836734693877,2.4391836734693877,1.6326530612244898,1.2195918367346934,0.2408,0.9795918367346939,0.011395918367346937,4.081632653061224,3.3453061224489797,10.332653061224491,0.0,0.0033925346987755105,94.20408163265304,52.0,68.0,128.24259999999998,1673.2,13.0,4.0,135.0,2.3,1.0,4.0,10.0,4.0,5.0,1.0,2.0,2.0,10.0,9.0,25.705000000000002,0.0,0.5953947,213.0,60.0,87.0,144.242,1728.0,16.0,6.0,201.0,3.44,2.0,4.0,10.0,4.0,11.0,1.0,2.0,2.0,10.0,10.0,34.81,0.0,0.5953947,225.0,8.0,19.0,15.9994,54.8,3.0,2.0,66.0,1.14,1.0,0.0,0.0,0.0,6.0,0.0,0.0,0.0,0.0,1.0,9.105,0.0,0.0,12.0,8.0,87.0,15.9994,54.8,16.0,2.0,66.0,3.44,2.0,4.0,0.0,0.0,6.0,0.0,2.0,0.0,0.0,2.0,9.105,0.0,0.0,12.0
300,Nd2Cu0.98Zn0.02O4,0.721738116,0,Mgaultois/Sparks,Peer-reviewed literature,181.01999999999998,450.1,416.06427999999994,4151.6682,81.02,24.0,797.8000000000001,17.935,13.02,16.0,10.0,8.0,47.019999999999996,0.98,8.0,0.0,20.0,28.98,117.16780000000001,0.0,0.0,660.38,25.86,64.3,59.43775428571428,593.0954571428571,11.574285714285713,3.4285714285714284,113.97142857142856,2.562142857142857,1.8599999999999999,2.2857142857142856,1.4285714285714284,1.1428571428571428,6.717142857142857,0.13999999999999999,1.1428571428571428,0.0,2.8571428571428568,4.14,16.738257142857144,0.0,0.0,94.33999999999999,20.411428571428573,25.969714285714282,49.64383346938775,615.1948081632653,5.060391836734694,1.6326530612244896,54.82448979591837,1.003265306122449,0.24080000000000007,1.9591836734693877,2.4489795918367343,1.6326530612244898,1.2293877551020407,0.2408,0.9795918367346939,0.0,4.081632653061224,3.3485714285714288,10.326710204081632,0.0,0.0,94.10285714285713,52.0,68.0,128.24259999999998,1302.97,13.0,4.0,135.0,2.3,1.0,4.0,10.0,4.0,6.0,1.0,2.0,0.0,10.0,10.0,25.705000000000002,0.0,0.0,213.0,60.0,87.0,144.242,1357.77,16.0,6.0,201.0,3.44,2.0,4.0,10.0,4.0,12.0,1.0,2.0,0.0,10.0,10.0,34.81,0.0,0.0,225.0,8.0,19.0,15.9994,54.8,3.0,2.0,66.0,1.14,1.0,0.0,0.0,0.0,6.0,0.0,0.0,0.0,0.0,0.0,9.105,0.0,0.0,12.0,8.0,87.0,15.9994,54.8,16.0,2.0,66.0,3.44,2.0,4.0,0.0,0.0,6.0,0.0,2.0,0.0,0.0,2.0,9.105,0.0,0.0,12.0
400,Nd2Cu0.98Zn0.02O4,0.85217533,0,Mgaultois/Sparks,Peer-reviewed literature,181.01999999999998,450.1,416.06427999999994,4151.6682,81.02,24.0,797.8000000000001,17.935,13.02,16.0,10.0,8.0,47.019999999999996,0.98,8.0,0.0,20.0,28.98,117.16780000000001,0.0,0.0,660.38,25.86,64.3,59.43775428571428,593.0954571428571,11.574285714285713,3.4285714285714284,113.97142857142856,2.562142857142857,1.8599999999999999,2.2857142857142856,1.4285714285714284,1.1428571428571428,6.717142857142857,0.13999999999999999,1.1428571428571428,0.0,2.8571428571428568,4.14,16.738257142857144,0.0,0.0,94.33999999999999,20.411428571428573,25.969714285714282,49.64383346938775,615.1948081632653,5.060391836734694,1.6326530612244896,54.82448979591837,1.003265306122449,0.24080000000000007,1.9591836734693877,2.4489795918367343,1.6326530612244898,1.2293877551020407,0.2408,0.9795918367346939,0.0,4.081632653061224,3.3485714285714288,10.326710204081632,0.0,0.0,94.10285714285713,52.0,68.0,128.24259999999998,1302.97,13.0,4.0,135.0,2.3,1.0,4.0,10.0,4.0,6.0,1.0,2.0,0.0,10.0,10.0,25.705000000000002,0.0,0.0,213.0,60.0,87.0,144.242,1357.77,16.0,6.0,201.0,3.44,2.0,4.0,10.0,4.0,12.0,1.0,2.0,0.0,10.0,10.0,34.81,0.0,0.0,225.0,8.0,19.0,15.9994,54.8,3.0,2.0,66.0,1.14,1.0,0.0,0.0,0.0,6.0,0.0,0.0,0.0,0.0,0.0,9.105,0.0,0.0,12.0,8.0,87.0,15.9994,54.8,16.0,2.0,66.0,3.44,2.0,4.0,0.0,0.0,6.0,0.0,2.0,0.0,0.0,2.0,9.105,0.0,0.0,12.0
700,Nd2Cu0.98Zn0.02O4,1.11739123,0,Mgaultois/Sparks,Peer-reviewed literature,181.01999999999998,450.1,416.06427999999994,4151.6682,81.02,24.0,797.8000000000001,17.935,13.02,16.0,10.0,8.0,47.019999999999996,0.98,8.0,0.0,20.0,28.98,117.16780000000001,0.0,0.0,660.38,25.86,64.3,59.43775428571428,593.0954571428571,11.574285714285713,3.4285714285714284,113.97142857142856,2.562142857142857,1.8599999999999999,2.2857142857142856,1.4285714285714284,1.1428571428571428,6.717142857142857,0.13999999999999999,1.1428571428571428,0.0,2.8571428571428568,4.14,16.738257142857144,0.0,0.0,94.33999999999999,20.411428571428573,25.969714285714282,49.64383346938775,615.1948081632653,5.060391836734694,1.6326530612244896,54.82448979591837,1.003265306122449,0.24080000000000007,1.9591836734693877,2.4489795918367343,1.6326530612244898,1.2293877551020407,0.2408,0.9795918367346939,0.0,4.081632653061224,3.3485714285714288,10.326710204081632,0.0,0.0,94.10285714285713,52.0,68.0,128.24259999999998,1302.97,13.0,4.0,135.0,2.3,1.0,4.0,10.0,4.0,6.0,1.0,2.0,0.0,10.0,10.0,25.705000000000002,0.0,0.0,213.0,60.0,87.0,144.242,1357.77,16.0,6.0,201.0,3.44,2.0,4.0,10.0,4.0,12.0,1.0,2.0,0.0,10.0,10.0,34.81,0.0,0.0,225.0,8.0,19.0,15.9994,54.8,3.0,2.0,66.0,1.14,1.0,0.0,0.0,0.0,6.0,0.0,0.0,0.0,0.0,0.0,9.105,0.0,0.0,12.0,8.0,87.0,15.9994,54.8,16.0,2.0,66.0,3.44,2.0,4.0,0.0,0.0,6.0,0.0,2.0,0.0,0.0,2.0,9.105,0.0,0.0,12.0
1000,Nd2Cu0.98Zn0.02O4,1.430435324,0,Mgaultois/Sparks,Peer-reviewed literature,181.01999999999998,450.1,416.06427999999994,4151.6682,81.02,24.0,797.8000000000001,17.935,13.02,16.0,10.0,8.0,47.019999999999996,0.98,8.0,0.0,20.0,28.98,117.16780000000001,0.0,0.0,660.38,25.86,64.3,59.43775428571428,593.0954571428571,11.574285714285713,3.4285714285714284,113.97142857142856,2.562142857142857,1.8599999999999999,2.2857142857142856,1.4285714285714284,1.1428571428571428,6.717142857142857,0.13999999999999999,1.1428571428571428,0.0,2.8571428571428568,4.14,16.738257142857144,0.0,0.0,94.33999999999999,20.411428571428573,25.969714285714282,49.64383346938775,615.1948081632653,5.060391836734694,1.6326530612244896,54.82448979591837,1.003265306122449,0.24080000000000007,1.9591836734693877,2.4489795918367343,1.6326530612244898,1.2293877551020407,0.2408,0.9795918367346939,0.0,4.081632653061224,3.3485714285714288,10.326710204081632,0.0,0.0,94.10285714285713,52.0,68.0,128.24259999999998,1302.97,13.0,4.0,135.0,2.3,1.0,4.0,10.0,4.0,6.0,1.0,2.0,0.0,10.0,10.0,25.705000000000002,0.0,0.0,213.0,60.0,87.0,144.242,1357.77,16.0,6.0,201.0,3.44,2.0,4.0,10.0,4.0,12.0,1.0,2.0,0.0,10.0,10.0,34.81,0.0,0.0,225.0,8.0,19.0,15.9994,54.8,3.0,2.0,66.0,1.14,1.0,0.0,0.0,0.0,6.0,0.0,0.0,0.0,0.0,0.0,9.105,0.0,0.0,12.0,8.0,87.0,15.9994,54.8,16.0,2.0,66.0,3.44,2.0,4.0,0.0,0.0,6.0,0.0,2.0,0.0,0.0,2.0,9.105,0.0,0.0,12.0
300,Sr4.5Nb4.5O15.5,2.943095149,0,Mgaultois/Sparks,Peer-reviewed literature,479.5,1596.0,1060.35941,17949.4,279.5,76.0,2638.5,64.795,44.5,62.0,18.0,0.0,124.5,4.5,31.0,27.0,0.0,62.5,466.9725,0.0,0.0,2229.0,19.571428571428573,65.14285714285715,43.279975918367356,732.6285714285715,11.408163265306124,3.1020408163265305,107.6938775510204,2.6446938775510205,1.816326530612245,2.5306122448979593,0.7346938775510204,0.0,5.081632653061225,0.1836734693877551,1.2653061224489797,1.1020408163265307,0.0,2.5510204081632653,19.06010204081633,0.0,0.0,90.9795918367347,14.641399416909621,27.65597667638484,34.5182797334444,857.660641399417,5.810079133694294,1.3944189920866306,52.7555185339442,1.0063057059558518,0.299875052061641,1.8592253227821742,1.199500208246564,0.0,1.162015826738859,0.299875052061641,0.9296126613910871,1.7992503123698462,0.0,1.6343190337359434,12.919554352353188,0.0,0.0,99.93336109954186,33.0,79.0,76.90698,2695.2,14.0,3.0,129.0,2.49,1.0,4.0,4.0,0.0,4.0,1.0,2.0,6.0,0.0,7.0,45.125,0.0,0.0,217.0,41.0,87.0,92.90638,2750.0,16.0,5.0,195.0,3.44,2.0,4.0,4.0,0.0,6.0,1.0,2.0,6.0,0.0,7.0,54.23,0.0,0.0,229.0,8.0,8.0,15.9994,54.8,2.0,2.0,66.0,0.95,1.0,0.0,0.0,0.0,2.0,0.0,0.0,0.0,0.0,0.0,9.105,0.0,0.0,12.0,8.0,87.0,15.9994,54.8,16.0,2.0,66.0,3.44,2.0,4.0,0.0,0.0,6.0,0.0,2.0,0.0,0.0,2.0,9.105,0.0,0.0,12.0
300,Sr1.6La0.4Nb2O7,2.301029996,0,Mgaultois/Sparks,Peer-reviewed literature,221.60000000000002,721.0,493.56274800000006,8040.8,126.4,34.4,1184.8,29.24,20.0,28.0,8.4,0.0,56.4,2.0,14.0,15.6,0.0,31.6,201.622,0.0,0.0,979.6,20.145454545454548,65.54545454545455,44.86934072727273,730.9818181818182,11.49090909090909,3.1272727272727274,107.70909090909092,2.658181818181818,1.8181818181818183,2.5454545454545454,0.7636363636363637,0.0,5.127272727272727,0.18181818181818182,1.2727272727272727,1.4181818181818182,0.0,2.872727272727273,18.329272727272727,0.0,0.0,89.05454545454548,15.457851239669424,27.305785123966945,36.74356092561983,860.595041322314,5.738842975206612,1.434710743801653,53.08429752066116,0.9950413223140496,0.2975206611570247,1.8512396694214877,1.1940495867768595,0.0,1.1107438016528928,0.2975206611570248,0.9256198347107438,2.2175206611570246,0.0,1.946446280991736,11.794264462809917,0.0,0.0,98.06942148760332,49.0,79.0,122.90607000000001,2695.2,14.0,4.0,141.0,2.49,1.0,4.0,4.0,0.0,4.0,1.0,2.0,9.0,0.0,9.0,45.125,0.0,0.0,217.0,57.0,87.0,138.90547,2750.0,16.0,6.0,207.0,3.44,2.0,4.0,4.0,0.0,6.0,1.0,2.0,9.0,0.0,9.0,54.23,0.0,0.0,229.0,8.0,8.0,15.9994,54.8,2.0,2.0,66.0,0.95,1.0,0.0,0.0,0.0,2.0,0.0,0.0,0.0,0.0,0.0,9.105,0.0,0.0,12.0,8.0,87.0,15.9994,54.8,16.0,2.0,66.0,3.44,2.0,4.0,0.0,0.0,6.0,0.0,2.0,0.0,0.0,2.0,9.105,0.0,0.0,12.0
300,BiCuSeO,2.544068023,0,Mgaultois/Sparks,Peer-reviewed literature,154.0,326.0,367.4858,2450.9700000000003,58.0,16.0,466.0,9.91,7.0,11.0,30.0,14.0,62.0,1.0,7.0,0.0,0.0,8.0,79.045,0.799,0.0,263.0,38.5,81.5,91.87145,612.7425000000001,14.5,4.0,116.5,2.4775,1.75,2.75,7.5,3.5,15.5,0.25,1.75,0.0,0.0,2.0,19.76125,0.19975,0.0,65.75,22.25,8.75,58.554475000000004,372.5137500000001,1.75,1.0,25.25,0.5175,0.375,1.375,3.75,5.25,7.0,0.375,0.875,0.0,0.0,0.5,9.673750000000002,0.29962500000000003,0.0,79.625,75.0,25.0,192.981,1302.97,5.0,4.0,82.0,1.54,1.0,4.0,10.0,14.0,23.0,1.0,3.0,0.0,0.0,2.0,23.845000000000002,0.799,0.0,213.0,83.0,89.0,208.9804,1357.77,16.0,6.0,148.0,3.44,2.0,4.0,10.0,14.0,29.0,1.0,3.0,0.0,0.0,3.0,32.95,0.799,0.0,225.0,8.0,64.0,15.9994,54.8,11.0,2.0,66.0,1.9,1.0,0.0,0.0,0.0,6.0,0.0,0.0,0.0,0.0,1.0,9.105,0.0,0.0,12.0,8.0,64.0,15.9994,54.8,11.0,2.0,66.0,1.9,1.0,0.0,0.0,0.0,6.0,0.0,0.0,0.0,0.0,1.0,9.105,0.0,0.0,12.0
400,BiCuSeO,2.544847738,0,Mgaultois/Sparks,Peer-reviewed literature,154.0,326.0,367.4858,2450.9700000000003,58.0,16.0,466.0,9.91,7.0,11.0,30.0,14.0,62.0,1.0,7.0,0.0,0.0,8.0,79.045,0.799,0.0,263.0,38.5,81.5,91.87145,612.7425000000001,14.5,4.0,116.5,2.4775,1.75,2.75,7.5,3.5,15.5,0.25,1.75,0.0,0.0,2.0,19.76125,0.19975,0.0,65.75,22.25,8.75,58.554475000000004,372.5137500000001,1.75,1.0,25.25,0.5175,0.375,1.375,3.75,5.25,7.0,0.375,0.875,0.0,0.0,0.5,9.673750000000002,0.29962500000000003,0.0,79.625,75.0,25.0,192.981,1302.97,5.0,4.0,82.0,1.54,1.0,4.0,10.0,14.0,23.0,1.0,3.0,0.0,0.0,2.0,23.845000000000002,0.799,0.0,213.0,83.0,89.0,208.9804,1357.77,16.0,6.0,148.0,3.44,2.0,4.0,10.0,14.0,29.0,1.0,3.0,0.0,0.0,3.0,32.95,0.799,0.0,225.0,8.0,64.0,15.9994,54.8,11.0,2.0,66.0,1.9,1.0,0.0,0.0,0.0,6.0,0.0,0.0,0.0,0.0,1.0,9.105,0.0,0.0,12.0,8.0,64.0,15.9994,54.8,11.0,2.0,66.0,1.9,1.0,0.0,0.0,0.0,6.0,0.0,0.0,0.0,0.0,1.0,9.105,0.0,0.0,12.0
700,BiCuSeO,2.565758697,0,Mgaultois/Sparks,Peer-reviewed literature,154.0,326.0,367.4858,2450.9700000000003,58.0,16.0,466.0,9.91,7.0,11.0,30.0,14.0,62.0,1.0,7.0,0.0,0.0,8.0,79.045,0.799,0.0,263.0,38.5,81.5,91.87145,612.7425000000001,14.5,4.0,116.5,2.4775,1.75,2.75,7.5,3.5,15.5,0.25,1.75,0.0,0.0,2.0,19.76125,0.19975,0.0,65.75,22.25,8.75,58.554475000000004,372.5137500000001,1.75,1.0,25.25,0.5175,0.375,1.375,3.75,5.25,7.0,0.375,0.875,0.0,0.0,0.5,9.673750000000002,0.29962500000000003,0.0,79.625,75.0,25.0,192.981,1302.97,5.0,4.0,82.0,1.54,1.0,4.0,10.0,14.0,23.0,1.0,3.0,0.0,0.0,2.0,23.845000000000002,0.799,0.0,213.0,83.0,89.0,208.9804,1357.77,16.0,6.0,148.0,3.44,2.0,4.0,10.0,14.0,29.0,1.0,3.0,0.0,0.0,3.0,32.95,0.799,0.0,225.0,8.0,64.0,15.9994,54.8,11.0,2.0,66.0,1.9,1.0,0.0,0.0,0.0,6.0,0.0,0.0,0.0,0.0,1.0,9.105,0.0,0.0,12.0,8.0,64.0,15.9994,54.8,11.0,2.0,66.0,1.9,1.0,0.0,0.0,0.0,6.0,0.0,0.0,0.0,0.0,1.0,9.105,0.0,0.0,12.0
1000,BiCuSeO,2.587477967,0,Mgaultois/Sparks,Peer-reviewed literature,154.0,326.0,367.4858,2450.9700000000003,58.0,16.0,466.0,9.91,7.0,11.0,30.0,14.0,62.0,1.0,7.0,0.0,0.0,8.0,79.045,0.799,0.0,263.0,38.5,81.5,91.87145,612.7425000000001,14.5,4.0,116.5,2.4775,1.75,2.75,7.5,3.5,15.5,0.25,1.75,0.0,0.0,2.0,19.76125,0.19975,0.0,65.75,22.25,8.75,58.554475000000004,372.5137500000001,1.75,1.0,25.25,0.5175,0.375,1.375,3.75,5.25,7.0,0.375,0.875,0.0,0.0,0.5,9.673750000000002,0.29962500000000003,0.0,79.625,75.0,25.0,192.981,1302.97,5.0,4.0,82.0,1.54,1.0,4.0,10.0,14.0,23.0,1.0,3.0,0.0,0.0,2.0,23.845000000000002,0.799,0.0,213.0,83.0,89.0,208.9804,1357.77,16.0,6.0,148.0,3.44,2.0,4.0,10.0,14.0,29.0,1.0,3.0,0.0,0.0,3.0,32.95,0.799,0.0,225.0,8.0,64.0,15.9994,54.8,11.0,2.0,66.0,1.9,1.0,0.0,0.0,0.0,6.0,0.0,0.0,0.0,0.0,1.0,9.105,0.0,0.0,12.0,8.0,64.0,15.9994,54.8,11.0,2.0,66.0,1.9,1.0,0.0,0.0,0.0,6.0,0.0,0.0,0.0,0.0,1.0,9.105,0.0,0.0,12.0
300,Bi.98Ca.01Pb.01CuSeO,2.231111604,0,Mgaultois/Sparks,Peer-reviewed literature,153.36,325.15999999999997,365.77897199999995,2457.2381,57.86,15.98,466.26,9.902899999999999,7.0,10.96,29.9,13.86,61.72,1.0,6.98,0.0,0.0,7.98,79.04480000000001,0.799,0.0,267.26,38.34,81.28999999999999,91.44474299999999,614.309525,14.465,3.995,116.565,2.4757249999999997,1.75,2.74,7.475,3.465,15.43,0.25,1.745,0.0,0.0,1.995,19.761200000000002,0.19975,0.0,66.815,22.1017,9.017900000000004,58.17124821499999,374.233689875,1.79715,0.9974999999999999,25.2825,0.5192749999999999,0.375,1.3874,3.774875,5.214824999999999,6.9971499999999995,0.375,0.8812249999999999,0.0,0.0,0.5074749999999999,9.6737,0.29962500000000003,0.0,80.67435,75.0,82.0,192.981,1302.97,14.0,4.0,110.0,2.44,1.0,4.0,10.0,14.0,27.0,1.0,4.0,0.0,0.0,4.0,28.665000000000003,0.799,0.0,213.0,83.0,89.0,208.9804,1357.77,16.0,6.0,176.0,3.44,2.0,4.0,10.0,14.0,29.0,1.0,4.0,0.0,0.0,4.0,37.77,0.799,0.0,225.0,8.0,7.0,15.9994,54.8,2.0,2.0,66.0,1.0,1.0,0.0,0.0,0.0,2.0,0.0,0.0,0.0,0.0,0.0,9.105,0.0,0.0,12.0,8.0,64.0,15.9994,54.8,11.0,2.0,66.0,1.9,1.0,0.0,0.0,0.0,6.0,0.0,0.0,0.0,0.0,1.0,9.105,0.0,0.0,12.0
400,Bi.98Ca.01Pb.01CuSeO,2.26114202,0,Mgaultois/Sparks,Peer-reviewed literature,153.36,325.15999999999997,365.77897199999995,2457.2381,57.86,15.98,466.26,9.902899999999999,7.0,10.96,29.9,13.86,61.72,1.0,6.98,0.0,0.0,7.98,79.04480000000001,0.799,0.0,267.26,38.34,81.28999999999999,91.44474299999999,614.309525,14.465,3.995,116.565,2.4757249999999997,1.75,2.74,7.475,3.465,15.43,0.25,1.745,0.0,0.0,1.995,19.761200000000002,0.19975,0.0,66.815,22.1017,9.017900000000004,58.17124821499999,374.233689875,1.79715,0.9974999999999999,25.2825,0.5192749999999999,0.375,1.3874,3.774875,5.214824999999999,6.9971499999999995,0.375,0.8812249999999999,0.0,0.0,0.5074749999999999,9.6737,0.29962500000000003,0.0,80.67435,75.0,82.0,192.981,1302.97,14.0,4.0,110.0,2.44,1.0,4.0,10.0,14.0,27.0,1.0,4.0,0.0,0.0,4.0,28.665000000000003,0.799,0.0,213.0,83.0,89.0,208.9804,1357.77,16.0,6.0,176.0,3.44,2.0,4.0,10.0,14.0,29.0,1.0,4.0,0.0,0.0,4.0,37.77,0.799,0.0,225.0,8.0,7.0,15.9994,54.8,2.0,2.0,66.0,1.0,1.0,0.0,0.0,0.0,2.0,0.0,0.0,0.0,0.0,0.0,9.105,0.0,0.0,12.0,8.0,64.0,15.9994,54.8,11.0,2.0,66.0,1.9,1.0,0.0,0.0,0.0,6.0,0.0,0.0,0.0,0.0,1.0,9.105,0.0,0.0,12.0
700,Bi.98Ca.01Pb.01CuSeO,2.351419384,0,Mgaultois/Sparks,Peer-reviewed literature,153.36,325.15999999999997,365.77897199999995,2457.2381,57.86,15.98,466.26,9.902899999999999,7.0,10.96,29.9,13.86,61.72,1.0,6.98,0.0,0.0,7.98,79.04480000000001,0.799,0.0,267.26,38.34,81.28999999999999,91.44474299999999,614.309525,14.465,3.995,116.565,2.4757249999999997,1.75,2.74,7.475,3.465,15.43,0.25,1.745,0.0,0.0,1.995,19.761200000000002,0.19975,0.0,66.815,22.1017,9.017900000000004,58.17124821499999,374.233689875,1.79715,0.9974999999999999,25.2825,0.5192749999999999,0.375,1.3874,3.774875,5.214824999999999,6.9971499999999995,0.375,0.8812249999999999,0.0,0.0,0.5074749999999999,9.6737,0.29962500000000003,0.0,80.67435,75.0,82.0,192.981,1302.97,14.0,4.0,110.0,2.44,1.0,4.0,10.0,14.0,27.0,1.0,4.0,0.0,0.0,4.0,28.665000000000003,0.799,0.0,213.0,83.0,89.0,208.9804,1357.77,16.0,6.0,176.0,3.44,2.0,4.0,10.0,14.0,29.0,1.0,4.0,0.0,0.0,4.0,37.77,0.799,0.0,225.0,8.0,7.0,15.9994,54.8,2.0,2.0,66.0,1.0,1.0,0.0,0.0,0.0,2.0,0.0,0.0,0.0,0.0,0.0,9.105,0.0,0.0,12.0,8.0,64.0,15.9994,54.8,11.0,2.0,66.0,1.9,1.0,0.0,0.0,0.0,6.0,0.0,0.0,0.0,0.0,1.0,9.105,0.0,0.0,12.0
1000,Bi.98Ca.01Pb.01CuSeO,2.381760647,0,Mgaultois/Sparks,Peer-reviewed literature,153.36,325.15999999999997,365.77897199999995,2457.2381,57.86,15.98,466.26,9.902899999999999,7.0,10.96,29.9,13.86,61.72,1.0,6.98,0.0,0.0,7.98,79.04480000000001,0.799,0.0,267.26,38.34,81.28999999999999,91.44474299999999,614.309525,14.465,3.995,116.565,2.4757249999999997,1.75,2.74,7.475,3.465,15.43,0.25,1.745,0.0,0.0,1.995,19.761200000000002,0.19975,0.0,66.815,22.1017,9.017900000000004,58.17124821499999,374.233689875,1.79715,0.9974999999999999,25.2825,0.5192749999999999,0.375,1.3874,3.774875,5.214824999999999,6.9971499999999995,0.375,0.8812249999999999,0.0,0.0,0.5074749999999999,9.6737,0.29962500000000003,0.0,80.67435,75.0,82.0,192.981,1302.97,14.0,4.0,110.0,2.44,1.0,4.0,10.0,14.0,27.0,1.0,4.0,0.0,0.0,4.0,28.665000000000003,0.799,0.0,213.0,83.0,89.0,208.9804,1357.77,16.0,6.0,176.0,3.44,2.0,4.0,10.0,14.0,29.0,1.0,4.0,0.0,0.0,4.0,37.77,0.799,0.0,225.0,8.0,7.0,15.9994,54.8,2.0,2.0,66.0,1.0,1.0,0.0,0.0,0.0,2.0,0.0,0.0,0.0,0.0,0.0,9.105,0.0,0.0,12.0,8.0,64.0,15.9994,54.8,11.0,2.0,66.0,1.9,1.0,0.0,0.0,0.0,6.0,0.0,0.0,0.0,0.0,1.0,9.105,0.0,0.0,12.0
300,Bi.94Ca.02Pb.02CuSeO,2.208509285,0,Mgaultois/Sparks,Peer-reviewed literature,151.06,322.6,359.89253599999995,2452.6182,57.42,15.84,463.56,9.8554,6.96,10.86,29.599999999999998,13.44,60.86,1.0,6.9,0.0,0.0,7.9,78.38560000000001,0.799,0.0,271.28,37.95477386934673,81.05527638190954,90.42526030150752,616.235728643216,14.42713567839196,3.9798994974874367,116.47236180904522,2.476231155778894,1.7487437185929646,2.728643216080402,7.4371859296482405,3.3768844221105527,15.291457286432161,0.25125628140703515,1.7336683417085426,0.0,0.0,1.9849246231155777,19.6948743718593,0.2007537688442211,0.0,68.1608040201005,21.720310093179464,9.31532032019394,57.1745357339461,377.64299335875353,1.851367389712381,0.9949243705967024,25.362995883942325,0.5213757228352819,0.37625312492108787,1.4059240928259387,3.8120249488649276,5.124719072750687,6.959167697785409,0.37625312492108776,0.8886139238908108,0.0,0.0,0.5148859877275827,9.655652635034468,0.30062624681194916,0.0,81.96621297441983,75.0,82.0,192.981,1302.97,14.0,4.0,110.0,2.44,1.0,4.0,10.0,14.0,27.0,1.0,4.0,0.0,0.0,4.0,28.665000000000003,0.799,0.0,213.0,83.0,89.0,208.9804,1357.77,16.0,6.0,176.0,3.44,2.0,4.0,10.0,14.0,29.0,1.0,4.0,0.0,0.0,4.0,37.77,0.799,0.0,225.0,8.0,7.0,15.9994,54.8,2.0,2.0,66.0,1.0,1.0,0.0,0.0,0.0,2.0,0.0,0.0,0.0,0.0,0.0,9.105,0.0,0.0,12.0,8.0,64.0,15.9994,54.8,11.0,2.0,66.0,1.9,1.0,0.0,0.0,0.0,6.0,0.0,0.0,0.0,0.0,1.0,9.105,0.0,0.0,12.0
400,Bi.94Ca.02Pb.02CuSeO,2.242617714,0,Mgaultois/Sparks,Peer-reviewed literature,151.06,322.6,359.89253599999995,2452.6182,57.42,15.84,463.56,9.8554,6.96,10.86,29.599999999999998,13.44,60.86,1.0,6.9,0.0,0.0,7.9,78.38560000000001,0.799,0.0,271.28,37.95477386934673,81.05527638190954,90.42526030150752,616.235728643216,14.42713567839196,3.9798994974874367,116.47236180904522,2.476231155778894,1.7487437185929646,2.728643216080402,7.4371859296482405,3.3768844221105527,15.291457286432161,0.25125628140703515,1.7336683417085426,0.0,0.0,1.9849246231155777,19.6948743718593,0.2007537688442211,0.0,68.1608040201005,21.720310093179464,9.31532032019394,57.1745357339461,377.64299335875353,1.851367389712381,0.9949243705967024,25.362995883942325,0.5213757228352819,0.37625312492108787,1.4059240928259387,3.8120249488649276,5.124719072750687,6.959167697785409,0.37625312492108776,0.8886139238908108,0.0,0.0,0.5148859877275827,9.655652635034468,0.30062624681194916,0.0,81.96621297441983,75.0,82.0,192.981,1302.97,14.0,4.0,110.0,2.44,1.0,4.0,10.0,14.0,27.0,1.0,4.0,0.0,0.0,4.0,28.665000000000003,0.799,0.0,213.0,83.0,89.0,208.9804,1357.77,16.0,6.0,176.0,3.44,2.0,4.0,10.0,14.0,29.0,1.0,4.0,0.0,0.0,4.0,37.77,0.799,0.0,225.0,8.0,7.0,15.9994,54.8,2.0,2.0,66.0,1.0,1.0,0.0,0.0,0.0,2.0,0.0,0.0,0.0,0.0,0.0,9.105,0.0,0.0,12.0,8.0,64.0,15.9994,54.8,11.0,2.0,66.0,1.9,1.0,0.0,0.0,0.0,6.0,0.0,0.0,0.0,0.0,1.0,9.105,0.0,0.0,12.0
700,Bi.94Ca.02Pb.02CuSeO,2.330290107,0,Mgaultois/Sparks,Peer-reviewed literature,151.06,322.6,359.89253599999995,2452.6182,57.42,15.84,463.56,9.8554,6.96,10.86,29.599999999999998,13.44,60.86,1.0,6.9,0.0,0.0,7.9,78.38560000000001,0.799,0.0,271.28,37.95477386934673,81.05527638190954,90.42526030150752,616.235728643216,14.42713567839196,3.9798994974874367,116.47236180904522,2.476231155778894,1.7487437185929646,2.728643216080402,7.4371859296482405,3.3768844221105527,15.291457286432161,0.25125628140703515,1.7336683417085426,0.0,0.0,1.9849246231155777,19.6948743718593,0.2007537688442211,0.0,68.1608040201005,21.720310093179464,9.31532032019394,57.1745357339461,377.64299335875353,1.851367389712381,0.9949243705967024,25.362995883942325,0.5213757228352819,0.37625312492108787,1.4059240928259387,3.8120249488649276,5.124719072750687,6.959167697785409,0.37625312492108776,0.8886139238908108,0.0,0.0,0.5148859877275827,9.655652635034468,0.30062624681194916,0.0,81.96621297441983,75.0,82.0,192.981,1302.97,14.0,4.0,110.0,2.44,1.0,4.0,10.0,14.0,27.0,1.0,4.0,0.0,0.0,4.0,28.665000000000003,0.799,0.0,213.0,83.0,89.0,208.9804,1357.77,16.0,6.0,176.0,3.44,2.0,4.0,10.0,14.0,29.0,1.0,4.0,0.0,0.0,4.0,37.77,0.799,0.0,225.0,8.0,7.0,15.9994,54.8,2.0,2.0,66.0,1.0,1.0,0.0,0.0,0.0,2.0,0.0,0.0,0.0,0.0,0.0,9.105,0.0,0.0,12.0,8.0,64.0,15.9994,54.8,11.0,2.0,66.0,1.9,1.0,0.0,0.0,0.0,6.0,0.0,0.0,0.0,0.0,1.0,9.105,0.0,0.0,12.0
1000,Bi.94Ca.02Pb.02CuSeO,2.358240023,0,Mgaultois/Sparks,Peer-reviewed literature,151.06,322.6,359.89253599999995,2452.6182,57.42,15.84,463.56,9.8554,6.96,10.86,29.599999999999998,13.44,60.86,1.0,6.9,0.0,0.0,7.9,78.38560000000001,0.799,0.0,271.28,37.95477386934673,81.05527638190954,90.42526030150752,616.235728643216,14.42713567839196,3.9798994974874367,116.47236180904522,2.476231155778894,1.7487437185929646,2.728643216080402,7.4371859296482405,3.3768844221105527,15.291457286432161,0.25125628140703515,1.7336683417085426,0.0,0.0,1.9849246231155777,19.6948743718593,0.2007537688442211,0.0,68.1608040201005,21.720310093179464,9.31532032019394,57.1745357339461,377.64299335875353,1.851367389712381,0.9949243705967024,25.362995883942325,0.5213757228352819,0.37625312492108787,1.4059240928259387,3.8120249488649276,5.124719072750687,6.959167697785409,0.37625312492108776,0.8886139238908108,0.0,0.0,0.5148859877275827,9.655652635034468,0.30062624681194916,0.0,81.96621297441983,75.0,82.0,192.981,1302.97,14.0,4.0,110.0,2.44,1.0,4.0,10.0,14.0,27.0,1.0,4.0,0.0,0.0,4.0,28.665000000000003,0.799,0.0,213.0,83.0,89.0,208.9804,1357.77,16.0,6.0,176.0,3.44,2.0,4.0,10.0,14.0,29.0,1.0,4.0,0.0,0.0,4.0,37.77,0.799,0.0,225.0,8.0,7.0,15.9994,54.8,2.0,2.0,66.0,1.0,1.0,0.0,0.0,0.0,2.0,0.0,0.0,0.0,0.0,0.0,9.105,0.0,0.0,12.0,8.0,64.0,15.9994,54.8,11.0,2.0,66.0,1.9,1.0,0.0,0.0,0.0,6.0,0.0,0.0,0.0,0.0,1.0,9.105,0.0,0.0,12.0
300,Bi.92Ca.04Pb.04CuSeO,2.143881423,0,Mgaultois/Sparks,Peer-reviewed literature,151.44,322.64,360.658488,2476.0424000000003,57.44,15.920000000000002,467.03999999999996,9.881599999999999,7.0,10.84,29.6,13.440000000000001,60.879999999999995,1.0,6.92,0.0,0.0,7.92,79.0442,0.799,0.0,280.03999999999996,37.86,80.66,90.164622,619.0106000000001,14.36,3.9800000000000004,116.75999999999999,2.4703999999999997,1.75,2.71,7.4,3.3600000000000003,15.219999999999999,0.25,1.73,0.0,0.0,1.98,19.76105,0.19975,0.0,70.00999999999999,21.647199999999998,9.803200000000002,56.99596544,379.29948800000005,1.9344000000000003,0.9899999999999998,25.380000000000006,0.5246,0.375,1.4234,3.848,5.1072,6.984400000000001,0.375,0.8996,0.0,0.0,0.5296000000000001,9.67355,0.29962500000000003,0.0,83.6946,75.0,82.0,192.981,1302.97,14.0,4.0,110.0,2.44,1.0,4.0,10.0,14.0,27.0,1.0,4.0,0.0,0.0,4.0,28.665000000000003,0.799,0.0,213.0,83.0,89.0,208.9804,1357.77,16.0,6.0,176.0,3.44,2.0,4.0,10.0,14.0,29.0,1.0,4.0,0.0,0.0,4.0,37.77,0.799,0.0,225.0,8.0,7.0,15.9994,54.8,2.0,2.0,66.0,1.0,1.0,0.0,0.0,0.0,2.0,0.0,0.0,0.0,0.0,0.0,9.105,0.0,0.0,12.0,8.0,64.0,15.9994,54.8,11.0,2.0,66.0,1.9,1.0,0.0,0.0,0.0,6.0,0.0,0.0,0.0,0.0,1.0,9.105,0.0,0.0,12.0
400,Bi.92Ca.04Pb.04CuSeO,2.177396406,0,Mgaultois/Sparks,Peer-reviewed literature,151.44,322.64,360.658488,2476.0424000000003,57.44,15.920000000000002,467.03999999999996,9.881599999999999,7.0,10.84,29.6,13.440000000000001,60.879999999999995,1.0,6.92,0.0,0.0,7.92,79.0442,0.799,0.0,280.03999999999996,37.86,80.66,90.164622,619.0106000000001,14.36,3.9800000000000004,116.75999999999999,2.4703999999999997,1.75,2.71,7.4,3.3600000000000003,15.219999999999999,0.25,1.73,0.0,0.0,1.98,19.76105,0.19975,0.0,70.00999999999999,21.647199999999998,9.803200000000002,56.99596544,379.29948800000005,1.9344000000000003,0.9899999999999998,25.380000000000006,0.5246,0.375,1.4234,3.848,5.1072,6.984400000000001,0.375,0.8996,0.0,0.0,0.5296000000000001,9.67355,0.29962500000000003,0.0,83.6946,75.0,82.0,192.981,1302.97,14.0,4.0,110.0,2.44,1.0,4.0,10.0,14.0,27.0,1.0,4.0,0.0,0.0,4.0,28.665000000000003,0.799,0.0,213.0,83.0,89.0,208.9804,1357.77,16.0,6.0,176.0,3.44,2.0,4.0,10.0,14.0,29.0,1.0,4.0,0.0,0.0,4.0,37.77,0.799,0.0,225.0,8.0,7.0,15.9994,54.8,2.0,2.0,66.0,1.0,1.0,0.0,0.0,0.0,2.0,0.0,0.0,0.0,0.0,0.0,9.105,0.0,0.0,12.0,8.0,64.0,15.9994,54.8,11.0,2.0,66.0,1.9,1.0,0.0,0.0,0.0,6.0,0.0,0.0,0.0,0.0,1.0,9.105,0.0,0.0,12.0
700,Bi.92Ca.04Pb.04CuSeO,2.265951197,0,Mgaultois/Sparks,Peer-reviewed literature,151.44,322.64,360.658488,2476.0424000000003,57.44,15.920000000000002,467.03999999999996,9.881599999999999,7.0,10.84,29.6,13.440000000000001,60.879999999999995,1.0,6.92,0.0,0.0,7.92,79.0442,0.799,0.0,280.03999999999996,37.86,80.66,90.164622,619.0106000000001,14.36,3.9800000000000004,116.75999999999999,2.4703999999999997,1.75,2.71,7.4,3.3600000000000003,15.219999999999999,0.25,1.73,0.0,0.0,1.98,19.76105,0.19975,0.0,70.00999999999999,21.647199999999998,9.803200000000002,56.99596544,379.29948800000005,1.9344000000000003,0.9899999999999998,25.380000000000006,0.5246,0.375,1.4234,3.848,5.1072,6.984400000000001,0.375,0.8996,0.0,0.0,0.5296000000000001,9.67355,0.29962500000000003,0.0,83.6946,75.0,82.0,192.981,1302.97,14.0,4.0,110.0,2.44,1.0,4.0,10.0,14.0,27.0,1.0,4.0,0.0,0.0,4.0,28.665000000000003,0.799,0.0,213.0,83.0,89.0,208.9804,1357.77,16.0,6.0,176.0,3.44,2.0,4.0,10.0,14.0,29.0,1.0,4.0,0.0,0.0,4.0,37.77,0.799,0.0,225.0,8.0,7.0,15.9994,54.8,2.0,2.0,66.0,1.0,1.0,0.0,0.0,0.0,2.0,0.0,0.0,0.0,0.0,0.0,9.105,0.0,0.0,12.0,8.0,64.0,15.9994,54.8,11.0,2.0,66.0,1.9,1.0,0.0,0.0,0.0,6.0,0.0,0.0,0.0,0.0,1.0,9.105,0.0,0.0,12.0
1000,Bi.92Ca.04Pb.04CuSeO,2.292616014,0,Mgaultois/Sparks,Peer-reviewed literature,151.44,322.64,360.658488,2476.0424000000003,57.44,15.920000000000002,467.03999999999996,9.881599999999999,7.0,10.84,29.6,13.440000000000001,60.879999999999995,1.0,6.92,0.0,0.0,7.92,79.0442,0.799,0.0,280.03999999999996,37.86,80.66,90.164622,619.0106000000001,14.36,3.9800000000000004,116.75999999999999,2.4703999999999997,1.75,2.71,7.4,3.3600000000000003,15.219999999999999,0.25,1.73,0.0,0.0,1.98,19.76105,0.19975,0.0,70.00999999999999,21.647199999999998,9.803200000000002,56.99596544,379.29948800000005,1.9344000000000003,0.9899999999999998,25.380000000000006,0.5246,0.375,1.4234,3.848,5.1072,6.984400000000001,0.375,0.8996,0.0,0.0,0.5296000000000001,9.67355,0.29962500000000003,0.0,83.6946,75.0,82.0,192.981,1302.97,14.0,4.0,110.0,2.44,1.0,4.0,10.0,14.0,27.0,1.0,4.0,0.0,0.0,4.0,28.665000000000003,0.799,0.0,213.0,83.0,89.0,208.9804,1357.77,16.0,6.0,176.0,3.44,2.0,4.0,10.0,14.0,29.0,1.0,4.0,0.0,0.0,4.0,37.77,0.799,0.0,225.0,8.0,7.0,15.9994,54.8,2.0,2.0,66.0,1.0,1.0,0.0,0.0,0.0,2.0,0.0,0.0,0.0,0.0,0.0,9.105,0.0,0.0,12.0,8.0,64.0,15.9994,54.8,11.0,2.0,66.0,1.9,1.0,0.0,0.0,0.0,6.0,0.0,0.0,0.0,0.0,1.0,9.105,0.0,0.0,12.0
300,Bi.88Ca.06Pb.06CuSeO,2.170003325,0,Mgaultois/Sparks,Peer-reviewed literature,150.16000000000003,320.96000000000004,357.244832,2488.5786000000003,57.16,15.88,467.56,9.8674,7.0,10.76,29.4,13.16,60.32,1.0,6.88,0.0,0.0,7.88,79.04380000000002,0.799,0.0,288.56,37.540000000000006,80.24000000000001,89.311208,622.1446500000001,14.29,3.97,116.89,2.46685,1.75,2.69,7.35,3.29,15.08,0.25,1.72,0.0,0.0,1.97,19.760950000000005,0.19975,0.0,72.14,21.336200000000005,10.317199999999996,56.19110823999999,382.5983355000001,2.0224,0.9849999999999999,25.445,0.5281499999999999,0.375,1.4464000000000001,3.8955,5.0337,6.9724,0.375,0.9116000000000002,0.0,0.0,0.5441,9.673450000000003,0.29962500000000003,0.0,85.6016,75.0,82.0,192.981,1302.97,14.0,4.0,110.0,2.44,1.0,4.0,10.0,14.0,27.0,1.0,4.0,0.0,0.0,4.0,28.665000000000003,0.799,0.0,213.0,83.0,89.0,208.9804,1357.77,16.0,6.0,176.0,3.44,2.0,4.0,10.0,14.0,29.0,1.0,4.0,0.0,0.0,4.0,37.77,0.799,0.0,225.0,8.0,7.0,15.9994,54.8,2.0,2.0,66.0,1.0,1.0,0.0,0.0,0.0,2.0,0.0,0.0,0.0,0.0,0.0,9.105,0.0,0.0,12.0,8.0,64.0,15.9994,54.8,11.0,2.0,66.0,1.9,1.0,0.0,0.0,0.0,6.0,0.0,0.0,0.0,0.0,1.0,9.105,0.0,0.0,12.0
400,Bi.88Ca.06Pb.06CuSeO,2.207142394,0,Mgaultois/Sparks,Peer-reviewed literature,150.16000000000003,320.96000000000004,357.244832,2488.5786000000003,57.16,15.88,467.56,9.8674,7.0,10.76,29.4,13.16,60.32,1.0,6.88,0.0,0.0,7.88,79.04380000000002,0.799,0.0,288.56,37.540000000000006,80.24000000000001,89.311208,622.1446500000001,14.29,3.97,116.89,2.46685,1.75,2.69,7.35,3.29,15.08,0.25,1.72,0.0,0.0,1.97,19.760950000000005,0.19975,0.0,72.14,21.336200000000005,10.317199999999996,56.19110823999999,382.5983355000001,2.0224,0.9849999999999999,25.445,0.5281499999999999,0.375,1.4464000000000001,3.8955,5.0337,6.9724,0.375,0.9116000000000002,0.0,0.0,0.5441,9.673450000000003,0.29962500000000003,0.0,85.6016,75.0,82.0,192.981,1302.97,14.0,4.0,110.0,2.44,1.0,4.0,10.0,14.0,27.0,1.0,4.0,0.0,0.0,4.0,28.665000000000003,0.799,0.0,213.0,83.0,89.0,208.9804,1357.77,16.0,6.0,176.0,3.44,2.0,4.0,10.0,14.0,29.0,1.0,4.0,0.0,0.0,4.0,37.77,0.799,0.0,225.0,8.0,7.0,15.9994,54.8,2.0,2.0,66.0,1.0,1.0,0.0,0.0,0.0,2.0,0.0,0.0,0.0,0.0,0.0,9.105,0.0,0.0,12.0,8.0,64.0,15.9994,54.8,11.0,2.0,66.0,1.9,1.0,0.0,0.0,0.0,6.0,0.0,0.0,0.0,0.0,1.0,9.105,0.0,0.0,12.0
700,Bi.88Ca.06Pb.06CuSeO,2.315610258,0,Mgaultois/Sparks,Peer-reviewed literature,150.16000000000003,320.96000000000004,357.244832,2488.5786000000003,57.16,15.88,467.56,9.8674,7.0,10.76,29.4,13.16,60.32,1.0,6.88,0.0,0.0,7.88,79.04380000000002,0.799,0.0,288.56,37.540000000000006,80.24000000000001,89.311208,622.1446500000001,14.29,3.97,116.89,2.46685,1.75,2.69,7.35,3.29,15.08,0.25,1.72,0.0,0.0,1.97,19.760950000000005,0.19975,0.0,72.14,21.336200000000005,10.317199999999996,56.19110823999999,382.5983355000001,2.0224,0.9849999999999999,25.445,0.5281499999999999,0.375,1.4464000000000001,3.8955,5.0337,6.9724,0.375,0.9116000000000002,0.0,0.0,0.5441,9.673450000000003,0.29962500000000003,0.0,85.6016,75.0,82.0,192.981,1302.97,14.0,4.0,110.0,2.44,1.0,4.0,10.0,14.0,27.0,1.0,4.0,0.0,0.0,4.0,28.665000000000003,0.799,0.0,213.0,83.0,89.0,208.9804,1357.77,16.0,6.0,176.0,3.44,2.0,4.0,10.0,14.0,29.0,1.0,4.0,0.0,0.0,4.0,37.77,0.799,0.0,225.0,8.0,7.0,15.9994,54.8,2.0,2.0,66.0,1.0,1.0,0.0,0.0,0.0,2.0,0.0,0.0,0.0,0.0,0.0,9.105,0.0,0.0,12.0,8.0,64.0,15.9994,54.8,11.0,2.0,66.0,1.9,1.0,0.0,0.0,0.0,6.0,0.0,0.0,0.0,0.0,1.0,9.105,0.0,0.0,12.0
1000,Bi.88Ca.06Pb.06CuSeO,2.352400328,0,Mgaultois/Sparks,Peer-reviewed literature,150.16000000000003,320.96000000000004,357.244832,2488.5786000000003,57.16,15.88,467.56,9.8674,7.0,10.76,29.4,13.16,60.32,1.0,6.88,0.0,0.0,7.88,79.04380000000002,0.799,0.0,288.56,37.540000000000006,80.24000000000001,89.311208,622.1446500000001,14.29,3.97,116.89,2.46685,1.75,2.69,7.35,3.29,15.08,0.25,1.72,0.0,0.0,1.97,19.760950000000005,0.19975,0.0,72.14,21.336200000000005,10.317199999999996,56.19110823999999,382.5983355000001,2.0224,0.9849999999999999,25.445,0.5281499999999999,0.375,1.4464000000000001,3.8955,5.0337,6.9724,0.375,0.9116000000000002,0.0,0.0,0.5441,9.673450000000003,0.29962500000000003,0.0,85.6016,75.0,82.0,192.981,1302.97,14.0,4.0,110.0,2.44,1.0,4.0,10.0,14.0,27.0,1.0,4.0,0.0,0.0,4.0,28.665000000000003,0.799,0.0,213.0,83.0,89.0,208.9804,1357.77,16.0,6.0,176.0,3.44,2.0,4.0,10.0,14.0,29.0,1.0,4.0,0.0,0.0,4.0,37.77,0.799,0.0,225.0,8.0,7.0,15.9994,54.8,2.0,2.0,66.0,1.0,1.0,0.0,0.0,0.0,2.0,0.0,0.0,0.0,0.0,0.0,9.105,0.0,0.0,12.0,8.0,64.0,15.9994,54.8,11.0,2.0,66.0,1.9,1.0,0.0,0.0,0.0,6.0,0.0,0.0,0.0,0.0,1.0,9.105,0.0,0.0,12.0
300,Bi.84Ca.08Pb.08CuSeO,2.06031405,0,Mgaultois/Sparks,Peer-reviewed literature,148.88,319.28,353.83117599999997,2501.1148000000003,56.879999999999995,15.84,468.08000000000004,9.8532,7.0,10.68,29.200000000000003,12.879999999999999,59.76,1.0,6.84,0.0,0.0,7.84,79.0434,0.799,0.0,297.08,37.22,79.82,88.45779399999999,625.2787000000001,14.219999999999999,3.96,117.02000000000001,2.4633,1.75,2.67,7.300000000000001,3.2199999999999998,14.94,0.25,1.71,0.0,0.0,1.96,19.76085,0.19975,0.0,74.27,21.0188,10.822800000000003,55.36918276,385.83450200000004,2.1076000000000006,0.98,25.509999999999994,0.5317,0.375,1.4686,3.9419999999999997,4.958799999999999,6.957599999999999,0.375,0.9234,0.0,0.0,0.5584,9.673350000000001,0.29962500000000003,0.0,87.4234,75.0,82.0,192.981,1302.97,14.0,4.0,110.0,2.44,1.0,4.0,10.0,14.0,27.0,1.0,4.0,0.0,0.0,4.0,28.665000000000003,0.799,0.0,213.0,83.0,89.0,208.9804,1357.77,16.0,6.0,176.0,3.44,2.0,4.0,10.0,14.0,29.0,1.0,4.0,0.0,0.0,4.0,37.77,0.799,0.0,225.0,8.0,7.0,15.9994,54.8,2.0,2.0,66.0,1.0,1.0,0.0,0.0,0.0,2.0,0.0,0.0,0.0,0.0,0.0,9.105,0.0,0.0,12.0,8.0,64.0,15.9994,54.8,11.0,2.0,66.0,1.9,1.0,0.0,0.0,0.0,6.0,0.0,0.0,0.0,0.0,1.0,9.105,0.0,0.0,12.0
400,Bi.84Ca.08Pb.08CuSeO,2.110992316,0,Mgaultois/Sparks,Peer-reviewed literature,148.88,319.28,353.83117599999997,2501.1148000000003,56.879999999999995,15.84,468.08000000000004,9.8532,7.0,10.68,29.200000000000003,12.879999999999999,59.76,1.0,6.84,0.0,0.0,7.84,79.0434,0.799,0.0,297.08,37.22,79.82,88.45779399999999,625.2787000000001,14.219999999999999,3.96,117.02000000000001,2.4633,1.75,2.67,7.300000000000001,3.2199999999999998,14.94,0.25,1.71,0.0,0.0,1.96,19.76085,0.19975,0.0,74.27,21.0188,10.822800000000003,55.36918276,385.83450200000004,2.1076000000000006,0.98,25.509999999999994,0.5317,0.375,1.4686,3.9419999999999997,4.958799999999999,6.957599999999999,0.375,0.9234,0.0,0.0,0.5584,9.673350000000001,0.29962500000000003,0.0,87.4234,75.0,82.0,192.981,1302.97,14.0,4.0,110.0,2.44,1.0,4.0,10.0,14.0,27.0,1.0,4.0,0.0,0.0,4.0,28.665000000000003,0.799,0.0,213.0,83.0,89.0,208.9804,1357.77,16.0,6.0,176.0,3.44,2.0,4.0,10.0,14.0,29.0,1.0,4.0,0.0,0.0,4.0,37.77,0.799,0.0,225.0,8.0,7.0,15.9994,54.8,2.0,2.0,66.0,1.0,1.0,0.0,0.0,0.0,2.0,0.0,0.0,0.0,0.0,0.0,9.105,0.0,0.0,12.0,8.0,64.0,15.9994,54.8,11.0,2.0,66.0,1.9,1.0,0.0,0.0,0.0,6.0,0.0,0.0,0.0,0.0,1.0,9.105,0.0,0.0,12.0
700,Bi.84Ca.08Pb.08CuSeO,2.229814147,0,Mgaultois/Sparks,Peer-reviewed literature,148.88,319.28,353.83117599999997,2501.1148000000003,56.879999999999995,15.84,468.08000000000004,9.8532,7.0,10.68,29.200000000000003,12.879999999999999,59.76,1.0,6.84,0.0,0.0,7.84,79.0434,0.799,0.0,297.08,37.22,79.82,88.45779399999999,625.2787000000001,14.219999999999999,3.96,117.02000000000001,2.4633,1.75,2.67,7.300000000000001,3.2199999999999998,14.94,0.25,1.71,0.0,0.0,1.96,19.76085,0.19975,0.0,74.27,21.0188,10.822800000000003,55.36918276,385.83450200000004,2.1076000000000006,0.98,25.509999999999994,0.5317,0.375,1.4686,3.9419999999999997,4.958799999999999,6.957599999999999,0.375,0.9234,0.0,0.0,0.5584,9.673350000000001,0.29962500000000003,0.0,87.4234,75.0,82.0,192.981,1302.97,14.0,4.0,110.0,2.44,1.0,4.0,10.0,14.0,27.0,1.0,4.0,0.0,0.0,4.0,28.665000000000003,0.799,0.0,213.0,83.0,89.0,208.9804,1357.77,16.0,6.0,176.0,3.44,2.0,4.0,10.0,14.0,29.0,1.0,4.0,0.0,0.0,4.0,37.77,0.799,0.0,225.0,8.0,7.0,15.9994,54.8,2.0,2.0,66.0,1.0,1.0,0.0,0.0,0.0,2.0,0.0,0.0,0.0,0.0,0.0,9.105,0.0,0.0,12.0,8.0,64.0,15.9994,54.8,11.0,2.0,66.0,1.9,1.0,0.0,0.0,0.0,6.0,0.0,0.0,0.0,0.0,1.0,9.105,0.0,0.0,12.0
1000,Bi.84Ca.08Pb.08CuSeO,2.258717266,0,Mgaultois/Sparks,Peer-reviewed literature,148.88,319.28,353.83117599999997,2501.1148000000003,56.879999999999995,15.84,468.08000000000004,9.8532,7.0,10.68,29.200000000000003,12.879999999999999,59.76,1.0,6.84,0.0,0.0,7.84,79.0434,0.799,0.0,297.08,37.22,79.82,88.45779399999999,625.2787000000001,14.219999999999999,3.96,117.02000000000001,2.4633,1.75,2.67,7.300000000000001,3.2199999999999998,14.94,0.25,1.71,0.0,0.0,1.96,19.76085,0.19975,0.0,74.27,21.0188,10.822800000000003,55.36918276,385.83450200000004,2.1076000000000006,0.98,25.509999999999994,0.5317,0.375,1.4686,3.9419999999999997,4.958799999999999,6.957599999999999,0.375,0.9234,0.0,0.0,0.5584,9.673350000000001,0.29962500000000003,0.0,87.4234,75.0,82.0,192.981,1302.97,14.0,4.0,110.0,2.44,1.0,4.0,10.0,14.0,27.0,1.0,4.0,0.0,0.0,4.0,28.665000000000003,0.799,0.0,213.0,83.0,89.0,208.9804,1357.77,16.0,6.0,176.0,3.44,2.0,4.0,10.0,14.0,29.0,1.0,4.0,0.0,0.0,4.0,37.77,0.799,0.0,225.0,8.0,7.0,15.9994,54.8,2.0,2.0,66.0,1.0,1.0,0.0,0.0,0.0,2.0,0.0,0.0,0.0,0.0,0.0,9.105,0.0,0.0,12.0,8.0,64.0,15.9994,54.8,11.0,2.0,66.0,1.9,1.0,0.0,0.0,0.0,6.0,0.0,0.0,0.0,0.0,1.0,9.105,0.0,0.0,12.0
300,Bi.80Ca.10Pb.10CuSeO,2.000734622,0,Mgaultois/Sparks,Peer-reviewed literature,147.60000000000002,317.6,350.41751999999997,2513.6510000000003,56.6,15.8,468.6,9.839,7.0,10.600000000000001,29.0,12.600000000000001,59.2,1.0,6.800000000000001,0.0,0.0,7.800000000000001,79.04300000000002,0.799,0.0,305.6,36.900000000000006,79.4,87.60437999999999,628.4127500000001,14.15,3.95,117.15,2.45975,1.75,2.6500000000000004,7.25,3.1500000000000004,14.8,0.25,1.7000000000000002,0.0,0.0,1.9500000000000002,19.760750000000005,0.19975,0.0,76.4,20.695,11.319999999999997,54.53018900000001,389.0079875,2.19,0.9749999999999999,25.574999999999996,0.53525,0.375,1.4899999999999998,3.9875,4.8825,6.94,0.375,0.9349999999999999,0.0,0.0,0.5725,9.673250000000001,0.29962500000000003,0.0,89.16,75.0,82.0,192.981,1302.97,14.0,4.0,110.0,2.44,1.0,4.0,10.0,14.0,27.0,1.0,4.0,0.0,0.0,4.0,28.665000000000003,0.799,0.0,213.0,83.0,89.0,208.9804,1357.77,16.0,6.0,176.0,3.44,2.0,4.0,10.0,14.0,29.0,1.0,4.0,0.0,0.0,4.0,37.77,0.799,0.0,225.0,8.0,7.0,15.9994,54.8,2.0,2.0,66.0,1.0,1.0,0.0,0.0,0.0,2.0,0.0,0.0,0.0,0.0,0.0,9.105,0.0,0.0,12.0,8.0,64.0,15.9994,54.8,11.0,2.0,66.0,1.9,1.0,0.0,0.0,0.0,6.0,0.0,0.0,0.0,0.0,1.0,9.105,0.0,0.0,12.0
400,Bi.80Ca.10Pb.10CuSeO,2.04666336,0,Mgaultois/Sparks,Peer-reviewed literature,147.60000000000002,317.6,350.41751999999997,2513.6510000000003,56.6,15.8,468.6,9.839,7.0,10.600000000000001,29.0,12.600000000000001,59.2,1.0,6.800000000000001,0.0,0.0,7.800000000000001,79.04300000000002,0.799,0.0,305.6,36.900000000000006,79.4,87.60437999999999,628.4127500000001,14.15,3.95,117.15,2.45975,1.75,2.6500000000000004,7.25,3.1500000000000004,14.8,0.25,1.7000000000000002,0.0,0.0,1.9500000000000002,19.760750000000005,0.19975,0.0,76.4,20.695,11.319999999999997,54.53018900000001,389.0079875,2.19,0.9749999999999999,25.574999999999996,0.53525,0.375,1.4899999999999998,3.9875,4.8825,6.94,0.375,0.9349999999999999,0.0,0.0,0.5725,9.673250000000001,0.29962500000000003,0.0,89.16,75.0,82.0,192.981,1302.97,14.0,4.0,110.0,2.44,1.0,4.0,10.0,14.0,27.0,1.0,4.0,0.0,0.0,4.0,28.665000000000003,0.799,0.0,213.0,83.0,89.0,208.9804,1357.77,16.0,6.0,176.0,3.44,2.0,4.0,10.0,14.0,29.0,1.0,4.0,0.0,0.0,4.0,37.77,0.799,0.0,225.0,8.0,7.0,15.9994,54.8,2.0,2.0,66.0,1.0,1.0,0.0,0.0,0.0,2.0,0.0,0.0,0.0,0.0,0.0,9.105,0.0,0.0,12.0,8.0,64.0,15.9994,54.8,11.0,2.0,66.0,1.9,1.0,0.0,0.0,0.0,6.0,0.0,0.0,0.0,0.0,1.0,9.105,0.0,0.0,12.0
700,Bi.80Ca.10Pb.10CuSeO,2.171492004,0,Mgaultois/Sparks,Peer-reviewed literature,147.60000000000002,317.6,350.41751999999997,2513.6510000000003,56.6,15.8,468.6,9.839,7.0,10.600000000000001,29.0,12.600000000000001,59.2,1.0,6.800000000000001,0.0,0.0,7.800000000000001,79.04300000000002,0.799,0.0,305.6,36.900000000000006,79.4,87.60437999999999,628.4127500000001,14.15,3.95,117.15,2.45975,1.75,2.6500000000000004,7.25,3.1500000000000004,14.8,0.25,1.7000000000000002,0.0,0.0,1.9500000000000002,19.760750000000005,0.19975,0.0,76.4,20.695,11.319999999999997,54.53018900000001,389.0079875,2.19,0.9749999999999999,25.574999999999996,0.53525,0.375,1.4899999999999998,3.9875,4.8825,6.94,0.375,0.9349999999999999,0.0,0.0,0.5725,9.673250000000001,0.29962500000000003,0.0,89.16,75.0,82.0,192.981,1302.97,14.0,4.0,110.0,2.44,1.0,4.0,10.0,14.0,27.0,1.0,4.0,0.0,0.0,4.0,28.665000000000003,0.799,0.0,213.0,83.0,89.0,208.9804,1357.77,16.0,6.0,176.0,3.44,2.0,4.0,10.0,14.0,29.0,1.0,4.0,0.0,0.0,4.0,37.77,0.799,0.0,225.0,8.0,7.0,15.9994,54.8,2.0,2.0,66.0,1.0,1.0,0.0,0.0,0.0,2.0,0.0,0.0,0.0,0.0,0.0,9.105,0.0,0.0,12.0,8.0,64.0,15.9994,54.8,11.0,2.0,66.0,1.9,1.0,0.0,0.0,0.0,6.0,0.0,0.0,0.0,0.0,1.0,9.105,0.0,0.0,12.0
1000,Bi.80Ca.10Pb.10CuSeO,2.207142394,0,Mgaultois/Sparks,Peer-reviewed literature,147.60000000000002,317.6,350.41751999999997,2513.6510000000003,56.6,15.8,468.6,9.839,7.0,10.600000000000001,29.0,12.600000000000001,59.2,1.0,6.800000000000001,0.0,0.0,7.800000000000001,79.04300000000002,0.799,0.0,305.6,36.900000000000006,79.4,87.60437999999999,628.4127500000001,14.15,3.95,117.15,2.45975,1.75,2.6500000000000004,7.25,3.1500000000000004,14.8,0.25,1.7000000000000002,0.0,0.0,1.9500000000000002,19.760750000000005,0.19975,0.0,76.4,20.695,11.319999999999997,54.53018900000001,389.0079875,2.19,0.9749999999999999,25.574999999999996,0.53525,0.375,1.4899999999999998,3.9875,4.8825,6.94,0.375,0.9349999999999999,0.0,0.0,0.5725,9.673250000000001,0.29962500000000003,0.0,89.16,75.0,82.0,192.981,1302.97,14.0,4.0,110.0,2.44,1.0,4.0,10.0,14.0,27.0,1.0,4.0,0.0,0.0,4.0,28.665000000000003,0.799,0.0,213.0,83.0,89.0,208.9804,1357.77,16.0,6.0,176.0,3.44,2.0,4.0,10.0,14.0,29.0,1.0,4.0,0.0,0.0,4.0,37.77,0.799,0.0,225.0,8.0,7.0,15.9994,54.8,2.0,2.0,66.0,1.0,1.0,0.0,0.0,0.0,2.0,0.0,0.0,0.0,0.0,0.0,9.105,0.0,0.0,12.0,8.0,64.0,15.9994,54.8,11.0,2.0,66.0,1.9,1.0,0.0,0.0,0.0,6.0,0.0,0.0,0.0,0.0,1.0,9.105,0.0,0.0,12.0
300,LaOBiS2,-0.601501413,1,Mgaultois/Sparks,Peer-reviewed literature,180.0,362.0,428.01527,2568.92,66.0,20.0,631.0,11.72,10.0,15.0,11.0,14.0,50.0,0.0,9.0,9.0,0.0,18.0,130.52625,4.404,0.0,358.0,36.0,72.4,85.60305400000001,513.7840000000001,13.200000000000001,4.0,126.20000000000002,2.3440000000000003,2.0,3.0,2.2,2.8000000000000003,10.000000000000002,0.0,1.8,1.8,0.0,3.6000000000000005,26.10525,0.8808,0.0,71.6,27.200000000000003,23.759999999999998,70.67190480000001,283.93280000000004,4.08,1.6,41.040000000000006,0.6272,0.0,1.2000000000000002,3.12,4.48,7.600000000000001,0.0,0.72,2.8800000000000003,0.0,2.16,7.054800000000002,1.0569600000000001,0.0,48.96000000000001,75.0,75.0,192.981,1138.2,13.0,4.0,141.0,2.34,0.0,4.0,10.0,14.0,26.0,0.0,3.0,9.0,0.0,7.0,27.7925,2.202,0.0,182.0,83.0,88.0,208.9804,1193.0,16.0,6.0,207.0,3.44,2.0,4.0,10.0,14.0,29.0,0.0,3.0,9.0,0.0,9.0,36.8975,2.202,0.0,194.0,8.0,13.0,15.9994,54.8,3.0,2.0,66.0,1.1,2.0,0.0,0.0,0.0,3.0,0.0,0.0,0.0,0.0,2.0,9.105,0.0,0.0,12.0,16.0,88.0,32.065,388.36,16.0,3.0,105.0,2.58,2.0,4.0,0.0,0.0,6.0,0.0,2.0,0.0,0.0,2.0,25.786875,2.202,0.0,70.0
400,LaOBiS2,-0.63354634,1,Mgaultois/Sparks,Peer-reviewed literature,180.0,362.0,428.01527,2568.92,66.0,20.0,631.0,11.72,10.0,15.0,11.0,14.0,50.0,0.0,9.0,9.0,0.0,18.0,130.52625,4.404,0.0,358.0,36.0,72.4,85.60305400000001,513.7840000000001,13.200000000000001,4.0,126.20000000000002,2.3440000000000003,2.0,3.0,2.2,2.8000000000000003,10.000000000000002,0.0,1.8,1.8,0.0,3.6000000000000005,26.10525,0.8808,0.0,71.6,27.200000000000003,23.759999999999998,70.67190480000001,283.93280000000004,4.08,1.6,41.040000000000006,0.6272,0.0,1.2000000000000002,3.12,4.48,7.600000000000001,0.0,0.72,2.8800000000000003,0.0,2.16,7.054800000000002,1.0569600000000001,0.0,48.96000000000001,75.0,75.0,192.981,1138.2,13.0,4.0,141.0,2.34,0.0,4.0,10.0,14.0,26.0,0.0,3.0,9.0,0.0,7.0,27.7925,2.202,0.0,182.0,83.0,88.0,208.9804,1193.0,16.0,6.0,207.0,3.44,2.0,4.0,10.0,14.0,29.0,0.0,3.0,9.0,0.0,9.0,36.8975,2.202,0.0,194.0,8.0,13.0,15.9994,54.8,3.0,2.0,66.0,1.1,2.0,0.0,0.0,0.0,3.0,0.0,0.0,0.0,0.0,2.0,9.105,0.0,0.0,12.0,16.0,88.0,32.065,388.36,16.0,3.0,105.0,2.58,2.0,4.0,0.0,0.0,6.0,0.0,2.0,0.0,0.0,2.0,25.786875,2.202,0.0,70.0
700,LaOBiS2,-0.723495769,1,Mgaultois/Sparks,Peer-reviewed literature,180.0,362.0,428.01527,2568.92,66.0,20.0,631.0,11.72,10.0,15.0,11.0,14.0,50.0,0.0,9.0,9.0,0.0,18.0,130.52625,4.404,0.0,358.0,36.0,72.4,85.60305400000001,513.7840000000001,13.200000000000001,4.0,126.20000000000002,2.3440000000000003,2.0,3.0,2.2,2.8000000000000003,10.000000000000002,0.0,1.8,1.8,0.0,3.6000000000000005,26.10525,0.8808,0.0,71.6,27.200000000000003,23.759999999999998,70.67190480000001,283.93280000000004,4.08,1.6,41.040000000000006,0.6272,0.0,1.2000000000000002,3.12,4.48,7.600000000000001,0.0,0.72,2.8800000000000003,0.0,2.16,7.054800000000002,1.0569600000000001,0.0,48.96000000000001,75.0,75.0,192.981,1138.2,13.0,4.0,141.0,2.34,0.0,4.0,10.0,14.0,26.0,0.0,3.0,9.0,0.0,7.0,27.7925,2.202,0.0,182.0,83.0,88.0,208.9804,1193.0,16.0,6.0,207.0,3.44,2.0,4.0,10.0,14.0,29.0,0.0,3.0,9.0,0.0,9.0,36.8975,2.202,0.0,194.0,8.0,13.0,15.9994,54.8,3.0,2.0,66.0,1.1,2.0,0.0,0.0,0.0,3.0,0.0,0.0,0.0,0.0,2.0,9.105,0.0,0.0,12.0,16.0,88.0,32.065,388.36,16.0,3.0,105.0,2.58,2.0,4.0,0.0,0.0,6.0,0.0,2.0,0.0,0.0,2.0,25.786875,2.202,0.0,70.0
300,LaOBiS.16Se.04,-0.50800147,1,Mgaultois/Sparks,Peer-reviewed literature,151.92000000000002,203.64000000000001,372.17407,1874.0975999999998,37.2,14.64,442.6,7.074800000000001,6.4,7.8,11.4,14.0,39.6,0.0,5.4,9.0,0.0,14.4,84.1152,0.38428,0.0,229.76,47.474999999999994,63.637499999999996,116.30439687500001,585.6555,11.625,4.575,138.3125,2.2108749999999997,2.0,2.4375,3.5625,4.375,12.375,0.0,1.6875,2.8125,0.0,4.5,26.286000000000005,0.12008749999999999,0.0,71.8,28.15625,31.6484375,72.04817265624999,379.59031250000004,5.390625,1.78125,48.984375,0.8135937499999999,0.0,1.5234375,4.184374999999999,6.015625,10.48125,0.0,1.0546875,3.8671875,0.0,2.8125,10.797187500000001,0.22516406249999998,0.0,76.375,75.0,76.0,192.981,1138.2,13.0,4.0,141.0,2.34,0.0,4.0,10.0,14.0,26.0,0.0,3.0,9.0,0.0,7.0,27.7925,2.202,0.0,182.0,83.0,89.0,208.9804,1193.0,16.0,6.0,207.0,3.44,2.0,4.0,10.0,14.0,29.0,0.0,3.0,9.0,0.0,9.0,36.8975,2.202,0.0,194.0,8.0,13.0,15.9994,54.8,3.0,2.0,66.0,1.1,2.0,0.0,0.0,0.0,3.0,0.0,0.0,0.0,0.0,2.0,9.105,0.0,0.0,12.0,8.0,13.0,15.9994,54.8,3.0,2.0,66.0,1.1,2.0,0.0,0.0,0.0,3.0,0.0,0.0,0.0,0.0,2.0,9.105,0.0,0.0,12.0
400,LaOBiS.16Se.04,-0.656548979,1,Mgaultois/Sparks,Peer-reviewed literature,151.92000000000002,203.64000000000001,372.17407,1874.0975999999998,37.2,14.64,442.6,7.074800000000001,6.4,7.8,11.4,14.0,39.6,0.0,5.4,9.0,0.0,14.4,84.1152,0.38428,0.0,229.76,47.474999999999994,63.637499999999996,116.30439687500001,585.6555,11.625,4.575,138.3125,2.2108749999999997,2.0,2.4375,3.5625,4.375,12.375,0.0,1.6875,2.8125,0.0,4.5,26.286000000000005,0.12008749999999999,0.0,71.8,28.15625,31.6484375,72.04817265624999,379.59031250000004,5.390625,1.78125,48.984375,0.8135937499999999,0.0,1.5234375,4.184374999999999,6.015625,10.48125,0.0,1.0546875,3.8671875,0.0,2.8125,10.797187500000001,0.22516406249999998,0.0,76.375,75.0,76.0,192.981,1138.2,13.0,4.0,141.0,2.34,0.0,4.0,10.0,14.0,26.0,0.0,3.0,9.0,0.0,7.0,27.7925,2.202,0.0,182.0,83.0,89.0,208.9804,1193.0,16.0,6.0,207.0,3.44,2.0,4.0,10.0,14.0,29.0,0.0,3.0,9.0,0.0,9.0,36.8975,2.202,0.0,194.0,8.0,13.0,15.9994,54.8,3.0,2.0,66.0,1.1,2.0,0.0,0.0,0.0,3.0,0.0,0.0,0.0,0.0,2.0,9.105,0.0,0.0,12.0,8.0,13.0,15.9994,54.8,3.0,2.0,66.0,1.1,2.0,0.0,0.0,0.0,3.0,0.0,0.0,0.0,0.0,2.0,9.105,0.0,0.0,12.0
700,LaOBiS.16Se.04,-0.831489789,1,Mgaultois/Sparks,Peer-reviewed literature,151.92000000000002,203.64000000000001,372.17407,1874.0975999999998,37.2,14.64,442.6,7.074800000000001,6.4,7.8,11.4,14.0,39.6,0.0,5.4,9.0,0.0,14.4,84.1152,0.38428,0.0,229.76,47.474999999999994,63.637499999999996,116.30439687500001,585.6555,11.625,4.575,138.3125,2.2108749999999997,2.0,2.4375,3.5625,4.375,12.375,0.0,1.6875,2.8125,0.0,4.5,26.286000000000005,0.12008749999999999,0.0,71.8,28.15625,31.6484375,72.04817265624999,379.59031250000004,5.390625,1.78125,48.984375,0.8135937499999999,0.0,1.5234375,4.184374999999999,6.015625,10.48125,0.0,1.0546875,3.8671875,0.0,2.8125,10.797187500000001,0.22516406249999998,0.0,76.375,75.0,76.0,192.981,1138.2,13.0,4.0,141.0,2.34,0.0,4.0,10.0,14.0,26.0,0.0,3.0,9.0,0.0,7.0,27.7925,2.202,0.0,182.0,83.0,89.0,208.9804,1193.0,16.0,6.0,207.0,3.44,2.0,4.0,10.0,14.0,29.0,0.0,3.0,9.0,0.0,9.0,36.8975,2.202,0.0,194.0,8.0,13.0,15.9994,54.8,3.0,2.0,66.0,1.1,2.0,0.0,0.0,0.0,3.0,0.0,0.0,0.0,0.0,2.0,9.105,0.0,0.0,12.0,8.0,13.0,15.9994,54.8,3.0,2.0,66.0,1.1,2.0,0.0,0.0,0.0,3.0,0.0,0.0,0.0,0.0,2.0,9.105,0.0,0.0,12.0
300,LaOBiS.14Se.06,-0.475256527,1,Mgaultois/Sparks,Peer-reviewed literature,152.28,203.66,373.11197,1876.2104,37.2,14.66,442.9,7.0742,6.4,7.800000000000001,11.6,14.0,39.800000000000004,0.0,5.4,9.0,0.0,14.399999999999999,84.1178625,0.35622,0.0,228.64000000000001,47.587500000000006,63.643750000000004,116.59749062500002,586.3157500000001,11.625,4.58125,138.40625,2.2106874999999997,2.0,2.4375,3.625,4.375,12.4375,0.0,1.6875,2.8125,0.0,4.5,26.286832031250004,0.11131875000000001,0.0,71.45,28.015625,31.65234375,71.68180546875,379.17765625000004,5.390625,1.7734375,48.8671875,0.8133593749999999,0.0,1.5234375,4.223437499999999,6.015625,10.48515625,0.0,1.0546875,3.8671875,0.0,2.8125,10.7961474609375,0.20872265625000003,0.0,76.59375,75.0,76.0,192.981,1138.2,13.0,4.0,141.0,2.34,0.0,4.0,10.0,14.0,26.0,0.0,3.0,9.0,0.0,7.0,27.7925,2.202,0.0,182.0,83.0,89.0,208.9804,1193.0,16.0,6.0,207.0,3.44,2.0,4.0,10.0,14.0,29.0,0.0,3.0,9.0,0.0,9.0,36.8975,2.202,0.0,194.0,8.0,13.0,15.9994,54.8,3.0,2.0,66.0,1.1,2.0,0.0,0.0,0.0,3.0,0.0,0.0,0.0,0.0,2.0,9.105,0.0,0.0,12.0,8.0,13.0,15.9994,54.8,3.0,2.0,66.0,1.1,2.0,0.0,0.0,0.0,3.0,0.0,0.0,0.0,0.0,2.0,9.105,0.0,0.0,12.0
400,LaOBiS.14Se.06,-0.593604932,1,Mgaultois/Sparks,Peer-reviewed literature,152.28,203.66,373.11197,1876.2104,37.2,14.66,442.9,7.0742,6.4,7.800000000000001,11.6,14.0,39.800000000000004,0.0,5.4,9.0,0.0,14.399999999999999,84.1178625,0.35622,0.0,228.64000000000001,47.587500000000006,63.643750000000004,116.59749062500002,586.3157500000001,11.625,4.58125,138.40625,2.2106874999999997,2.0,2.4375,3.625,4.375,12.4375,0.0,1.6875,2.8125,0.0,4.5,26.286832031250004,0.11131875000000001,0.0,71.45,28.015625,31.65234375,71.68180546875,379.17765625000004,5.390625,1.7734375,48.8671875,0.8133593749999999,0.0,1.5234375,4.223437499999999,6.015625,10.48515625,0.0,1.0546875,3.8671875,0.0,2.8125,10.7961474609375,0.20872265625000003,0.0,76.59375,75.0,76.0,192.981,1138.2,13.0,4.0,141.0,2.34,0.0,4.0,10.0,14.0,26.0,0.0,3.0,9.0,0.0,7.0,27.7925,2.202,0.0,182.0,83.0,89.0,208.9804,1193.0,16.0,6.0,207.0,3.44,2.0,4.0,10.0,14.0,29.0,0.0,3.0,9.0,0.0,9.0,36.8975,2.202,0.0,194.0,8.0,13.0,15.9994,54.8,3.0,2.0,66.0,1.1,2.0,0.0,0.0,0.0,3.0,0.0,0.0,0.0,0.0,2.0,9.105,0.0,0.0,12.0,8.0,13.0,15.9994,54.8,3.0,2.0,66.0,1.1,2.0,0.0,0.0,0.0,3.0,0.0,0.0,0.0,0.0,2.0,9.105,0.0,0.0,12.0
700,LaOBiS.14Se.06,-0.794224538,1,Mgaultois/Sparks,Peer-reviewed literature,152.28,203.66,373.11197,1876.2104,37.2,14.66,442.9,7.0742,6.4,7.800000000000001,11.6,14.0,39.800000000000004,0.0,5.4,9.0,0.0,14.399999999999999,84.1178625,0.35622,0.0,228.64000000000001,47.587500000000006,63.643750000000004,116.59749062500002,586.3157500000001,11.625,4.58125,138.40625,2.2106874999999997,2.0,2.4375,3.625,4.375,12.4375,0.0,1.6875,2.8125,0.0,4.5,26.286832031250004,0.11131875000000001,0.0,71.45,28.015625,31.65234375,71.68180546875,379.17765625000004,5.390625,1.7734375,48.8671875,0.8133593749999999,0.0,1.5234375,4.223437499999999,6.015625,10.48515625,0.0,1.0546875,3.8671875,0.0,2.8125,10.7961474609375,0.20872265625000003,0.0,76.59375,75.0,76.0,192.981,1138.2,13.0,4.0,141.0,2.34,0.0,4.0,10.0,14.0,26.0,0.0,3.0,9.0,0.0,7.0,27.7925,2.202,0.0,182.0,83.0,89.0,208.9804,1193.0,16.0,6.0,207.0,3.44,2.0,4.0,10.0,14.0,29.0,0.0,3.0,9.0,0.0,9.0,36.8975,2.202,0.0,194.0,8.0,13.0,15.9994,54.8,3.0,2.0,66.0,1.1,2.0,0.0,0.0,0.0,3.0,0.0,0.0,0.0,0.0,2.0,9.105,0.0,0.0,12.0,8.0,13.0,15.9994,54.8,3.0,2.0,66.0,1.1,2.0,0.0,0.0,0.0,3.0,0.0,0.0,0.0,0.0,2.0,9.105,0.0,0.0,12.0
300,LaOBiS.12Se.08,-0.300471417,1,Mgaultois/Sparks,Peer-reviewed literature,152.64,203.68,374.04987,1878.3231999999998,37.2,14.68,443.20000000000005,7.0736,6.4,7.800000000000001,11.8,14.0,40.0,0.0,5.4,9.0,0.0,14.4,84.120525,0.32816,0.0,227.52,47.7,63.65,116.89058437500002,586.976,11.625,4.5874999999999995,138.5,2.2105,2.0,2.4375,3.6875,4.375,12.5,0.0,1.6875,2.8125,0.0,4.5,26.287664062500003,0.10255,0.0,71.1,27.875,31.65625,71.31543828125001,378.76500000000004,5.390625,1.7656250000000002,48.75,0.813125,0.0,1.5234375,4.260937500000001,6.015625,10.4875,0.0,1.0546875,3.8671875,0.0,2.8125,10.795107421875,0.19228125000000001,0.0,76.8125,75.0,76.0,192.981,1138.2,13.0,4.0,141.0,2.34,0.0,4.0,10.0,14.0,26.0,0.0,3.0,9.0,0.0,7.0,27.7925,2.202,0.0,182.0,83.0,89.0,208.9804,1193.0,16.0,6.0,207.0,3.44,2.0,4.0,10.0,14.0,29.0,0.0,3.0,9.0,0.0,9.0,36.8975,2.202,0.0,194.0,8.0,13.0,15.9994,54.8,3.0,2.0,66.0,1.1,2.0,0.0,0.0,0.0,3.0,0.0,0.0,0.0,0.0,2.0,9.105,0.0,0.0,12.0,8.0,13.0,15.9994,54.8,3.0,2.0,66.0,1.1,2.0,0.0,0.0,0.0,3.0,0.0,0.0,0.0,0.0,2.0,9.105,0.0,0.0,12.0
400,LaOBiS.12Se.08,-0.395027525,1,Mgaultois/Sparks,Peer-reviewed literature,152.64,203.68,374.04987,1878.3231999999998,37.2,14.68,443.20000000000005,7.0736,6.4,7.800000000000001,11.8,14.0,40.0,0.0,5.4,9.0,0.0,14.4,84.120525,0.32816,0.0,227.52,47.7,63.65,116.89058437500002,586.976,11.625,4.5874999999999995,138.5,2.2105,2.0,2.4375,3.6875,4.375,12.5,0.0,1.6875,2.8125,0.0,4.5,26.287664062500003,0.10255,0.0,71.1,27.875,31.65625,71.31543828125001,378.76500000000004,5.390625,1.7656250000000002,48.75,0.813125,0.0,1.5234375,4.260937500000001,6.015625,10.4875,0.0,1.0546875,3.8671875,0.0,2.8125,10.795107421875,0.19228125000000001,0.0,76.8125,75.0,76.0,192.981,1138.2,13.0,4.0,141.0,2.34,0.0,4.0,10.0,14.0,26.0,0.0,3.0,9.0,0.0,7.0,27.7925,2.202,0.0,182.0,83.0,89.0,208.9804,1193.0,16.0,6.0,207.0,3.44,2.0,4.0,10.0,14.0,29.0,0.0,3.0,9.0,0.0,9.0,36.8975,2.202,0.0,194.0,8.0,13.0,15.9994,54.8,3.0,2.0,66.0,1.1,2.0,0.0,0.0,0.0,3.0,0.0,0.0,0.0,0.0,2.0,9.105,0.0,0.0,12.0,8.0,13.0,15.9994,54.8,3.0,2.0,66.0,1.1,2.0,0.0,0.0,0.0,3.0,0.0,0.0,0.0,0.0,2.0,9.105,0.0,0.0,12.0
700,LaOBiS.12Se.08,-0.697628208,1,Mgaultois/Sparks,Peer-reviewed literature,152.64,203.68,374.04987,1878.3231999999998,37.2,14.68,443.20000000000005,7.0736,6.4,7.800000000000001,11.8,14.0,40.0,0.0,5.4,9.0,0.0,14.4,84.120525,0.32816,0.0,227.52,47.7,63.65,116.89058437500002,586.976,11.625,4.5874999999999995,138.5,2.2105,2.0,2.4375,3.6875,4.375,12.5,0.0,1.6875,2.8125,0.0,4.5,26.287664062500003,0.10255,0.0,71.1,27.875,31.65625,71.31543828125001,378.76500000000004,5.390625,1.7656250000000002,48.75,0.813125,0.0,1.5234375,4.260937500000001,6.015625,10.4875,0.0,1.0546875,3.8671875,0.0,2.8125,10.795107421875,0.19228125000000001,0.0,76.8125,75.0,76.0,192.981,1138.2,13.0,4.0,141.0,2.34,0.0,4.0,10.0,14.0,26.0,0.0,3.0,9.0,0.0,7.0,27.7925,2.202,0.0,182.0,83.0,89.0,208.9804,1193.0,16.0,6.0,207.0,3.44,2.0,4.0,10.0,14.0,29.0,0.0,3.0,9.0,0.0,9.0,36.8975,2.202,0.0,194.0,8.0,13.0,15.9994,54.8,3.0,2.0,66.0,1.1,2.0,0.0,0.0,0.0,3.0,0.0,0.0,0.0,0.0,2.0,9.105,0.0,0.0,12.0,8.0,13.0,15.9994,54.8,3.0,2.0,66.0,1.1,2.0,0.0,0.0,0.0,3.0,0.0,0.0,0.0,0.0,2.0,9.105,0.0,0.0,12.0
300,LaOBiS.10Se.10,-0.18964689,1,Mgaultois/Sparks,Peer-reviewed literature,153.0,203.70000000000002,374.98777,1880.436,37.2,14.700000000000001,443.5,7.073,6.4,7.800000000000001,12.0,14.0,40.2,0.0,5.4,9.0,0.0,14.399999999999999,84.1231875,0.30010000000000003,0.0,226.4,47.8125,63.65625,117.18367812500001,587.63625,11.625,4.59375,138.59375,2.2103124999999997,2.0,2.4375,3.75,4.375,12.5625,0.0,1.6875,2.8125,0.0,4.5,26.288496093750002,0.09378125,0.0,70.75,27.734375,31.66015625,70.94907109374999,378.35234375000005,5.390625,1.7578125,48.6328125,0.8128906249999999,0.0,1.5234375,4.296875,6.015625,10.48828125,0.0,1.0546875,3.8671875,0.0,2.8125,10.794067382812502,0.17583984375,0.0,77.03125,75.0,76.0,192.981,1138.2,13.0,4.0,141.0,2.34,0.0,4.0,10.0,14.0,26.0,0.0,3.0,9.0,0.0,7.0,27.7925,2.202,0.0,182.0,83.0,89.0,208.9804,1193.0,16.0,6.0,207.0,3.44,2.0,4.0,10.0,14.0,29.0,0.0,3.0,9.0,0.0,9.0,36.8975,2.202,0.0,194.0,8.0,13.0,15.9994,54.8,3.0,2.0,66.0,1.1,2.0,0.0,0.0,0.0,3.0,0.0,0.0,0.0,0.0,2.0,9.105,0.0,0.0,12.0,8.0,13.0,15.9994,54.8,3.0,2.0,66.0,1.1,2.0,0.0,0.0,0.0,3.0,0.0,0.0,0.0,0.0,2.0,9.105,0.0,0.0,12.0
400,LaOBiS.10Se.10,-0.292574937,1,Mgaultois/Sparks,Peer-reviewed literature,153.0,203.70000000000002,374.98777,1880.436,37.2,14.700000000000001,443.5,7.073,6.4,7.800000000000001,12.0,14.0,40.2,0.0,5.4,9.0,0.0,14.399999999999999,84.1231875,0.30010000000000003,0.0,226.4,47.8125,63.65625,117.18367812500001,587.63625,11.625,4.59375,138.59375,2.2103124999999997,2.0,2.4375,3.75,4.375,12.5625,0.0,1.6875,2.8125,0.0,4.5,26.288496093750002,0.09378125,0.0,70.75,27.734375,31.66015625,70.94907109374999,378.35234375000005,5.390625,1.7578125,48.6328125,0.8128906249999999,0.0,1.5234375,4.296875,6.015625,10.48828125,0.0,1.0546875,3.8671875,0.0,2.8125,10.794067382812502,0.17583984375,0.0,77.03125,75.0,76.0,192.981,1138.2,13.0,4.0,141.0,2.34,0.0,4.0,10.0,14.0,26.0,0.0,3.0,9.0,0.0,7.0,27.7925,2.202,0.0,182.0,83.0,89.0,208.9804,1193.0,16.0,6.0,207.0,3.44,2.0,4.0,10.0,14.0,29.0,0.0,3.0,9.0,0.0,9.0,36.8975,2.202,0.0,194.0,8.0,13.0,15.9994,54.8,3.0,2.0,66.0,1.1,2.0,0.0,0.0,0.0,3.0,0.0,0.0,0.0,0.0,2.0,9.105,0.0,0.0,12.0,8.0,13.0,15.9994,54.8,3.0,2.0,66.0,1.1,2.0,0.0,0.0,0.0,3.0,0.0,0.0,0.0,0.0,2.0,9.105,0.0,0.0,12.0
700,LaOBiS.10Se.10,-0.605396457,1,Mgaultois/Sparks,Peer-reviewed literature,153.0,203.70000000000002,374.98777,1880.436,37.2,14.700000000000001,443.5,7.073,6.4,7.800000000000001,12.0,14.0,40.2,0.0,5.4,9.0,0.0,14.399999999999999,84.1231875,0.30010000000000003,0.0,226.4,47.8125,63.65625,117.18367812500001,587.63625,11.625,4.59375,138.59375,2.2103124999999997,2.0,2.4375,3.75,4.375,12.5625,0.0,1.6875,2.8125,0.0,4.5,26.288496093750002,0.09378125,0.0,70.75,27.734375,31.66015625,70.94907109374999,378.35234375000005,5.390625,1.7578125,48.6328125,0.8128906249999999,0.0,1.5234375,4.296875,6.015625,10.48828125,0.0,1.0546875,3.8671875,0.0,2.8125,10.794067382812502,0.17583984375,0.0,77.03125,75.0,76.0,192.981,1138.2,13.0,4.0,141.0,2.34,0.0,4.0,10.0,14.0,26.0,0.0,3.0,9.0,0.0,7.0,27.7925,2.202,0.0,182.0,83.0,89.0,208.9804,1193.0,16.0,6.0,207.0,3.44,2.0,4.0,10.0,14.0,29.0,0.0,3.0,9.0,0.0,9.0,36.8975,2.202,0.0,194.0,8.0,13.0,15.9994,54.8,3.0,2.0,66.0,1.1,2.0,0.0,0.0,0.0,3.0,0.0,0.0,0.0,0.0,2.0,9.105,0.0,0.0,12.0,8.0,13.0,15.9994,54.8,3.0,2.0,66.0,1.1,2.0,0.0,0.0,0.0,3.0,0.0,0.0,0.0,0.0,2.0,9.105,0.0,0.0,12.0
300,La.95F.05OBiS2,2.146424795,0,Mgaultois/Sparks,Peer-reviewed literature,177.6,366.0,422.01991666000004,2511.9449999999997,66.7,19.799999999999997,623.5,11.864,10.0,15.25,10.95,14.0,50.2,0.0,9.05,8.549999999999999,0.0,17.6,129.16675,4.5024999999999995,0.0,349.04999999999995,35.52,73.2,84.403983332,502.389,13.34,3.9600000000000004,124.7,2.3728000000000002,2.0,3.0500000000000003,2.19,2.8000000000000003,10.040000000000001,0.0,1.8100000000000003,1.71,0.0,3.5200000000000005,25.833350000000003,0.9005000000000001,0.0,69.81,27.154400000000003,22.875999999999998,70.54113160104001,279.23658,3.9292,1.5912000000000002,40.594,0.624784,0.0,1.1789999999999998,3.124,4.48,7.5840000000000005,0.0,0.704,2.7702,0.0,2.0824000000000003,7.051037000000002,1.0625900000000001,0.0,47.34420000000001,75.0,80.0,192.981,1139.5,14.0,4.0,150.0,2.88,0.0,5.0,10.0,14.0,26.0,0.0,3.0,9.0,0.0,8.0,27.7925,2.202,0.0,182.0,83.0,93.0,208.9804,1193.0,17.0,6.0,207.0,3.98,2.0,5.0,10.0,14.0,29.0,0.0,3.0,9.0,0.0,9.0,36.8975,2.202,0.0,194.0,8.0,13.0,15.9994,53.5,3.0,2.0,57.0,1.1,2.0,0.0,0.0,0.0,3.0,0.0,0.0,0.0,0.0,1.0,9.105,0.0,0.0,12.0,16.0,88.0,32.065,388.36,16.0,3.0,105.0,2.58,2.0,4.0,0.0,0.0,6.0,0.0,2.0,0.0,0.0,2.0,25.786875,2.202,0.0,70.0
400,La.95F.05OBiS2,2.185537708,0,Mgaultois/Sparks,Peer-reviewed literature,177.6,366.0,422.01991666000004,2511.9449999999997,66.7,19.799999999999997,623.5,11.864,10.0,15.25,10.95,14.0,50.2,0.0,9.05,8.549999999999999,0.0,17.6,129.16675,4.5024999999999995,0.0,349.04999999999995,35.52,73.2,84.403983332,502.389,13.34,3.9600000000000004,124.7,2.3728000000000002,2.0,3.0500000000000003,2.19,2.8000000000000003,10.040000000000001,0.0,1.8100000000000003,1.71,0.0,3.5200000000000005,25.833350000000003,0.9005000000000001,0.0,69.81,27.154400000000003,22.875999999999998,70.54113160104001,279.23658,3.9292,1.5912000000000002,40.594,0.624784,0.0,1.1789999999999998,3.124,4.48,7.5840000000000005,0.0,0.704,2.7702,0.0,2.0824000000000003,7.051037000000002,1.0625900000000001,0.0,47.34420000000001,75.0,80.0,192.981,1139.5,14.0,4.0,150.0,2.88,0.0,5.0,10.0,14.0,26.0,0.0,3.0,9.0,0.0,8.0,27.7925,2.202,0.0,182.0,83.0,93.0,208.9804,1193.0,17.0,6.0,207.0,3.98,2.0,5.0,10.0,14.0,29.0,0.0,3.0,9.0,0.0,9.0,36.8975,2.202,0.0,194.0,8.0,13.0,15.9994,53.5,3.0,2.0,57.0,1.1,2.0,0.0,0.0,0.0,3.0,0.0,0.0,0.0,0.0,1.0,9.105,0.0,0.0,12.0,16.0,88.0,32.065,388.36,16.0,3.0,105.0,2.58,2.0,4.0,0.0,0.0,6.0,0.0,2.0,0.0,0.0,2.0,25.786875,2.202,0.0,70.0
300,La.75F.25OBiS2,2.398385171,0,Mgaultois/Sparks,Peer-reviewed literature,168.0,382.0,398.0385033,2284.045,69.5,19.0,593.5,12.44,10.0,16.25,10.75,14.0,51.0,0.0,9.25,6.75,0.0,16.0,123.72874999999999,4.8965,0.0,313.25,33.6,76.4,79.60770066,456.8090000000001,13.9,3.8000000000000003,118.7,2.488,2.0,3.25,2.15,2.8000000000000003,10.200000000000001,0.0,1.85,1.3499999999999999,0.0,3.2,24.74575,0.9793000000000001,0.0,62.65,26.78,19.019999999999996,69.53841053800001,255.89370000000002,3.2699999999999996,1.54,38.21,0.6036,0.0,1.0750000000000002,3.14,4.48,7.5200000000000005,0.0,0.64,2.295,0.0,1.7400000000000002,7.760125,1.0772300000000001,0.0,45.285,75.0,80.0,192.981,1139.5,14.0,4.0,150.0,2.88,0.0,5.0,10.0,14.0,26.0,0.0,3.0,9.0,0.0,8.0,27.7925,2.202,0.0,182.0,83.0,93.0,208.9804,1193.0,17.0,6.0,207.0,3.98,2.0,5.0,10.0,14.0,29.0,0.0,3.0,9.0,0.0,9.0,36.8975,2.202,0.0,194.0,8.0,13.0,15.9994,53.5,3.0,2.0,57.0,1.1,2.0,0.0,0.0,0.0,3.0,0.0,0.0,0.0,0.0,1.0,9.105,0.0,0.0,12.0,16.0,88.0,32.065,388.36,16.0,3.0,105.0,2.58,2.0,4.0,0.0,0.0,6.0,0.0,2.0,0.0,0.0,2.0,25.786875,2.202,0.0,70.0
400,La.75F.25OBiS2,2.445381722,0,Mgaultois/Sparks,Peer-reviewed literature,168.0,382.0,398.0385033,2284.045,69.5,19.0,593.5,12.44,10.0,16.25,10.75,14.0,51.0,0.0,9.25,6.75,0.0,16.0,123.72874999999999,4.8965,0.0,313.25,33.6,76.4,79.60770066,456.8090000000001,13.9,3.8000000000000003,118.7,2.488,2.0,3.25,2.15,2.8000000000000003,10.200000000000001,0.0,1.85,1.3499999999999999,0.0,3.2,24.74575,0.9793000000000001,0.0,62.65,26.78,19.019999999999996,69.53841053800001,255.89370000000002,3.2699999999999996,1.54,38.21,0.6036,0.0,1.0750000000000002,3.14,4.48,7.5200000000000005,0.0,0.64,2.295,0.0,1.7400000000000002,7.760125,1.0772300000000001,0.0,45.285,75.0,80.0,192.981,1139.5,14.0,4.0,150.0,2.88,0.0,5.0,10.0,14.0,26.0,0.0,3.0,9.0,0.0,8.0,27.7925,2.202,0.0,182.0,83.0,93.0,208.9804,1193.0,17.0,6.0,207.0,3.98,2.0,5.0,10.0,14.0,29.0,0.0,3.0,9.0,0.0,9.0,36.8975,2.202,0.0,194.0,8.0,13.0,15.9994,53.5,3.0,2.0,57.0,1.1,2.0,0.0,0.0,0.0,3.0,0.0,0.0,0.0,0.0,1.0,9.105,0.0,0.0,12.0,16.0,88.0,32.065,388.36,16.0,3.0,105.0,2.58,2.0,4.0,0.0,0.0,6.0,0.0,2.0,0.0,0.0,2.0,25.786875,2.202,0.0,70.0
300,La.50F.50OBiS2,2.580080417,1,Mgaultois/Sparks,Peer-reviewed literature,156.0,402.0,368.0617366,1999.1699999999998,73.0,18.0,556.0,13.16,10.0,17.5,10.5,14.0,52.0,0.0,9.5,4.5,0.0,14.0,116.93125,5.389,0.0,268.5,31.200000000000003,80.4,73.61234732,399.83400000000006,14.6,3.6000000000000005,111.2,2.632,2.0,3.5,2.1,2.8000000000000003,10.4,0.0,1.9000000000000001,0.9,0.0,2.8,23.38625,1.0778,0.0,53.7,25.880000000000003,13.479999999999995,67.205845608,216.45960000000002,2.3200000000000003,1.4400000000000004,33.88,0.5928000000000001,0.0,0.8999999999999999,3.16,4.48,7.440000000000001,0.0,0.5599999999999999,1.62,0.0,1.3199999999999998,8.44825,1.0777999999999999,0.0,41.10000000000001,75.0,80.0,192.981,1139.5,14.0,4.0,150.0,2.88,0.0,5.0,10.0,14.0,26.0,0.0,3.0,9.0,0.0,8.0,27.7925,2.202,0.0,182.0,83.0,93.0,208.9804,1193.0,17.0,6.0,207.0,3.98,2.0,5.0,10.0,14.0,29.0,0.0,3.0,9.0,0.0,9.0,36.8975,2.202,0.0,194.0,8.0,13.0,15.9994,53.5,3.0,2.0,57.0,1.1,2.0,0.0,0.0,0.0,3.0,0.0,0.0,0.0,0.0,1.0,9.105,0.0,0.0,12.0,16.0,88.0,32.065,388.36,16.0,3.0,105.0,2.58,2.0,4.0,0.0,0.0,6.0,0.0,2.0,0.0,0.0,2.0,25.786875,2.202,0.0,70.0
400,La.50F.50OBiS2,2.493443153,1,Mgaultois/Sparks,Peer-reviewed literature,156.0,402.0,368.0617366,1999.1699999999998,73.0,18.0,556.0,13.16,10.0,17.5,10.5,14.0,52.0,0.0,9.5,4.5,0.0,14.0,116.93125,5.389,0.0,268.5,31.200000000000003,80.4,73.61234732,399.83400000000006,14.6,3.6000000000000005,111.2,2.632,2.0,3.5,2.1,2.8000000000000003,10.4,0.0,1.9000000000000001,0.9,0.0,2.8,23.38625,1.0778,0.0,53.7,25.880000000000003,13.479999999999995,67.205845608,216.45960000000002,2.3200000000000003,1.4400000000000004,33.88,0.5928000000000001,0.0,0.8999999999999999,3.16,4.48,7.440000000000001,0.0,0.5599999999999999,1.62,0.0,1.3199999999999998,8.44825,1.0777999999999999,0.0,41.10000000000001,75.0,80.0,192.981,1139.5,14.0,4.0,150.0,2.88,0.0,5.0,10.0,14.0,26.0,0.0,3.0,9.0,0.0,8.0,27.7925,2.202,0.0,182.0,83.0,93.0,208.9804,1193.0,17.0,6.0,207.0,3.98,2.0,5.0,10.0,14.0,29.0,0.0,3.0,9.0,0.0,9.0,36.8975,2.202,0.0,194.0,8.0,13.0,15.9994,53.5,3.0,2.0,57.0,1.1,2.0,0.0,0.0,0.0,3.0,0.0,0.0,0.0,0.0,1.0,9.105,0.0,0.0,12.0,16.0,88.0,32.065,388.36,16.0,3.0,105.0,2.58,2.0,4.0,0.0,0.0,6.0,0.0,2.0,0.0,0.0,2.0,25.786875,2.202,0.0,70.0
700,Bi2O2Se,0.53123082,0,Mgaultois/Sparks,Peer-reviewed literature,216.0,435.0,528.9196000000001,1692.3999999999999,78.0,20.0,548.0,13.469999999999999,10.0,18.0,30.0,28.0,86.0,0.0,12.0,0.0,0.0,12.0,110.03000000000002,0.799,0.0,62.0,43.2,87.0,105.78392000000001,338.48,15.600000000000001,4.0,109.60000000000001,2.694,2.0,3.6000000000000005,6.0,5.6000000000000005,17.200000000000003,0.0,2.4,0.0,0.0,2.4,22.006000000000004,0.15980000000000003,0.0,12.400000000000002,31.84,0.8,82.55718400000002,226.94400000000002,0.47999999999999976,1.6,34.88,0.5968000000000001,0.0,0.4799999999999999,4.8,6.72,9.44,0.0,0.48,0.0,0.0,0.48,10.320800000000002,0.25568,0.0,0.6400000000000013,75.0,3.0,192.981,489.59999999999997,1.0,4.0,82.0,1.42,0.0,1.0,10.0,14.0,23.0,0.0,1.0,0.0,0.0,1.0,23.845000000000002,0.799,0.0,2.0,83.0,89.0,208.9804,544.4,16.0,6.0,148.0,3.44,2.0,4.0,10.0,14.0,29.0,0.0,3.0,0.0,0.0,3.0,32.95,0.799,0.0,14.0,8.0,86.0,15.9994,54.8,15.0,2.0,66.0,2.02,2.0,3.0,0.0,0.0,6.0,0.0,2.0,0.0,0.0,2.0,9.105,0.0,0.0,12.0,8.0,86.0,15.9994,54.8,15.0,2.0,66.0,2.02,2.0,3.0,0.0,0.0,6.0,0.0,2.0,0.0,0.0,2.0,9.105,0.0,0.0,12.0
300,Bi1.94Ta0.06O2,1.698970004,0,Mgaultois/Sparks,Peer-reviewed literature,181.39999999999998,343.72,448.2776488,1363.136,61.4,16.0,429.32,10.8888,8.0,13.82,19.58,28.0,69.4,0.0,9.82,0.42,0.0,10.24,83.2202,0.0,0.0,61.02,45.349999999999994,85.93,112.0694122,340.784,15.35,4.0,107.33,2.7222,2.0,3.455,4.895,7.0,17.35,0.0,2.455,0.105,0.0,2.56,20.80505,0.0,0.0,15.255,37.35,1.1378999999999935,96.07001220000001,285.984,0.65,2.0,41.33,0.7178,0.0,0.5449999999999999,4.95185,7.0,11.35,0.0,0.5286500000000001,0.20684999999999998,0.0,0.56,11.780601500000001,0.0,0.0,6.412350000000001,75.0,39.0,192.981,3235.2,11.0,4.0,104.0,1.94,0.0,4.0,10.0,14.0,23.0,0.0,3.0,7.0,0.0,5.0,23.845000000000002,0.0,0.0,217.0,83.0,87.0,208.9804,3290.0,16.0,6.0,170.0,3.44,2.0,4.0,10.0,14.0,29.0,0.0,3.0,7.0,0.0,7.0,32.95,0.0,0.0,229.0,8.0,48.0,15.9994,54.8,5.0,2.0,66.0,1.5,2.0,0.0,0.0,0.0,6.0,0.0,0.0,0.0,0.0,2.0,9.105,0.0,0.0,12.0,8.0,87.0,15.9994,54.8,16.0,2.0,66.0,3.44,2.0,4.0,0.0,0.0,6.0,0.0,2.0,0.0,0.0,2.0,9.105,0.0,0.0,12.0
400,Bi1.94Ta0.06O2,1.76891816,0,Mgaultois/Sparks,Peer-reviewed literature,181.39999999999998,343.72,448.2776488,1363.136,61.4,16.0,429.32,10.8888,8.0,13.82,19.58,28.0,69.4,0.0,9.82,0.42,0.0,10.24,83.2202,0.0,0.0,61.02,45.349999999999994,85.93,112.0694122,340.784,15.35,4.0,107.33,2.7222,2.0,3.455,4.895,7.0,17.35,0.0,2.455,0.105,0.0,2.56,20.80505,0.0,0.0,15.255,37.35,1.1378999999999935,96.07001220000001,285.984,0.65,2.0,41.33,0.7178,0.0,0.5449999999999999,4.95185,7.0,11.35,0.0,0.5286500000000001,0.20684999999999998,0.0,0.56,11.780601500000001,0.0,0.0,6.412350000000001,75.0,39.0,192.981,3235.2,11.0,4.0,104.0,1.94,0.0,4.0,10.0,14.0,23.0,0.0,3.0,7.0,0.0,5.0,23.845000000000002,0.0,0.0,217.0,83.0,87.0,208.9804,3290.0,16.0,6.0,170.0,3.44,2.0,4.0,10.0,14.0,29.0,0.0,3.0,7.0,0.0,7.0,32.95,0.0,0.0,229.0,8.0,48.0,15.9994,54.8,5.0,2.0,66.0,1.5,2.0,0.0,0.0,0.0,6.0,0.0,0.0,0.0,0.0,2.0,9.105,0.0,0.0,12.0,8.0,87.0,15.9994,54.8,16.0,2.0,66.0,3.44,2.0,4.0,0.0,0.0,6.0,0.0,2.0,0.0,0.0,2.0,9.105,0.0,0.0,12.0
700,Bi1.94Ta0.06O2,1.783042793,0,Mgaultois/Sparks,Peer-reviewed literature,181.39999999999998,343.72,448.2776488,1363.136,61.4,16.0,429.32,10.8888,8.0,13.82,19.58,28.0,69.4,0.0,9.82,0.42,0.0,10.24,83.2202,0.0,0.0,61.02,45.349999999999994,85.93,112.0694122,340.784,15.35,4.0,107.33,2.7222,2.0,3.455,4.895,7.0,17.35,0.0,2.455,0.105,0.0,2.56,20.80505,0.0,0.0,15.255,37.35,1.1378999999999935,96.07001220000001,285.984,0.65,2.0,41.33,0.7178,0.0,0.5449999999999999,4.95185,7.0,11.35,0.0,0.5286500000000001,0.20684999999999998,0.0,0.56,11.780601500000001,0.0,0.0,6.412350000000001,75.0,39.0,192.981,3235.2,11.0,4.0,104.0,1.94,0.0,4.0,10.0,14.0,23.0,0.0,3.0,7.0,0.0,5.0,23.845000000000002,0.0,0.0,217.0,83.0,87.0,208.9804,3290.0,16.0,6.0,170.0,3.44,2.0,4.0,10.0,14.0,29.0,0.0,3.0,7.0,0.0,7.0,32.95,0.0,0.0,229.0,8.0,48.0,15.9994,54.8,5.0,2.0,66.0,1.5,2.0,0.0,0.0,0.0,6.0,0.0,0.0,0.0,0.0,2.0,9.105,0.0,0.0,12.0,8.0,87.0,15.9994,54.8,16.0,2.0,66.0,3.44,2.0,4.0,0.0,0.0,6.0,0.0,2.0,0.0,0.0,2.0,9.105,0.0,0.0,12.0
300,Bi1.92Ta0.08O2,2.002103117,0,Mgaultois/Sparks,Peer-reviewed literature,181.2,342.96000000000004,447.7169984,1418.0479999999998,61.199999999999996,16.0,429.76,10.8784,8.0,13.76,19.439999999999998,28.0,69.2,0.0,9.76,0.56,0.0,10.32,82.9236,0.0,0.0,65.36,45.3,85.74000000000001,111.9292496,354.51199999999994,15.299999999999999,4.0,107.44,2.7196,2.0,3.44,4.859999999999999,7.0,17.3,0.0,2.44,0.14,0.0,2.58,20.7309,0.0,0.0,16.34,37.3,1.5095999999999914,95.92984960000001,299.712,0.7,2.0,41.44,0.7203999999999999,0.0,0.56,4.9344,7.0,11.3,0.0,0.5376000000000001,0.27440000000000003,0.0,0.58,11.730336000000001,0.0,0.0,8.5064,75.0,39.0,192.981,3235.2,11.0,4.0,104.0,1.94,0.0,4.0,10.0,14.0,23.0,0.0,3.0,7.0,0.0,5.0,23.845000000000002,0.0,0.0,217.0,83.0,87.0,208.9804,3290.0,16.0,6.0,170.0,3.44,2.0,4.0,10.0,14.0,29.0,0.0,3.0,7.0,0.0,7.0,32.95,0.0,0.0,229.0,8.0,48.0,15.9994,54.8,5.0,2.0,66.0,1.5,2.0,0.0,0.0,0.0,6.0,0.0,0.0,0.0,0.0,2.0,9.105,0.0,0.0,12.0,8.0,87.0,15.9994,54.8,16.0,2.0,66.0,3.44,2.0,4.0,0.0,0.0,6.0,0.0,2.0,0.0,0.0,2.0,9.105,0.0,0.0,12.0
400,Bi1.92Ta0.08O2,2.049744756,0,Mgaultois/Sparks,Peer-reviewed literature,181.2,342.96000000000004,447.7169984,1418.0479999999998,61.199999999999996,16.0,429.76,10.8784,8.0,13.76,19.439999999999998,28.0,69.2,0.0,9.76,0.56,0.0,10.32,82.9236,0.0,0.0,65.36,45.3,85.74000000000001,111.9292496,354.51199999999994,15.299999999999999,4.0,107.44,2.7196,2.0,3.44,4.859999999999999,7.0,17.3,0.0,2.44,0.14,0.0,2.58,20.7309,0.0,0.0,16.34,37.3,1.5095999999999914,95.92984960000001,299.712,0.7,2.0,41.44,0.7203999999999999,0.0,0.56,4.9344,7.0,11.3,0.0,0.5376000000000001,0.27440000000000003,0.0,0.58,11.730336000000001,0.0,0.0,8.5064,75.0,39.0,192.981,3235.2,11.0,4.0,104.0,1.94,0.0,4.0,10.0,14.0,23.0,0.0,3.0,7.0,0.0,5.0,23.845000000000002,0.0,0.0,217.0,83.0,87.0,208.9804,3290.0,16.0,6.0,170.0,3.44,2.0,4.0,10.0,14.0,29.0,0.0,3.0,7.0,0.0,7.0,32.95,0.0,0.0,229.0,8.0,48.0,15.9994,54.8,5.0,2.0,66.0,1.5,2.0,0.0,0.0,0.0,6.0,0.0,0.0,0.0,0.0,2.0,9.105,0.0,0.0,12.0,8.0,87.0,15.9994,54.8,16.0,2.0,66.0,3.44,2.0,4.0,0.0,0.0,6.0,0.0,2.0,0.0,0.0,2.0,9.105,0.0,0.0,12.0
700,Bi1.92Ta0.08O2,1.964886391,0,Mgaultois/Sparks,Peer-reviewed literature,181.2,342.96000000000004,447.7169984,1418.0479999999998,61.199999999999996,16.0,429.76,10.8784,8.0,13.76,19.439999999999998,28.0,69.2,0.0,9.76,0.56,0.0,10.32,82.9236,0.0,0.0,65.36,45.3,85.74000000000001,111.9292496,354.51199999999994,15.299999999999999,4.0,107.44,2.7196,2.0,3.44,4.859999999999999,7.0,17.3,0.0,2.44,0.14,0.0,2.58,20.7309,0.0,0.0,16.34,37.3,1.5095999999999914,95.92984960000001,299.712,0.7,2.0,41.44,0.7203999999999999,0.0,0.56,4.9344,7.0,11.3,0.0,0.5376000000000001,0.27440000000000003,0.0,0.58,11.730336000000001,0.0,0.0,8.5064,75.0,39.0,192.981,3235.2,11.0,4.0,104.0,1.94,0.0,4.0,10.0,14.0,23.0,0.0,3.0,7.0,0.0,5.0,23.845000000000002,0.0,0.0,217.0,83.0,87.0,208.9804,3290.0,16.0,6.0,170.0,3.44,2.0,4.0,10.0,14.0,29.0,0.0,3.0,7.0,0.0,7.0,32.95,0.0,0.0,229.0,8.0,48.0,15.9994,54.8,5.0,2.0,66.0,1.5,2.0,0.0,0.0,0.0,6.0,0.0,0.0,0.0,0.0,2.0,9.105,0.0,0.0,12.0,8.0,87.0,15.9994,54.8,16.0,2.0,66.0,3.44,2.0,4.0,0.0,0.0,6.0,0.0,2.0,0.0,0.0,2.0,9.105,0.0,0.0,12.0
300,Bi1.90Ta0.10O2,2.173271137,0,Mgaultois/Sparks,Peer-reviewed literature,181.0,342.20000000000005,447.156348,1472.9599999999998,61.0,15.999999999999998,430.2,10.867999999999999,8.0,13.7,19.3,27.999999999999996,69.0,0.0,9.7,0.7000000000000001,0.0,10.399999999999999,82.62700000000001,0.0,0.0,69.7,45.25,85.55000000000001,111.789087,368.23999999999995,15.25,3.9999999999999996,107.55,2.7169999999999996,2.0,3.425,4.825,6.999999999999999,17.25,0.0,2.425,0.17500000000000002,0.0,2.5999999999999996,20.656750000000002,0.0,0.0,17.425,37.25,1.8774999999999893,95.789687,313.44,0.75,2.0,41.55,0.7229999999999999,0.0,0.575,4.91625,7.0,11.25,0.0,0.5462499999999999,0.34125000000000005,0.0,0.6,11.6785875,0.0,0.0,10.57875,75.0,39.0,192.981,3235.2,11.0,4.0,104.0,1.94,0.0,4.0,10.0,14.0,23.0,0.0,3.0,7.0,0.0,5.0,23.845000000000002,0.0,0.0,217.0,83.0,87.0,208.9804,3290.0,16.0,6.0,170.0,3.44,2.0,4.0,10.0,14.0,29.0,0.0,3.0,7.0,0.0,7.0,32.95,0.0,0.0,229.0,8.0,48.0,15.9994,54.8,5.0,2.0,66.0,1.5,2.0,0.0,0.0,0.0,6.0,0.0,0.0,0.0,0.0,2.0,9.105,0.0,0.0,12.0,8.0,87.0,15.9994,54.8,16.0,2.0,66.0,3.44,2.0,4.0,0.0,0.0,6.0,0.0,2.0,0.0,0.0,2.0,9.105,0.0,0.0,12.0
400,Bi1.90Ta0.10O2,2.18028738,0,Mgaultois/Sparks,Peer-reviewed literature,181.0,342.20000000000005,447.156348,1472.9599999999998,61.0,15.999999999999998,430.2,10.867999999999999,8.0,13.7,19.3,27.999999999999996,69.0,0.0,9.7,0.7000000000000001,0.0,10.399999999999999,82.62700000000001,0.0,0.0,69.7,45.25,85.55000000000001,111.789087,368.23999999999995,15.25,3.9999999999999996,107.55,2.7169999999999996,2.0,3.425,4.825,6.999999999999999,17.25,0.0,2.425,0.17500000000000002,0.0,2.5999999999999996,20.656750000000002,0.0,0.0,17.425,37.25,1.8774999999999893,95.789687,313.44,0.75,2.0,41.55,0.7229999999999999,0.0,0.575,4.91625,7.0,11.25,0.0,0.5462499999999999,0.34125000000000005,0.0,0.6,11.6785875,0.0,0.0,10.57875,75.0,39.0,192.981,3235.2,11.0,4.0,104.0,1.94,0.0,4.0,10.0,14.0,23.0,0.0,3.0,7.0,0.0,5.0,23.845000000000002,0.0,0.0,217.0,83.0,87.0,208.9804,3290.0,16.0,6.0,170.0,3.44,2.0,4.0,10.0,14.0,29.0,0.0,3.0,7.0,0.0,7.0,32.95,0.0,0.0,229.0,8.0,48.0,15.9994,54.8,5.0,2.0,66.0,1.5,2.0,0.0,0.0,0.0,6.0,0.0,0.0,0.0,0.0,2.0,9.105,0.0,0.0,12.0,8.0,87.0,15.9994,54.8,16.0,2.0,66.0,3.44,2.0,4.0,0.0,0.0,6.0,0.0,2.0,0.0,0.0,2.0,9.105,0.0,0.0,12.0
700,Bi1.90Ta0.10O2,2.038315277,0,Mgaultois/Sparks,Peer-reviewed literature,181.0,342.20000000000005,447.156348,1472.9599999999998,61.0,15.999999999999998,430.2,10.867999999999999,8.0,13.7,19.3,27.999999999999996,69.0,0.0,9.7,0.7000000000000001,0.0,10.399999999999999,82.62700000000001,0.0,0.0,69.7,45.25,85.55000000000001,111.789087,368.23999999999995,15.25,3.9999999999999996,107.55,2.7169999999999996,2.0,3.425,4.825,6.999999999999999,17.25,0.0,2.425,0.17500000000000002,0.0,2.5999999999999996,20.656750000000002,0.0,0.0,17.425,37.25,1.8774999999999893,95.789687,313.44,0.75,2.0,41.55,0.7229999999999999,0.0,0.575,4.91625,7.0,11.25,0.0,0.5462499999999999,0.34125000000000005,0.0,0.6,11.6785875,0.0,0.0,10.57875,75.0,39.0,192.981,3235.2,11.0,4.0,104.0,1.94,0.0,4.0,10.0,14.0,23.0,0.0,3.0,7.0,0.0,5.0,23.845000000000002,0.0,0.0,217.0,83.0,87.0,208.9804,3290.0,16.0,6.0,170.0,3.44,2.0,4.0,10.0,14.0,29.0,0.0,3.0,7.0,0.0,7.0,32.95,0.0,0.0,229.0,8.0,48.0,15.9994,54.8,5.0,2.0,66.0,1.5,2.0,0.0,0.0,0.0,6.0,0.0,0.0,0.0,0.0,2.0,9.105,0.0,0.0,12.0,8.0,87.0,15.9994,54.8,16.0,2.0,66.0,3.44,2.0,4.0,0.0,0.0,6.0,0.0,2.0,0.0,0.0,2.0,9.105,0.0,0.0,12.0
300,Bi1.88Ta0.12O2,2.144014697,0,Mgaultois/Sparks,Peer-reviewed literature,180.79999999999998,341.43999999999994,446.5956976,1527.8719999999998,60.8,16.0,430.64,10.8576,8.0,13.64,19.159999999999997,28.0,68.8,0.0,9.64,0.84,0.0,10.48,82.3304,0.0,0.0,74.03999999999999,45.199999999999996,85.35999999999999,111.6489244,381.96799999999996,15.2,4.0,107.66,2.7144,2.0,3.41,4.789999999999999,7.0,17.2,0.0,2.41,0.21,0.0,2.62,20.5826,0.0,0.0,18.509999999999998,37.2,2.241600000000014,95.6495244,327.168,0.8,2.0,41.66,0.7256,0.0,0.59,4.897399999999999,7.0,11.2,0.0,0.5546,0.4074,0.0,0.62,11.625356,0.0,0.0,12.629399999999999,75.0,39.0,192.981,3235.2,11.0,4.0,104.0,1.94,0.0,4.0,10.0,14.0,23.0,0.0,3.0,7.0,0.0,5.0,23.845000000000002,0.0,0.0,217.0,83.0,87.0,208.9804,3290.0,16.0,6.0,170.0,3.44,2.0,4.0,10.0,14.0,29.0,0.0,3.0,7.0,0.0,7.0,32.95,0.0,0.0,229.0,8.0,48.0,15.9994,54.8,5.0,2.0,66.0,1.5,2.0,0.0,0.0,0.0,6.0,0.0,0.0,0.0,0.0,2.0,9.105,0.0,0.0,12.0,8.0,87.0,15.9994,54.8,16.0,2.0,66.0,3.44,2.0,4.0,0.0,0.0,6.0,0.0,2.0,0.0,0.0,2.0,9.105,0.0,0.0,12.0
400,Bi1.88Ta0.12O2,2.164699264,0,Mgaultois/Sparks,Peer-reviewed literature,180.79999999999998,341.43999999999994,446.5956976,1527.8719999999998,60.8,16.0,430.64,10.8576,8.0,13.64,19.159999999999997,28.0,68.8,0.0,9.64,0.84,0.0,10.48,82.3304,0.0,0.0,74.03999999999999,45.199999999999996,85.35999999999999,111.6489244,381.96799999999996,15.2,4.0,107.66,2.7144,2.0,3.41,4.789999999999999,7.0,17.2,0.0,2.41,0.21,0.0,2.62,20.5826,0.0,0.0,18.509999999999998,37.2,2.241600000000014,95.6495244,327.168,0.8,2.0,41.66,0.7256,0.0,0.59,4.897399999999999,7.0,11.2,0.0,0.5546,0.4074,0.0,0.62,11.625356,0.0,0.0,12.629399999999999,75.0,39.0,192.981,3235.2,11.0,4.0,104.0,1.94,0.0,4.0,10.0,14.0,23.0,0.0,3.0,7.0,0.0,5.0,23.845000000000002,0.0,0.0,217.0,83.0,87.0,208.9804,3290.0,16.0,6.0,170.0,3.44,2.0,4.0,10.0,14.0,29.0,0.0,3.0,7.0,0.0,7.0,32.95,0.0,0.0,229.0,8.0,48.0,15.9994,54.8,5.0,2.0,66.0,1.5,2.0,0.0,0.0,0.0,6.0,0.0,0.0,0.0,0.0,2.0,9.105,0.0,0.0,12.0,8.0,87.0,15.9994,54.8,16.0,2.0,66.0,3.44,2.0,4.0,0.0,0.0,6.0,0.0,2.0,0.0,0.0,2.0,9.105,0.0,0.0,12.0
700,Bi1.88Ta0.12O2,2.028555477,0,Mgaultois/Sparks,Peer-reviewed literature,180.79999999999998,341.43999999999994,446.5956976,1527.8719999999998,60.8,16.0,430.64,10.8576,8.0,13.64,19.159999999999997,28.0,68.8,0.0,9.64,0.84,0.0,10.48,82.3304,0.0,0.0,74.03999999999999,45.199999999999996,85.35999999999999,111.6489244,381.96799999999996,15.2,4.0,107.66,2.7144,2.0,3.41,4.789999999999999,7.0,17.2,0.0,2.41,0.21,0.0,2.62,20.5826,0.0,0.0,18.509999999999998,37.2,2.241600000000014,95.6495244,327.168,0.8,2.0,41.66,0.7256,0.0,0.59,4.897399999999999,7.0,11.2,0.0,0.5546,0.4074,0.0,0.62,11.625356,0.0,0.0,12.629399999999999,75.0,39.0,192.981,3235.2,11.0,4.0,104.0,1.94,0.0,4.0,10.0,14.0,23.0,0.0,3.0,7.0,0.0,5.0,23.845000000000002,0.0,0.0,217.0,83.0,87.0,208.9804,3290.0,16.0,6.0,170.0,3.44,2.0,4.0,10.0,14.0,29.0,0.0,3.0,7.0,0.0,7.0,32.95,0.0,0.0,229.0,8.0,48.0,15.9994,54.8,5.0,2.0,66.0,1.5,2.0,0.0,0.0,0.0,6.0,0.0,0.0,0.0,0.0,2.0,9.105,0.0,0.0,12.0,8.0,87.0,15.9994,54.8,16.0,2.0,66.0,3.44,2.0,4.0,0.0,0.0,6.0,0.0,2.0,0.0,0.0,2.0,9.105,0.0,0.0,12.0
300,Bi2YO4Cu2Se2,2.944537188,1,Mgaultois/Sparks,Peer-reviewed literature,363.0,838.0,855.8762499999999,6810.54,151.0,41.0,1254.0,27.92,20.0,30.0,61.0,28.0,139.0,2.0,18.0,9.0,0.0,29.0,208.665,1.598,0.0,744.0,33.0,76.18181818181819,77.80693181818181,619.1400000000001,13.727272727272727,3.7272727272727275,114.0,2.538181818181818,1.8181818181818183,2.7272727272727275,5.545454545454546,2.5454545454545454,12.636363636363637,0.18181818181818182,1.6363636363636362,0.8181818181818182,0.0,2.6363636363636362,18.969545454545454,0.14527272727272728,0.0,67.63636363636364,19.636363636363637,16.09917355371901,50.136725619834706,483.1127272727273,2.9421487603305785,1.2561983471074383,34.90909090909091,0.6601652892561983,0.2975206611570247,1.487603305785124,4.859504132231406,4.1652892561983474,7.173553719008265,0.2975206611570248,0.8925619834710744,1.487603305785124,0.0,1.2892561983471076,10.046776859504133,0.23771900826446282,0.0,80.19834710743802,75.0,77.0,192.981,1744.2,13.0,4.0,124.0,2.2199999999999998,1.0,4.0,10.0,14.0,26.0,1.0,3.0,9.0,0.0,8.0,23.845000000000002,0.799,0.0,213.0,83.0,89.0,208.9804,1799.0,16.0,6.0,190.0,3.44,2.0,4.0,10.0,14.0,29.0,1.0,3.0,9.0,0.0,9.0,32.95,0.799,0.0,225.0,8.0,12.0,15.9994,54.8,3.0,2.0,66.0,1.22,1.0,0.0,0.0,0.0,3.0,0.0,0.0,0.0,0.0,1.0,9.105,0.0,0.0,12.0,8.0,87.0,15.9994,54.8,16.0,2.0,66.0,3.44,2.0,4.0,0.0,0.0,6.0,0.0,2.0,0.0,0.0,2.0,9.105,0.0,0.0,12.0
400,Bi2YO4Cu2Se2,2.820415466,1,Mgaultois/Sparks,Peer-reviewed literature,363.0,838.0,855.8762499999999,6810.54,151.0,41.0,1254.0,27.92,20.0,30.0,61.0,28.0,139.0,2.0,18.0,9.0,0.0,29.0,208.665,1.598,0.0,744.0,33.0,76.18181818181819,77.80693181818181,619.1400000000001,13.727272727272727,3.7272727272727275,114.0,2.538181818181818,1.8181818181818183,2.7272727272727275,5.545454545454546,2.5454545454545454,12.636363636363637,0.18181818181818182,1.6363636363636362,0.8181818181818182,0.0,2.6363636363636362,18.969545454545454,0.14527272727272728,0.0,67.63636363636364,19.636363636363637,16.09917355371901,50.136725619834706,483.1127272727273,2.9421487603305785,1.2561983471074383,34.90909090909091,0.6601652892561983,0.2975206611570247,1.487603305785124,4.859504132231406,4.1652892561983474,7.173553719008265,0.2975206611570248,0.8925619834710744,1.487603305785124,0.0,1.2892561983471076,10.046776859504133,0.23771900826446282,0.0,80.19834710743802,75.0,77.0,192.981,1744.2,13.0,4.0,124.0,2.2199999999999998,1.0,4.0,10.0,14.0,26.0,1.0,3.0,9.0,0.0,8.0,23.845000000000002,0.799,0.0,213.0,83.0,89.0,208.9804,1799.0,16.0,6.0,190.0,3.44,2.0,4.0,10.0,14.0,29.0,1.0,3.0,9.0,0.0,9.0,32.95,0.799,0.0,225.0,8.0,12.0,15.9994,54.8,3.0,2.0,66.0,1.22,1.0,0.0,0.0,0.0,3.0,0.0,0.0,0.0,0.0,1.0,9.105,0.0,0.0,12.0,8.0,87.0,15.9994,54.8,16.0,2.0,66.0,3.44,2.0,4.0,0.0,0.0,6.0,0.0,2.0,0.0,0.0,2.0,9.105,0.0,0.0,12.0
700,Bi2YO4Cu2Se2,2.349776429,1,Mgaultois/Sparks,Peer-reviewed literature,363.0,838.0,855.8762499999999,6810.54,151.0,41.0,1254.0,27.92,20.0,30.0,61.0,28.0,139.0,2.0,18.0,9.0,0.0,29.0,208.665,1.598,0.0,744.0,33.0,76.18181818181819,77.80693181818181,619.1400000000001,13.727272727272727,3.7272727272727275,114.0,2.538181818181818,1.8181818181818183,2.7272727272727275,5.545454545454546,2.5454545454545454,12.636363636363637,0.18181818181818182,1.6363636363636362,0.8181818181818182,0.0,2.6363636363636362,18.969545454545454,0.14527272727272728,0.0,67.63636363636364,19.636363636363637,16.09917355371901,50.136725619834706,483.1127272727273,2.9421487603305785,1.2561983471074383,34.90909090909091,0.6601652892561983,0.2975206611570247,1.487603305785124,4.859504132231406,4.1652892561983474,7.173553719008265,0.2975206611570248,0.8925619834710744,1.487603305785124,0.0,1.2892561983471076,10.046776859504133,0.23771900826446282,0.0,80.19834710743802,75.0,77.0,192.981,1744.2,13.0,4.0,124.0,2.2199999999999998,1.0,4.0,10.0,14.0,26.0,1.0,3.0,9.0,0.0,8.0,23.845000000000002,0.799,0.0,213.0,83.0,89.0,208.9804,1799.0,16.0,6.0,190.0,3.44,2.0,4.0,10.0,14.0,29.0,1.0,3.0,9.0,0.0,9.0,32.95,0.799,0.0,225.0,8.0,12.0,15.9994,54.8,3.0,2.0,66.0,1.22,1.0,0.0,0.0,0.0,3.0,0.0,0.0,0.0,0.0,1.0,9.105,0.0,0.0,12.0,8.0,87.0,15.9994,54.8,16.0,2.0,66.0,3.44,2.0,4.0,0.0,0.0,6.0,0.0,2.0,0.0,0.0,2.0,9.105,0.0,0.0,12.0
1000,Bi2YO4Cu2Se2,2.208447309,1,Mgaultois/Sparks,Peer-reviewed literature,363.0,838.0,855.8762499999999,6810.54,151.0,41.0,1254.0,27.92,20.0,30.0,61.0,28.0,139.0,2.0,18.0,9.0,0.0,29.0,208.665,1.598,0.0,744.0,33.0,76.18181818181819,77.80693181818181,619.1400000000001,13.727272727272727,3.7272727272727275,114.0,2.538181818181818,1.8181818181818183,2.7272727272727275,5.545454545454546,2.5454545454545454,12.636363636363637,0.18181818181818182,1.6363636363636362,0.8181818181818182,0.0,2.6363636363636362,18.969545454545454,0.14527272727272728,0.0,67.63636363636364,19.636363636363637,16.09917355371901,50.136725619834706,483.1127272727273,2.9421487603305785,1.2561983471074383,34.90909090909091,0.6601652892561983,0.2975206611570247,1.487603305785124,4.859504132231406,4.1652892561983474,7.173553719008265,0.2975206611570248,0.8925619834710744,1.487603305785124,0.0,1.2892561983471076,10.046776859504133,0.23771900826446282,0.0,80.19834710743802,75.0,77.0,192.981,1744.2,13.0,4.0,124.0,2.2199999999999998,1.0,4.0,10.0,14.0,26.0,1.0,3.0,9.0,0.0,8.0,23.845000000000002,0.799,0.0,213.0,83.0,89.0,208.9804,1799.0,16.0,6.0,190.0,3.44,2.0,4.0,10.0,14.0,29.0,1.0,3.0,9.0,0.0,9.0,32.95,0.799,0.0,225.0,8.0,12.0,15.9994,54.8,3.0,2.0,66.0,1.22,1.0,0.0,0.0,0.0,3.0,0.0,0.0,0.0,0.0,1.0,9.105,0.0,0.0,12.0,8.0,87.0,15.9994,54.8,16.0,2.0,66.0,3.44,2.0,4.0,0.0,0.0,6.0,0.0,2.0,0.0,0.0,2.0,9.105,0.0,0.0,12.0
300,Bi2YO4Cu2Se1.95I.05,2.844240201,1,Mgaultois/Sparks,Peer-reviewed literature,363.95,838.3499999999999,858.2734734999999,6805.1825,151.04999999999998,41.05,1254.95,27.9255,20.0,30.05,61.0,28.0,139.04999999999998,2.0,17.95,9.0,0.0,28.95,209.51975,1.61115,0.0,746.5,33.086363636363636,76.21363636363637,78.02486122727272,618.6529545454547,13.731818181818182,3.731818181818182,114.08636363636364,2.5386818181818183,1.8181818181818181,2.731818181818182,5.545454545454546,2.5454545454545454,12.64090909090909,0.18181818181818182,1.6318181818181818,0.8181818181818182,0.0,2.6318181818181814,19.047250000000002,0.14646818181818183,0.0,67.86363636363637,19.730578512396693,16.116528925619832,50.37446679338843,483.3783884297522,2.9446280991735536,1.2595041322314051,34.97190082644628,0.6606198347107437,0.29752066115702486,1.4900826446280993,4.859504132231405,4.165289256198347,7.1793388429752065,0.2975206611570248,0.8958264462809917,1.4876033057851241,0.0,1.2917355371900825,10.131545454545456,0.23967520661157027,0.0,80.07438016528927,75.0,84.0,192.981,1744.2,14.0,4.0,124.0,2.2199999999999998,1.0,5.0,10.0,14.0,26.0,1.0,3.0,9.0,0.0,8.0,33.91,1.062,0.0,213.0,83.0,96.0,208.9804,1799.0,17.0,6.0,190.0,3.44,2.0,5.0,10.0,14.0,29.0,1.0,3.0,9.0,0.0,9.0,43.015,1.062,0.0,225.0,8.0,12.0,15.9994,54.8,3.0,2.0,66.0,1.22,1.0,0.0,0.0,0.0,3.0,0.0,0.0,0.0,0.0,1.0,9.105,0.0,0.0,12.0,8.0,87.0,15.9994,54.8,16.0,2.0,66.0,3.44,2.0,4.0,0.0,0.0,6.0,0.0,2.0,0.0,0.0,2.0,9.105,0.0,0.0,12.0
400,Bi2YO4Cu2Se1.95I.05,2.737956579,1,Mgaultois/Sparks,Peer-reviewed literature,363.95,838.3499999999999,858.2734734999999,6805.1825,151.04999999999998,41.05,1254.95,27.9255,20.0,30.05,61.0,28.0,139.04999999999998,2.0,17.95,9.0,0.0,28.95,209.51975,1.61115,0.0,746.5,33.086363636363636,76.21363636363637,78.02486122727272,618.6529545454547,13.731818181818182,3.731818181818182,114.08636363636364,2.5386818181818183,1.8181818181818181,2.731818181818182,5.545454545454546,2.5454545454545454,12.64090909090909,0.18181818181818182,1.6318181818181818,0.8181818181818182,0.0,2.6318181818181814,19.047250000000002,0.14646818181818183,0.0,67.86363636363637,19.730578512396693,16.116528925619832,50.37446679338843,483.3783884297522,2.9446280991735536,1.2595041322314051,34.97190082644628,0.6606198347107437,0.29752066115702486,1.4900826446280993,4.859504132231405,4.165289256198347,7.1793388429752065,0.2975206611570248,0.8958264462809917,1.4876033057851241,0.0,1.2917355371900825,10.131545454545456,0.23967520661157027,0.0,80.07438016528927,75.0,84.0,192.981,1744.2,14.0,4.0,124.0,2.2199999999999998,1.0,5.0,10.0,14.0,26.0,1.0,3.0,9.0,0.0,8.0,33.91,1.062,0.0,213.0,83.0,96.0,208.9804,1799.0,17.0,6.0,190.0,3.44,2.0,5.0,10.0,14.0,29.0,1.0,3.0,9.0,0.0,9.0,43.015,1.062,0.0,225.0,8.0,12.0,15.9994,54.8,3.0,2.0,66.0,1.22,1.0,0.0,0.0,0.0,3.0,0.0,0.0,0.0,0.0,1.0,9.105,0.0,0.0,12.0,8.0,87.0,15.9994,54.8,16.0,2.0,66.0,3.44,2.0,4.0,0.0,0.0,6.0,0.0,2.0,0.0,0.0,2.0,9.105,0.0,0.0,12.0
700,Bi2YO4Cu2Se1.95I.05,2.119809782,1,Mgaultois/Sparks,Peer-reviewed literature,363.95,838.3499999999999,858.2734734999999,6805.1825,151.04999999999998,41.05,1254.95,27.9255,20.0,30.05,61.0,28.0,139.04999999999998,2.0,17.95,9.0,0.0,28.95,209.51975,1.61115,0.0,746.5,33.086363636363636,76.21363636363637,78.02486122727272,618.6529545454547,13.731818181818182,3.731818181818182,114.08636363636364,2.5386818181818183,1.8181818181818181,2.731818181818182,5.545454545454546,2.5454545454545454,12.64090909090909,0.18181818181818182,1.6318181818181818,0.8181818181818182,0.0,2.6318181818181814,19.047250000000002,0.14646818181818183,0.0,67.86363636363637,19.730578512396693,16.116528925619832,50.37446679338843,483.3783884297522,2.9446280991735536,1.2595041322314051,34.97190082644628,0.6606198347107437,0.29752066115702486,1.4900826446280993,4.859504132231405,4.165289256198347,7.1793388429752065,0.2975206611570248,0.8958264462809917,1.4876033057851241,0.0,1.2917355371900825,10.131545454545456,0.23967520661157027,0.0,80.07438016528927,75.0,84.0,192.981,1744.2,14.0,4.0,124.0,2.2199999999999998,1.0,5.0,10.0,14.0,26.0,1.0,3.0,9.0,0.0,8.0,33.91,1.062,0.0,213.0,83.0,96.0,208.9804,1799.0,17.0,6.0,190.0,3.44,2.0,5.0,10.0,14.0,29.0,1.0,3.0,9.0,0.0,9.0,43.015,1.062,0.0,225.0,8.0,12.0,15.9994,54.8,3.0,2.0,66.0,1.22,1.0,0.0,0.0,0.0,3.0,0.0,0.0,0.0,0.0,1.0,9.105,0.0,0.0,12.0,8.0,87.0,15.9994,54.8,16.0,2.0,66.0,3.44,2.0,4.0,0.0,0.0,6.0,0.0,2.0,0.0,0.0,2.0,9.105,0.0,0.0,12.0
300,Bi2YO4Cu2Se1.85I.15,2.246792266,1,Mgaultois/Sparks,Peer-reviewed literature,365.84999999999997,839.05,863.0679205,6794.467500000001,151.15,41.15,1256.85,27.936500000000002,20.0,30.15,61.0,28.0,139.15,2.0,17.849999999999998,9.0,0.0,28.849999999999998,211.22924999999998,1.63745,0.0,751.5,33.259090909090915,76.27727272727273,78.46072004545454,617.6788636363638,13.740909090909092,3.740909090909091,114.25909090909092,2.539681818181818,1.8181818181818183,2.740909090909091,5.545454545454546,2.5454545454545454,12.65,0.18181818181818182,1.6227272727272728,0.8181818181818182,0.0,2.6227272727272726,19.202659090909094,0.1488590909090909,0.0,68.31818181818183,19.919008264462818,16.151239669421486,50.84994914049587,483.90971074380167,2.9495867768595034,1.2661157024793388,35.09752066115702,0.6615289256198348,0.2975206611570247,1.4950413223140495,4.859504132231406,4.1652892561983474,7.190909090909092,0.2975206611570248,0.9021074380165289,1.4876033057851241,0.0,1.296694214876033,10.301082644628101,0.24358760330578513,0.0,79.82644628099175,75.0,84.0,192.981,1744.2,14.0,4.0,124.0,2.2199999999999998,1.0,5.0,10.0,14.0,26.0,1.0,3.0,9.0,0.0,8.0,33.91,1.062,0.0,213.0,83.0,96.0,208.9804,1799.0,17.0,6.0,190.0,3.44,2.0,5.0,10.0,14.0,29.0,1.0,3.0,9.0,0.0,9.0,43.015,1.062,0.0,225.0,8.0,12.0,15.9994,54.8,3.0,2.0,66.0,1.22,1.0,0.0,0.0,0.0,3.0,0.0,0.0,0.0,0.0,1.0,9.105,0.0,0.0,12.0,8.0,87.0,15.9994,54.8,16.0,2.0,66.0,3.44,2.0,4.0,0.0,0.0,6.0,0.0,2.0,0.0,0.0,2.0,9.105,0.0,0.0,12.0
400,Bi2YO4Cu2Se1.85I.15,2.158961926,1,Mgaultois/Sparks,Peer-reviewed literature,365.84999999999997,839.05,863.0679205,6794.467500000001,151.15,41.15,1256.85,27.936500000000002,20.0,30.15,61.0,28.0,139.15,2.0,17.849999999999998,9.0,0.0,28.849999999999998,211.22924999999998,1.63745,0.0,751.5,33.259090909090915,76.27727272727273,78.46072004545454,617.6788636363638,13.740909090909092,3.740909090909091,114.25909090909092,2.539681818181818,1.8181818181818183,2.740909090909091,5.545454545454546,2.5454545454545454,12.65,0.18181818181818182,1.6227272727272728,0.8181818181818182,0.0,2.6227272727272726,19.202659090909094,0.1488590909090909,0.0,68.31818181818183,19.919008264462818,16.151239669421486,50.84994914049587,483.90971074380167,2.9495867768595034,1.2661157024793388,35.09752066115702,0.6615289256198348,0.2975206611570247,1.4950413223140495,4.859504132231406,4.1652892561983474,7.190909090909092,0.2975206611570248,0.9021074380165289,1.4876033057851241,0.0,1.296694214876033,10.301082644628101,0.24358760330578513,0.0,79.82644628099175,75.0,84.0,192.981,1744.2,14.0,4.0,124.0,2.2199999999999998,1.0,5.0,10.0,14.0,26.0,1.0,3.0,9.0,0.0,8.0,33.91,1.062,0.0,213.0,83.0,96.0,208.9804,1799.0,17.0,6.0,190.0,3.44,2.0,5.0,10.0,14.0,29.0,1.0,3.0,9.0,0.0,9.0,43.015,1.062,0.0,225.0,8.0,12.0,15.9994,54.8,3.0,2.0,66.0,1.22,1.0,0.0,0.0,0.0,3.0,0.0,0.0,0.0,0.0,1.0,9.105,0.0,0.0,12.0,8.0,87.0,15.9994,54.8,16.0,2.0,66.0,3.44,2.0,4.0,0.0,0.0,6.0,0.0,2.0,0.0,0.0,2.0,9.105,0.0,0.0,12.0
700,Bi2YO4Cu2Se1.85I.15,1.541661971,1,Mgaultois/Sparks,Peer-reviewed literature,365.84999999999997,839.05,863.0679205,6794.467500000001,151.15,41.15,1256.85,27.936500000000002,20.0,30.15,61.0,28.0,139.15,2.0,17.849999999999998,9.0,0.0,28.849999999999998,211.22924999999998,1.63745,0.0,751.5,33.259090909090915,76.27727272727273,78.46072004545454,617.6788636363638,13.740909090909092,3.740909090909091,114.25909090909092,2.539681818181818,1.8181818181818183,2.740909090909091,5.545454545454546,2.5454545454545454,12.65,0.18181818181818182,1.6227272727272728,0.8181818181818182,0.0,2.6227272727272726,19.202659090909094,0.1488590909090909,0.0,68.31818181818183,19.919008264462818,16.151239669421486,50.84994914049587,483.90971074380167,2.9495867768595034,1.2661157024793388,35.09752066115702,0.6615289256198348,0.2975206611570247,1.4950413223140495,4.859504132231406,4.1652892561983474,7.190909090909092,0.2975206611570248,0.9021074380165289,1.4876033057851241,0.0,1.296694214876033,10.301082644628101,0.24358760330578513,0.0,79.82644628099175,75.0,84.0,192.981,1744.2,14.0,4.0,124.0,2.2199999999999998,1.0,5.0,10.0,14.0,26.0,1.0,3.0,9.0,0.0,8.0,33.91,1.062,0.0,213.0,83.0,96.0,208.9804,1799.0,17.0,6.0,190.0,3.44,2.0,5.0,10.0,14.0,29.0,1.0,3.0,9.0,0.0,9.0,43.015,1.062,0.0,225.0,8.0,12.0,15.9994,54.8,3.0,2.0,66.0,1.22,1.0,0.0,0.0,0.0,3.0,0.0,0.0,0.0,0.0,1.0,9.105,0.0,0.0,12.0,8.0,87.0,15.9994,54.8,16.0,2.0,66.0,3.44,2.0,4.0,0.0,0.0,6.0,0.0,2.0,0.0,0.0,2.0,9.105,0.0,0.0,12.0
300,Bi2YO4Cu2Se1.80I.20,2.745781938,1,Mgaultois/Sparks,Peer-reviewed literature,366.8,839.4000000000001,865.4651439999999,6789.11,151.20000000000002,41.2,1257.8,27.942,20.0,30.2,61.0,28.0,139.20000000000002,2.0,17.8,9.0,0.0,28.8,212.084,1.6506000000000003,0.0,754.0,33.345454545454544,76.30909090909091,78.67864945454545,617.1918181818182,13.745454545454546,3.745454545454545,114.34545454545456,2.5401818181818183,1.8181818181818181,2.745454545454545,5.545454545454545,2.5454545454545454,12.654545454545453,0.18181818181818182,1.6181818181818182,0.8181818181818182,0.0,2.6181818181818177,19.280363636363635,0.15005454545454547,0.0,68.54545454545455,20.013223140495874,16.168595041322313,51.08769031404959,484.17537190082646,2.952066115702479,1.269421487603306,35.160330578512394,0.6619834710743802,0.29752066115702486,1.497520661157025,4.859504132231406,4.1652892561983474,7.1966942148760324,0.2975206611570248,0.9051239669421487,1.487603305785124,0.0,1.2991735537190083,10.385851239669421,0.24554380165289258,0.0,79.70247933884298,75.0,84.0,192.981,1744.2,14.0,4.0,124.0,2.2199999999999998,1.0,5.0,10.0,14.0,26.0,1.0,3.0,9.0,0.0,8.0,33.91,1.062,0.0,213.0,83.0,96.0,208.9804,1799.0,17.0,6.0,190.0,3.44,2.0,5.0,10.0,14.0,29.0,1.0,3.0,9.0,0.0,9.0,43.015,1.062,0.0,225.0,8.0,12.0,15.9994,54.8,3.0,2.0,66.0,1.22,1.0,0.0,0.0,0.0,3.0,0.0,0.0,0.0,0.0,1.0,9.105,0.0,0.0,12.0,8.0,87.0,15.9994,54.8,16.0,2.0,66.0,3.44,2.0,4.0,0.0,0.0,6.0,0.0,2.0,0.0,0.0,2.0,9.105,0.0,0.0,12.0
400,Bi2YO4Cu2Se1.80I.20,2.638571931,1,Mgaultois/Sparks,Peer-reviewed literature,366.8,839.4000000000001,865.4651439999999,6789.11,151.20000000000002,41.2,1257.8,27.942,20.0,30.2,61.0,28.0,139.20000000000002,2.0,17.8,9.0,0.0,28.8,212.084,1.6506000000000003,0.0,754.0,33.345454545454544,76.30909090909091,78.67864945454545,617.1918181818182,13.745454545454546,3.745454545454545,114.34545454545456,2.5401818181818183,1.8181818181818181,2.745454545454545,5.545454545454545,2.5454545454545454,12.654545454545453,0.18181818181818182,1.6181818181818182,0.8181818181818182,0.0,2.6181818181818177,19.280363636363635,0.15005454545454547,0.0,68.54545454545455,20.013223140495874,16.168595041322313,51.08769031404959,484.17537190082646,2.952066115702479,1.269421487603306,35.160330578512394,0.6619834710743802,0.29752066115702486,1.497520661157025,4.859504132231406,4.1652892561983474,7.1966942148760324,0.2975206611570248,0.9051239669421487,1.487603305785124,0.0,1.2991735537190083,10.385851239669421,0.24554380165289258,0.0,79.70247933884298,75.0,84.0,192.981,1744.2,14.0,4.0,124.0,2.2199999999999998,1.0,5.0,10.0,14.0,26.0,1.0,3.0,9.0,0.0,8.0,33.91,1.062,0.0,213.0,83.0,96.0,208.9804,1799.0,17.0,6.0,190.0,3.44,2.0,5.0,10.0,14.0,29.0,1.0,3.0,9.0,0.0,9.0,43.015,1.062,0.0,225.0,8.0,12.0,15.9994,54.8,3.0,2.0,66.0,1.22,1.0,0.0,0.0,0.0,3.0,0.0,0.0,0.0,0.0,1.0,9.105,0.0,0.0,12.0,8.0,87.0,15.9994,54.8,16.0,2.0,66.0,3.44,2.0,4.0,0.0,0.0,6.0,0.0,2.0,0.0,0.0,2.0,9.105,0.0,0.0,12.0
700,Bi2YO4Cu2Se1.80I.20,1.900683933,1,Mgaultois/Sparks,Peer-reviewed literature,366.8,839.4000000000001,865.4651439999999,6789.11,151.20000000000002,41.2,1257.8,27.942,20.0,30.2,61.0,28.0,139.20000000000002,2.0,17.8,9.0,0.0,28.8,212.084,1.6506000000000003,0.0,754.0,33.345454545454544,76.30909090909091,78.67864945454545,617.1918181818182,13.745454545454546,3.745454545454545,114.34545454545456,2.5401818181818183,1.8181818181818181,2.745454545454545,5.545454545454545,2.5454545454545454,12.654545454545453,0.18181818181818182,1.6181818181818182,0.8181818181818182,0.0,2.6181818181818177,19.280363636363635,0.15005454545454547,0.0,68.54545454545455,20.013223140495874,16.168595041322313,51.08769031404959,484.17537190082646,2.952066115702479,1.269421487603306,35.160330578512394,0.6619834710743802,0.29752066115702486,1.497520661157025,4.859504132231406,4.1652892561983474,7.1966942148760324,0.2975206611570248,0.9051239669421487,1.487603305785124,0.0,1.2991735537190083,10.385851239669421,0.24554380165289258,0.0,79.70247933884298,75.0,84.0,192.981,1744.2,14.0,4.0,124.0,2.2199999999999998,1.0,5.0,10.0,14.0,26.0,1.0,3.0,9.0,0.0,8.0,33.91,1.062,0.0,213.0,83.0,96.0,208.9804,1799.0,17.0,6.0,190.0,3.44,2.0,5.0,10.0,14.0,29.0,1.0,3.0,9.0,0.0,9.0,43.015,1.062,0.0,225.0,8.0,12.0,15.9994,54.8,3.0,2.0,66.0,1.22,1.0,0.0,0.0,0.0,3.0,0.0,0.0,0.0,0.0,1.0,9.105,0.0,0.0,12.0,8.0,87.0,15.9994,54.8,16.0,2.0,66.0,3.44,2.0,4.0,0.0,0.0,6.0,0.0,2.0,0.0,0.0,2.0,9.105,0.0,0.0,12.0
1000,Bi2YO4Cu2Se1.80I.20,1.939602002,1,Mgaultois/Sparks,Peer-reviewed literature,366.8,839.4000000000001,865.4651439999999,6789.11,151.20000000000002,41.2,1257.8,27.942,20.0,30.2,61.0,28.0,139.20000000000002,2.0,17.8,9.0,0.0,28.8,212.084,1.6506000000000003,0.0,754.0,33.345454545454544,76.30909090909091,78.67864945454545,617.1918181818182,13.745454545454546,3.745454545454545,114.34545454545456,2.5401818181818183,1.8181818181818181,2.745454545454545,5.545454545454545,2.5454545454545454,12.654545454545453,0.18181818181818182,1.6181818181818182,0.8181818181818182,0.0,2.6181818181818177,19.280363636363635,0.15005454545454547,0.0,68.54545454545455,20.013223140495874,16.168595041322313,51.08769031404959,484.17537190082646,2.952066115702479,1.269421487603306,35.160330578512394,0.6619834710743802,0.29752066115702486,1.497520661157025,4.859504132231406,4.1652892561983474,7.1966942148760324,0.2975206611570248,0.9051239669421487,1.487603305785124,0.0,1.2991735537190083,10.385851239669421,0.24554380165289258,0.0,79.70247933884298,75.0,84.0,192.981,1744.2,14.0,4.0,124.0,2.2199999999999998,1.0,5.0,10.0,14.0,26.0,1.0,3.0,9.0,0.0,8.0,33.91,1.062,0.0,213.0,83.0,96.0,208.9804,1799.0,17.0,6.0,190.0,3.44,2.0,5.0,10.0,14.0,29.0,1.0,3.0,9.0,0.0,9.0,43.015,1.062,0.0,225.0,8.0,12.0,15.9994,54.8,3.0,2.0,66.0,1.22,1.0,0.0,0.0,0.0,3.0,0.0,0.0,0.0,0.0,1.0,9.105,0.0,0.0,12.0,8.0,87.0,15.9994,54.8,16.0,2.0,66.0,3.44,2.0,4.0,0.0,0.0,6.0,0.0,2.0,0.0,0.0,2.0,9.105,0.0,0.0,12.0
300,NaCoO2,1.925915311,1,Mgaultois/Sparks,Peer-reviewed literature,54.0,234.0,113.92176428,2248.47,42.0,11.0,424.0,9.69,7.0,8.0,7.0,0.0,22.0,1.0,4.0,3.0,0.0,8.0,57.6983333333,0.0,1.5484712,447.0,13.5,58.5,28.48044107,562.1175,10.5,2.75,106.0,2.4225,1.75,2.0,1.75,0.0,5.5,0.25,1.0,0.75,0.0,2.0,14.424583333325,0.0,0.3871178,111.75,6.75,28.5,15.226376965,602.94125,5.5,0.75,40.0,1.0175,0.375,2.0,2.625,0.0,2.25,0.375,1.0,1.125,0.0,0.5,7.4093749999875005,0.0,0.5806767,99.75,19.0,85.0,42.933794999999996,1713.2,15.0,2.0,100.0,2.51,1.0,4.0,7.0,0.0,8.0,1.0,2.0,3.0,0.0,2.0,20.1383333333,0.0,1.5484712,217.0,27.0,87.0,58.933195,1768.0,16.0,4.0,166.0,3.44,2.0,4.0,7.0,0.0,9.0,1.0,2.0,3.0,0.0,3.0,29.2433333333,0.0,1.5484712,229.0,8.0,2.0,15.9994,54.8,1.0,2.0,66.0,0.93,1.0,0.0,0.0,0.0,1.0,0.0,0.0,0.0,0.0,1.0,9.105,0.0,0.0,12.0,8.0,87.0,15.9994,54.8,16.0,2.0,66.0,3.44,2.0,4.0,0.0,0.0,6.0,0.0,2.0,0.0,0.0,2.0,9.105,0.0,0.0,12.0
400,NaCoO2,1.903089987,1,Mgaultois/Sparks,Peer-reviewed literature,54.0,234.0,113.92176428,2248.47,42.0,11.0,424.0,9.69,7.0,8.0,7.0,0.0,22.0,1.0,4.0,3.0,0.0,8.0,57.6983333333,0.0,1.5484712,447.0,13.5,58.5,28.48044107,562.1175,10.5,2.75,106.0,2.4225,1.75,2.0,1.75,0.0,5.5,0.25,1.0,0.75,0.0,2.0,14.424583333325,0.0,0.3871178,111.75,6.75,28.5,15.226376965,602.94125,5.5,0.75,40.0,1.0175,0.375,2.0,2.625,0.0,2.25,0.375,1.0,1.125,0.0,0.5,7.4093749999875005,0.0,0.5806767,99.75,19.0,85.0,42.933794999999996,1713.2,15.0,2.0,100.0,2.51,1.0,4.0,7.0,0.0,8.0,1.0,2.0,3.0,0.0,2.0,20.1383333333,0.0,1.5484712,217.0,27.0,87.0,58.933195,1768.0,16.0,4.0,166.0,3.44,2.0,4.0,7.0,0.0,9.0,1.0,2.0,3.0,0.0,3.0,29.2433333333,0.0,1.5484712,229.0,8.0,2.0,15.9994,54.8,1.0,2.0,66.0,0.93,1.0,0.0,0.0,0.0,1.0,0.0,0.0,0.0,0.0,1.0,9.105,0.0,0.0,12.0,8.0,87.0,15.9994,54.8,16.0,2.0,66.0,3.44,2.0,4.0,0.0,0.0,6.0,0.0,2.0,0.0,0.0,2.0,9.105,0.0,0.0,12.0
700,NaCoO2,1.861381566,1,Mgaultois/Sparks,Peer-reviewed literature,54.0,234.0,113.92176428,2248.47,42.0,11.0,424.0,9.69,7.0,8.0,7.0,0.0,22.0,1.0,4.0,3.0,0.0,8.0,57.6983333333,0.0,1.5484712,447.0,13.5,58.5,28.48044107,562.1175,10.5,2.75,106.0,2.4225,1.75,2.0,1.75,0.0,5.5,0.25,1.0,0.75,0.0,2.0,14.424583333325,0.0,0.3871178,111.75,6.75,28.5,15.226376965,602.94125,5.5,0.75,40.0,1.0175,0.375,2.0,2.625,0.0,2.25,0.375,1.0,1.125,0.0,0.5,7.4093749999875005,0.0,0.5806767,99.75,19.0,85.0,42.933794999999996,1713.2,15.0,2.0,100.0,2.51,1.0,4.0,7.0,0.0,8.0,1.0,2.0,3.0,0.0,2.0,20.1383333333,0.0,1.5484712,217.0,27.0,87.0,58.933195,1768.0,16.0,4.0,166.0,3.44,2.0,4.0,7.0,0.0,9.0,1.0,2.0,3.0,0.0,3.0,29.2433333333,0.0,1.5484712,229.0,8.0,2.0,15.9994,54.8,1.0,2.0,66.0,0.93,1.0,0.0,0.0,0.0,1.0,0.0,0.0,0.0,0.0,1.0,9.105,0.0,0.0,12.0,8.0,87.0,15.9994,54.8,16.0,2.0,66.0,3.44,2.0,4.0,0.0,0.0,6.0,0.0,2.0,0.0,0.0,2.0,9.105,0.0,0.0,12.0
1000,NaCoO2,1.83386603,1,Mgaultois/Sparks,Peer-reviewed literature,54.0,234.0,113.92176428,2248.47,42.0,11.0,424.0,9.69,7.0,8.0,7.0,0.0,22.0,1.0,4.0,3.0,0.0,8.0,57.6983333333,0.0,1.5484712,447.0,13.5,58.5,28.48044107,562.1175,10.5,2.75,106.0,2.4225,1.75,2.0,1.75,0.0,5.5,0.25,1.0,0.75,0.0,2.0,14.424583333325,0.0,0.3871178,111.75,6.75,28.5,15.226376965,602.94125,5.5,0.75,40.0,1.0175,0.375,2.0,2.625,0.0,2.25,0.375,1.0,1.125,0.0,0.5,7.4093749999875005,0.0,0.5806767,99.75,19.0,85.0,42.933794999999996,1713.2,15.0,2.0,100.0,2.51,1.0,4.0,7.0,0.0,8.0,1.0,2.0,3.0,0.0,2.0,20.1383333333,0.0,1.5484712,217.0,27.0,87.0,58.933195,1768.0,16.0,4.0,166.0,3.44,2.0,4.0,7.0,0.0,9.0,1.0,2.0,3.0,0.0,3.0,29.2433333333,0.0,1.5484712,229.0,8.0,2.0,15.9994,54.8,1.0,2.0,66.0,0.93,1.0,0.0,0.0,0.0,1.0,0.0,0.0,0.0,0.0,1.0,9.105,0.0,0.0,12.0,8.0,87.0,15.9994,54.8,16.0,2.0,66.0,3.44,2.0,4.0,0.0,0.0,6.0,0.0,2.0,0.0,0.0,2.0,9.105,0.0,0.0,12.0
300,Na.98CoO2,1.94577009,1,Mgaultois/Sparks,Peer-reviewed literature,53.78,233.96,113.4619688944,2241.0526,41.980000000000004,10.94,420.68,9.6714,6.98,8.0,7.0,0.0,21.98,0.98,4.0,3.0,0.0,7.98,57.113466666634,0.0,1.5484712,442.41999999999996,13.51256281407035,58.78391959798995,28.508032385527635,563.0785427135678,10.547738693467336,2.748743718592965,105.69849246231155,2.4299999999999997,1.7537688442211055,2.0100502512562812,1.758793969849246,0.0,5.522613065326633,0.24623115577889446,1.0050251256281406,0.7537688442211055,0.0,2.0050251256281406,14.350117252923113,0.0,0.3890631155778894,111.1608040201005,6.777606626095299,28.357869750763868,15.289026439433345,605.4881694906693,5.47965960455544,0.7525062498421756,39.89798237418246,1.015075376884422,0.37120274740536857,1.9999494962248425,2.633771874447614,0.0,2.227216484432211,0.3712027474053685,0.9999747481124213,1.1287593747632634,0.0,0.49998737405621063,7.334347617472032,0.0,0.5826171278503067,99.65909951768893,19.0,85.0,42.933794999999996,1713.2,15.0,2.0,100.0,2.51,1.0,4.0,7.0,0.0,8.0,1.0,2.0,3.0,0.0,2.0,20.1383333333,0.0,1.5484712,217.0,27.0,87.0,58.933195,1768.0,16.0,4.0,166.0,3.44,2.0,4.0,7.0,0.0,9.0,1.0,2.0,3.0,0.0,3.0,29.2433333333,0.0,1.5484712,229.0,8.0,2.0,15.9994,54.8,1.0,2.0,66.0,0.93,1.0,0.0,0.0,0.0,1.0,0.0,0.0,0.0,0.0,1.0,9.105,0.0,0.0,12.0,8.0,87.0,15.9994,54.8,16.0,2.0,66.0,3.44,2.0,4.0,0.0,0.0,6.0,0.0,2.0,0.0,0.0,2.0,9.105,0.0,0.0,12.0
400,Na.98CoO2,1.924453039,1,Mgaultois/Sparks,Peer-reviewed literature,53.78,233.96,113.4619688944,2241.0526,41.980000000000004,10.94,420.68,9.6714,6.98,8.0,7.0,0.0,21.98,0.98,4.0,3.0,0.0,7.98,57.113466666634,0.0,1.5484712,442.41999999999996,13.51256281407035,58.78391959798995,28.508032385527635,563.0785427135678,10.547738693467336,2.748743718592965,105.69849246231155,2.4299999999999997,1.7537688442211055,2.0100502512562812,1.758793969849246,0.0,5.522613065326633,0.24623115577889446,1.0050251256281406,0.7537688442211055,0.0,2.0050251256281406,14.350117252923113,0.0,0.3890631155778894,111.1608040201005,6.777606626095299,28.357869750763868,15.289026439433345,605.4881694906693,5.47965960455544,0.7525062498421756,39.89798237418246,1.015075376884422,0.37120274740536857,1.9999494962248425,2.633771874447614,0.0,2.227216484432211,0.3712027474053685,0.9999747481124213,1.1287593747632634,0.0,0.49998737405621063,7.334347617472032,0.0,0.5826171278503067,99.65909951768893,19.0,85.0,42.933794999999996,1713.2,15.0,2.0,100.0,2.51,1.0,4.0,7.0,0.0,8.0,1.0,2.0,3.0,0.0,2.0,20.1383333333,0.0,1.5484712,217.0,27.0,87.0,58.933195,1768.0,16.0,4.0,166.0,3.44,2.0,4.0,7.0,0.0,9.0,1.0,2.0,3.0,0.0,3.0,29.2433333333,0.0,1.5484712,229.0,8.0,2.0,15.9994,54.8,1.0,2.0,66.0,0.93,1.0,0.0,0.0,0.0,1.0,0.0,0.0,0.0,0.0,1.0,9.105,0.0,0.0,12.0,8.0,87.0,15.9994,54.8,16.0,2.0,66.0,3.44,2.0,4.0,0.0,0.0,6.0,0.0,2.0,0.0,0.0,2.0,9.105,0.0,0.0,12.0
700,Na.98CoO2,1.884389488,1,Mgaultois/Sparks,Peer-reviewed literature,53.78,233.96,113.4619688944,2241.0526,41.980000000000004,10.94,420.68,9.6714,6.98,8.0,7.0,0.0,21.98,0.98,4.0,3.0,0.0,7.98,57.113466666634,0.0,1.5484712,442.41999999999996,13.51256281407035,58.78391959798995,28.508032385527635,563.0785427135678,10.547738693467336,2.748743718592965,105.69849246231155,2.4299999999999997,1.7537688442211055,2.0100502512562812,1.758793969849246,0.0,5.522613065326633,0.24623115577889446,1.0050251256281406,0.7537688442211055,0.0,2.0050251256281406,14.350117252923113,0.0,0.3890631155778894,111.1608040201005,6.777606626095299,28.357869750763868,15.289026439433345,605.4881694906693,5.47965960455544,0.7525062498421756,39.89798237418246,1.015075376884422,0.37120274740536857,1.9999494962248425,2.633771874447614,0.0,2.227216484432211,0.3712027474053685,0.9999747481124213,1.1287593747632634,0.0,0.49998737405621063,7.334347617472032,0.0,0.5826171278503067,99.65909951768893,19.0,85.0,42.933794999999996,1713.2,15.0,2.0,100.0,2.51,1.0,4.0,7.0,0.0,8.0,1.0,2.0,3.0,0.0,2.0,20.1383333333,0.0,1.5484712,217.0,27.0,87.0,58.933195,1768.0,16.0,4.0,166.0,3.44,2.0,4.0,7.0,0.0,9.0,1.0,2.0,3.0,0.0,3.0,29.2433333333,0.0,1.5484712,229.0,8.0,2.0,15.9994,54.8,1.0,2.0,66.0,0.93,1.0,0.0,0.0,0.0,1.0,0.0,0.0,0.0,0.0,1.0,9.105,0.0,0.0,12.0,8.0,87.0,15.9994,54.8,16.0,2.0,66.0,3.44,2.0,4.0,0.0,0.0,6.0,0.0,2.0,0.0,0.0,2.0,9.105,0.0,0.0,12.0
1000,Na.98CoO2,1.857923539,1,Mgaultois/Sparks,Peer-reviewed literature,53.78,233.96,113.4619688944,2241.0526,41.980000000000004,10.94,420.68,9.6714,6.98,8.0,7.0,0.0,21.98,0.98,4.0,3.0,0.0,7.98,57.113466666634,0.0,1.5484712,442.41999999999996,13.51256281407035,58.78391959798995,28.508032385527635,563.0785427135678,10.547738693467336,2.748743718592965,105.69849246231155,2.4299999999999997,1.7537688442211055,2.0100502512562812,1.758793969849246,0.0,5.522613065326633,0.24623115577889446,1.0050251256281406,0.7537688442211055,0.0,2.0050251256281406,14.350117252923113,0.0,0.3890631155778894,111.1608040201005,6.777606626095299,28.357869750763868,15.289026439433345,605.4881694906693,5.47965960455544,0.7525062498421756,39.89798237418246,1.015075376884422,0.37120274740536857,1.9999494962248425,2.633771874447614,0.0,2.227216484432211,0.3712027474053685,0.9999747481124213,1.1287593747632634,0.0,0.49998737405621063,7.334347617472032,0.0,0.5826171278503067,99.65909951768893,19.0,85.0,42.933794999999996,1713.2,15.0,2.0,100.0,2.51,1.0,4.0,7.0,0.0,8.0,1.0,2.0,3.0,0.0,2.0,20.1383333333,0.0,1.5484712,217.0,27.0,87.0,58.933195,1768.0,16.0,4.0,166.0,3.44,2.0,4.0,7.0,0.0,9.0,1.0,2.0,3.0,0.0,3.0,29.2433333333,0.0,1.5484712,229.0,8.0,2.0,15.9994,54.8,1.0,2.0,66.0,0.93,1.0,0.0,0.0,0.0,1.0,0.0,0.0,0.0,0.0,1.0,9.105,0.0,0.0,12.0,8.0,87.0,15.9994,54.8,16.0,2.0,66.0,3.44,2.0,4.0,0.0,0.0,6.0,0.0,2.0,0.0,0.0,2.0,9.105,0.0,0.0,12.0
300,Na.96CoO2,1.965772739,1,Mgaultois/Sparks,Peer-reviewed literature,53.56,233.92000000000002,113.0021735088,2233.6351999999997,41.96,10.879999999999999,417.36,9.6528,6.96,8.0,7.0,0.0,21.96,0.96,4.0,3.0,0.0,7.96,56.528599999968,0.0,1.5484712,437.84000000000003,13.525252525252526,59.07070707070707,28.53590240121212,564.049292929293,10.595959595959597,2.7474747474747474,105.3939393939394,2.4375757575757575,1.7575757575757578,2.0202020202020203,1.7676767676767677,0.0,5.545454545454546,0.24242424242424243,1.0101010101010102,0.7575757575757576,0.0,2.0101010101010104,14.274898989890907,0.0,0.3910280808080808,110.56565656565657,6.8054280175492305,28.211406999285792,15.352167979185797,608.0559126619733,5.458626670747883,0.75502499744924,39.79185797367616,1.0125497398224672,0.36730945821854905,1.9997959391898787,2.6425874910723395,0.0,2.203856749311295,0.36730945821854916,0.9998979695949394,1.13253749617386,0.0,0.49994898479746985,7.257422711955923,0.0,0.5845672319151107,99.56126925823895,19.0,85.0,42.933794999999996,1713.2,15.0,2.0,100.0,2.51,1.0,4.0,7.0,0.0,8.0,1.0,2.0,3.0,0.0,2.0,20.1383333333,0.0,1.5484712,217.0,27.0,87.0,58.933195,1768.0,16.0,4.0,166.0,3.44,2.0,4.0,7.0,0.0,9.0,1.0,2.0,3.0,0.0,3.0,29.2433333333,0.0,1.5484712,229.0,8.0,2.0,15.9994,54.8,1.0,2.0,66.0,0.93,1.0,0.0,0.0,0.0,1.0,0.0,0.0,0.0,0.0,1.0,9.105,0.0,0.0,12.0,8.0,87.0,15.9994,54.8,16.0,2.0,66.0,3.44,2.0,4.0,0.0,0.0,6.0,0.0,2.0,0.0,0.0,2.0,9.105,0.0,0.0,12.0
400,Na.96CoO2,1.944621669,1,Mgaultois/Sparks,Peer-reviewed literature,53.56,233.92000000000002,113.0021735088,2233.6351999999997,41.96,10.879999999999999,417.36,9.6528,6.96,8.0,7.0,0.0,21.96,0.96,4.0,3.0,0.0,7.96,56.528599999968,0.0,1.5484712,437.84000000000003,13.525252525252526,59.07070707070707,28.53590240121212,564.049292929293,10.595959595959597,2.7474747474747474,105.3939393939394,2.4375757575757575,1.7575757575757578,2.0202020202020203,1.7676767676767677,0.0,5.545454545454546,0.24242424242424243,1.0101010101010102,0.7575757575757576,0.0,2.0101010101010104,14.274898989890907,0.0,0.3910280808080808,110.56565656565657,6.8054280175492305,28.211406999285792,15.352167979185797,608.0559126619733,5.458626670747883,0.75502499744924,39.79185797367616,1.0125497398224672,0.36730945821854905,1.9997959391898787,2.6425874910723395,0.0,2.203856749311295,0.36730945821854916,0.9998979695949394,1.13253749617386,0.0,0.49994898479746985,7.257422711955923,0.0,0.5845672319151107,99.56126925823895,19.0,85.0,42.933794999999996,1713.2,15.0,2.0,100.0,2.51,1.0,4.0,7.0,0.0,8.0,1.0,2.0,3.0,0.0,2.0,20.1383333333,0.0,1.5484712,217.0,27.0,87.0,58.933195,1768.0,16.0,4.0,166.0,3.44,2.0,4.0,7.0,0.0,9.0,1.0,2.0,3.0,0.0,3.0,29.2433333333,0.0,1.5484712,229.0,8.0,2.0,15.9994,54.8,1.0,2.0,66.0,0.93,1.0,0.0,0.0,0.0,1.0,0.0,0.0,0.0,0.0,1.0,9.105,0.0,0.0,12.0,8.0,87.0,15.9994,54.8,16.0,2.0,66.0,3.44,2.0,4.0,0.0,0.0,6.0,0.0,2.0,0.0,0.0,2.0,9.105,0.0,0.0,12.0
700,Na.96CoO2,1.906228219,1,Mgaultois/Sparks,Peer-reviewed literature,53.56,233.92000000000002,113.0021735088,2233.6351999999997,41.96,10.879999999999999,417.36,9.6528,6.96,8.0,7.0,0.0,21.96,0.96,4.0,3.0,0.0,7.96,56.528599999968,0.0,1.5484712,437.84000000000003,13.525252525252526,59.07070707070707,28.53590240121212,564.049292929293,10.595959595959597,2.7474747474747474,105.3939393939394,2.4375757575757575,1.7575757575757578,2.0202020202020203,1.7676767676767677,0.0,5.545454545454546,0.24242424242424243,1.0101010101010102,0.7575757575757576,0.0,2.0101010101010104,14.274898989890907,0.0,0.3910280808080808,110.56565656565657,6.8054280175492305,28.211406999285792,15.352167979185797,608.0559126619733,5.458626670747883,0.75502499744924,39.79185797367616,1.0125497398224672,0.36730945821854905,1.9997959391898787,2.6425874910723395,0.0,2.203856749311295,0.36730945821854916,0.9998979695949394,1.13253749617386,0.0,0.49994898479746985,7.257422711955923,0.0,0.5845672319151107,99.56126925823895,19.0,85.0,42.933794999999996,1713.2,15.0,2.0,100.0,2.51,1.0,4.0,7.0,0.0,8.0,1.0,2.0,3.0,0.0,2.0,20.1383333333,0.0,1.5484712,217.0,27.0,87.0,58.933195,1768.0,16.0,4.0,166.0,3.44,2.0,4.0,7.0,0.0,9.0,1.0,2.0,3.0,0.0,3.0,29.2433333333,0.0,1.5484712,229.0,8.0,2.0,15.9994,54.8,1.0,2.0,66.0,0.93,1.0,0.0,0.0,0.0,1.0,0.0,0.0,0.0,0.0,1.0,9.105,0.0,0.0,12.0,8.0,87.0,15.9994,54.8,16.0,2.0,66.0,3.44,2.0,4.0,0.0,0.0,6.0,0.0,2.0,0.0,0.0,2.0,9.105,0.0,0.0,12.0
1000,Na.96CoO2,1.882066165,1,Mgaultois/Sparks,Peer-reviewed literature,53.56,233.92000000000002,113.0021735088,2233.6351999999997,41.96,10.879999999999999,417.36,9.6528,6.96,8.0,7.0,0.0,21.96,0.96,4.0,3.0,0.0,7.96,56.528599999968,0.0,1.5484712,437.84000000000003,13.525252525252526,59.07070707070707,28.53590240121212,564.049292929293,10.595959595959597,2.7474747474747474,105.3939393939394,2.4375757575757575,1.7575757575757578,2.0202020202020203,1.7676767676767677,0.0,5.545454545454546,0.24242424242424243,1.0101010101010102,0.7575757575757576,0.0,2.0101010101010104,14.274898989890907,0.0,0.3910280808080808,110.56565656565657,6.8054280175492305,28.211406999285792,15.352167979185797,608.0559126619733,5.458626670747883,0.75502499744924,39.79185797367616,1.0125497398224672,0.36730945821854905,1.9997959391898787,2.6425874910723395,0.0,2.203856749311295,0.36730945821854916,0.9998979695949394,1.13253749617386,0.0,0.49994898479746985,7.257422711955923,0.0,0.5845672319151107,99.56126925823895,19.0,85.0,42.933794999999996,1713.2,15.0,2.0,100.0,2.51,1.0,4.0,7.0,0.0,8.0,1.0,2.0,3.0,0.0,2.0,20.1383333333,0.0,1.5484712,217.0,27.0,87.0,58.933195,1768.0,16.0,4.0,166.0,3.44,2.0,4.0,7.0,0.0,9.0,1.0,2.0,3.0,0.0,3.0,29.2433333333,0.0,1.5484712,229.0,8.0,2.0,15.9994,54.8,1.0,2.0,66.0,0.93,1.0,0.0,0.0,0.0,1.0,0.0,0.0,0.0,0.0,1.0,9.105,0.0,0.0,12.0,8.0,87.0,15.9994,54.8,16.0,2.0,66.0,3.44,2.0,4.0,0.0,0.0,6.0,0.0,2.0,0.0,0.0,2.0,9.105,0.0,0.0,12.0
300,Na.94CoO2,1.976336082,1,Mgaultois/Sparks,Peer-reviewed literature,53.34,233.88,112.5423781232,2226.2178,41.94,10.82,414.03999999999996,9.6342,6.9399999999999995,8.0,7.0,0.0,21.939999999999998,0.94,4.0,3.0,0.0,7.9399999999999995,55.943733333302,0.0,1.5484712,433.26,13.538071065989847,59.36040609137055,28.564055361218273,565.0298984771573,10.644670050761421,2.746192893401015,105.08629441624365,2.445228426395939,1.7614213197969542,2.030456852791878,1.7766497461928932,0.0,5.568527918781726,0.23857868020304568,1.015228426395939,0.7614213197969543,0.0,2.015228426395939,14.198917089670559,0.0,0.39301299492385783,109.96446700507613,6.833466463964543,28.06050143008065,15.415806923239453,610.6447215851992,5.436883197196527,0.7575562369553454,39.681517173851425,1.0099203792934628,0.3633177871112372,1.9995361900590067,2.651446829343709,0.0,2.1799067226674222,0.3633177871112371,0.9997680950295034,1.136334355433018,0.0,0.4998840475147517,7.178553943660749,0.0,0.5865270076528639,99.45631168028034,19.0,85.0,42.933794999999996,1713.2,15.0,2.0,100.0,2.51,1.0,4.0,7.0,0.0,8.0,1.0,2.0,3.0,0.0,2.0,20.1383333333,0.0,1.5484712,217.0,27.0,87.0,58.933195,1768.0,16.0,4.0,166.0,3.44,2.0,4.0,7.0,0.0,9.0,1.0,2.0,3.0,0.0,3.0,29.2433333333,0.0,1.5484712,229.0,8.0,2.0,15.9994,54.8,1.0,2.0,66.0,0.93,1.0,0.0,0.0,0.0,1.0,0.0,0.0,0.0,0.0,1.0,9.105,0.0,0.0,12.0,8.0,87.0,15.9994,54.8,16.0,2.0,66.0,3.44,2.0,4.0,0.0,0.0,6.0,0.0,2.0,0.0,0.0,2.0,9.105,0.0,0.0,12.0
400,Na.94CoO2,1.955068454,1,Mgaultois/Sparks,Peer-reviewed literature,53.34,233.88,112.5423781232,2226.2178,41.94,10.82,414.03999999999996,9.6342,6.9399999999999995,8.0,7.0,0.0,21.939999999999998,0.94,4.0,3.0,0.0,7.9399999999999995,55.943733333302,0.0,1.5484712,433.26,13.538071065989847,59.36040609137055,28.564055361218273,565.0298984771573,10.644670050761421,2.746192893401015,105.08629441624365,2.445228426395939,1.7614213197969542,2.030456852791878,1.7766497461928932,0.0,5.568527918781726,0.23857868020304568,1.015228426395939,0.7614213197969543,0.0,2.015228426395939,14.198917089670559,0.0,0.39301299492385783,109.96446700507613,6.833466463964543,28.06050143008065,15.415806923239453,610.6447215851992,5.436883197196527,0.7575562369553454,39.681517173851425,1.0099203792934628,0.3633177871112372,1.9995361900590067,2.651446829343709,0.0,2.1799067226674222,0.3633177871112371,0.9997680950295034,1.136334355433018,0.0,0.4998840475147517,7.178553943660749,0.0,0.5865270076528639,99.45631168028034,19.0,85.0,42.933794999999996,1713.2,15.0,2.0,100.0,2.51,1.0,4.0,7.0,0.0,8.0,1.0,2.0,3.0,0.0,2.0,20.1383333333,0.0,1.5484712,217.0,27.0,87.0,58.933195,1768.0,16.0,4.0,166.0,3.44,2.0,4.0,7.0,0.0,9.0,1.0,2.0,3.0,0.0,3.0,29.2433333333,0.0,1.5484712,229.0,8.0,2.0,15.9994,54.8,1.0,2.0,66.0,0.93,1.0,0.0,0.0,0.0,1.0,0.0,0.0,0.0,0.0,1.0,9.105,0.0,0.0,12.0,8.0,87.0,15.9994,54.8,16.0,2.0,66.0,3.44,2.0,4.0,0.0,0.0,6.0,0.0,2.0,0.0,0.0,2.0,9.105,0.0,0.0,12.0
700,Na.94CoO2,1.918652692,1,Mgaultois/Sparks,Peer-reviewed literature,53.34,233.88,112.5423781232,2226.2178,41.94,10.82,414.03999999999996,9.6342,6.9399999999999995,8.0,7.0,0.0,21.939999999999998,0.94,4.0,3.0,0.0,7.9399999999999995,55.943733333302,0.0,1.5484712,433.26,13.538071065989847,59.36040609137055,28.564055361218273,565.0298984771573,10.644670050761421,2.746192893401015,105.08629441624365,2.445228426395939,1.7614213197969542,2.030456852791878,1.7766497461928932,0.0,5.568527918781726,0.23857868020304568,1.015228426395939,0.7614213197969543,0.0,2.015228426395939,14.198917089670559,0.0,0.39301299492385783,109.96446700507613,6.833466463964543,28.06050143008065,15.415806923239453,610.6447215851992,5.436883197196527,0.7575562369553454,39.681517173851425,1.0099203792934628,0.3633177871112372,1.9995361900590067,2.651446829343709,0.0,2.1799067226674222,0.3633177871112371,0.9997680950295034,1.136334355433018,0.0,0.4998840475147517,7.178553943660749,0.0,0.5865270076528639,99.45631168028034,19.0,85.0,42.933794999999996,1713.2,15.0,2.0,100.0,2.51,1.0,4.0,7.0,0.0,8.0,1.0,2.0,3.0,0.0,2.0,20.1383333333,0.0,1.5484712,217.0,27.0,87.0,58.933195,1768.0,16.0,4.0,166.0,3.44,2.0,4.0,7.0,0.0,9.0,1.0,2.0,3.0,0.0,3.0,29.2433333333,0.0,1.5484712,229.0,8.0,2.0,15.9994,54.8,1.0,2.0,66.0,0.93,1.0,0.0,0.0,0.0,1.0,0.0,0.0,0.0,0.0,1.0,9.105,0.0,0.0,12.0,8.0,87.0,15.9994,54.8,16.0,2.0,66.0,3.44,2.0,4.0,0.0,0.0,6.0,0.0,2.0,0.0,0.0,2.0,9.105,0.0,0.0,12.0
1000,Na.94CoO2,1.894830572,1,Mgaultois/Sparks,Peer-reviewed literature,53.34,233.88,112.5423781232,2226.2178,41.94,10.82,414.03999999999996,9.6342,6.9399999999999995,8.0,7.0,0.0,21.939999999999998,0.94,4.0,3.0,0.0,7.9399999999999995,55.943733333302,0.0,1.5484712,433.26,13.538071065989847,59.36040609137055,28.564055361218273,565.0298984771573,10.644670050761421,2.746192893401015,105.08629441624365,2.445228426395939,1.7614213197969542,2.030456852791878,1.7766497461928932,0.0,5.568527918781726,0.23857868020304568,1.015228426395939,0.7614213197969543,0.0,2.015228426395939,14.198917089670559,0.0,0.39301299492385783,109.96446700507613,6.833466463964543,28.06050143008065,15.415806923239453,610.6447215851992,5.436883197196527,0.7575562369553454,39.681517173851425,1.0099203792934628,0.3633177871112372,1.9995361900590067,2.651446829343709,0.0,2.1799067226674222,0.3633177871112371,0.9997680950295034,1.136334355433018,0.0,0.4998840475147517,7.178553943660749,0.0,0.5865270076528639,99.45631168028034,19.0,85.0,42.933794999999996,1713.2,15.0,2.0,100.0,2.51,1.0,4.0,7.0,0.0,8.0,1.0,2.0,3.0,0.0,2.0,20.1383333333,0.0,1.5484712,217.0,27.0,87.0,58.933195,1768.0,16.0,4.0,166.0,3.44,2.0,4.0,7.0,0.0,9.0,1.0,2.0,3.0,0.0,3.0,29.2433333333,0.0,1.5484712,229.0,8.0,2.0,15.9994,54.8,1.0,2.0,66.0,0.93,1.0,0.0,0.0,0.0,1.0,0.0,0.0,0.0,0.0,1.0,9.105,0.0,0.0,12.0,8.0,87.0,15.9994,54.8,16.0,2.0,66.0,3.44,2.0,4.0,0.0,0.0,6.0,0.0,2.0,0.0,0.0,2.0,9.105,0.0,0.0,12.0
